Fecha,IPC_Nivel,TPM_Porcentaje,TBP_Porcentaje,TAN_Porcentaje,Credito_Sistema_Financiero,Tipo_Cambio_Compra,Tipo_Cambio_Venta
1976-01-31,0.46341811,,,,,,
1976-02-29,0.4672944,,,,,,
1976-03-31,0.46588399,,,,,,
1976-04-30,0.46889162,,,,,,
1976-05-31,0.4680323,,,,,,
1976-06-30,0.47413163,,,,,,
1976-07-31,0.47599972,,,,,,
1976-08-31,0.47804529,,,,,,
1976-09-30,0.47381405,,,,,,
1976-10-31,0.47240364,,,,,,
1976-11-30,0.47376735,,,,,,
1976-12-31,0.47541127,,,,,,
1977-01-31,0.47768101,,,,,,
1977-02-28,0.47946504,,,,,,
1977-03-31,0.48315452,,,,,,
1977-04-30,0.48879617,,,,,,
1977-05-31,0.48925385,,,,,,
1977-06-30,0.49667952,,,,,,
1977-07-31,0.49777236,,,,,,
1977-08-31,0.49558669,,,,,,
1977-09-30,0.49422298,,,,,,
1977-10-31,0.49398947,,,,,,
1977-11-30,0.49626854,,,,,,
1977-12-31,0.50036901,,,,,,
1978-01-31,0.50515133,,,,,,
1978-02-28,0.50397443,,,,,,
1978-03-31,0.50546891,,,,,,
1978-04-30,0.5113067,,,,,,
1978-05-31,0.51745273,,,,,,
1978-06-30,0.52460753,,,,,,
1978-07-31,0.52633552,,,,,,
1978-08-31,0.52291691,,,,,,
1978-09-30,0.52834372,,,,,,
1978-10-31,0.52956732,,,,,,
1978-11-30,0.53162222,,,,,,
1978-12-31,0.54096269,,,,,,
1979-01-31,0.54441867,,,,,,
1979-02-28,0.54405439,,,,,,
1979-03-31,0.5442412,,,,,,
1979-04-30,0.54797739,,,,,,
1979-05-31,0.55339486,,,,,,
1979-06-30,0.5668358,,,,,,
1979-07-31,0.57071209,,,,,,
1979-08-31,0.56989013,,,,,,
1979-09-30,0.57594276,,,,,,
1979-10-31,0.58929029,,,,,,
1979-11-30,0.60259112,,,,,,
1979-12-31,0.6121184,,,,,,
1980-01-31,0.62369124,,,,,,
1980-02-29,0.62678294,,,,,,
1980-03-31,0.65061048,,,,,,
1980-04-30,0.65293626,,,,,,
1980-05-31,0.6553928,,,,,,
1980-06-30,0.67306497,,,,,,
1980-07-31,0.67931375,,,,,,
1980-08-31,0.68026647,,,,,,
1980-09-30,0.68896245,,,,,,
1980-10-31,0.69679911,,,,,,
1980-11-30,0.70914721,,,,,,
1980-12-31,0.72099093,,,,,,
1981-01-31,0.75652208,,,,,,
1981-02-28,0.77493214,,,,,,
1981-03-26,,,20.5,,,,
1981-03-27,,,20.5,,,,
1981-03-28,,,20.5,,,,
1981-03-29,,,20.5,,,,
1981-03-30,,,20.5,,,,
1981-03-31,0.7891857,,20.5,,,,
1981-04-01,,,20.5,,,,
1981-04-02,,,20.5,,,,
1981-04-03,,,20.5,,,,
1981-04-04,,,20.5,,,,
1981-04-05,,,20.5,,,,
1981-04-06,,,20.5,,,,
1981-04-07,,,20.5,,,,
1981-04-08,,,20.5,,,,
1981-04-09,,,20.5,,,,
1981-04-10,,,20.5,,,,
1981-04-11,,,20.5,,,,
1981-04-12,,,20.5,,,,
1981-04-13,,,20.5,,,,
1981-04-14,,,20.5,,,,
1981-04-15,,,20.5,,,,
1981-04-16,,,20.5,,,,
1981-04-17,,,20.5,,,,
1981-04-18,,,20.5,,,,
1981-04-19,,,20.5,,,,
1981-04-20,,,20.5,,,,
1981-04-21,,,20.5,,,,
1981-04-22,,,20.5,,,,
1981-04-23,,,20.5,,,,
1981-04-24,,,20.5,,,,
1981-04-25,,,20.5,,,,
1981-04-26,,,20.5,,,,
1981-04-27,,,20.5,,,,
1981-04-28,,,20.5,,,,
1981-04-29,,,20.5,,,,
1981-04-30,0.81428355,,20.5,,,,
1981-05-01,,,20.5,,,,
1981-05-02,,,20.5,,,,
1981-05-03,,,20.5,,,,
1981-05-04,,,20.5,,,,
1981-05-05,,,20.5,,,,
1981-05-06,,,20.5,,,,
1981-05-07,,,20.5,,,,
1981-05-08,,,20.5,,,,
1981-05-09,,,20.5,,,,
1981-05-10,,,20.5,,,,
1981-05-11,,,20.5,,,,
1981-05-12,,,20.5,,,,
1981-05-13,,,20.5,,,,
1981-05-14,,,20.5,,,,
1981-05-15,,,20.5,,,,
1981-05-16,,,20.5,,,,
1981-05-17,,,20.5,,,,
1981-05-18,,,20.5,,,,
1981-05-19,,,20.5,,,,
1981-05-20,,,20.5,,,,
1981-05-21,,,20.5,,,,
1981-05-22,,,20.5,,,,
1981-05-23,,,20.5,,,,
1981-05-24,,,20.5,,,,
1981-05-25,,,20.5,,,,
1981-05-26,,,20.5,,,,
1981-05-27,,,20.5,,,,
1981-05-28,,,20.5,,,,
1981-05-29,,,20.5,,,,
1981-05-30,,,20.5,,,,
1981-05-31,0.85232728,,20.5,,,,
1981-06-01,,,20.5,,,,
1981-06-02,,,20.5,,,,
1981-06-03,,,20.5,,,,
1981-06-04,,,20.5,,,,
1981-06-05,,,20.5,,,,
1981-06-06,,,20.5,,,,
1981-06-07,,,20.5,,,,
1981-06-08,,,20.5,,,,
1981-06-09,,,20.5,,,,
1981-06-10,,,20.5,,,,
1981-06-11,,,20.5,,,,
1981-06-12,,,20.5,,,,
1981-06-13,,,20.5,,,,
1981-06-14,,,20.5,,,,
1981-06-15,,,20.5,,,,
1981-06-16,,,20.5,,,,
1981-06-17,,,20.5,,,,
1981-06-18,,,20.5,,,,
1981-06-19,,,20.5,,,,
1981-06-20,,,20.5,,,,
1981-06-21,,,20.5,,,,
1981-06-22,,,20.5,,,,
1981-06-23,,,20.5,,,,
1981-06-24,,,20.5,,,,
1981-06-25,,,20.5,,,,
1981-06-26,,,20.5,,,,
1981-06-27,,,20.5,,,,
1981-06-28,,,20.5,,,,
1981-06-29,,,20.5,,,,
1981-06-30,0.87842456,,20.5,,,,
1981-07-01,,,20.5,,,,
1981-07-02,,,20.5,,,,
1981-07-03,,,20.5,,,,
1981-07-04,,,20.5,,,,
1981-07-05,,,20.5,,,,
1981-07-06,,,20.5,,,,
1981-07-07,,,20.5,,,,
1981-07-08,,,20.5,,,,
1981-07-09,,,20.5,,,,
1981-07-10,,,20.5,,,,
1981-07-11,,,20.5,,,,
1981-07-12,,,20.5,,,,
1981-07-13,,,20.5,,,,
1981-07-14,,,20.5,,,,
1981-07-15,,,20.5,,,,
1981-07-16,,,20.5,,,,
1981-07-17,,,20.5,,,,
1981-07-18,,,20.5,,,,
1981-07-19,,,20.5,,,,
1981-07-20,,,20.5,,,,
1981-07-21,,,20.5,,,,
1981-07-22,,,20.5,,,,
1981-07-23,,,20.5,,,,
1981-07-24,,,20.5,,,,
1981-07-25,,,20.5,,,,
1981-07-26,,,20.5,,,,
1981-07-27,,,20.5,,,,
1981-07-28,,,20.5,,,,
1981-07-29,,,20.5,,,,
1981-07-30,,,20.5,,,,
1981-07-31,0.93059109,,20.5,,,,
1981-08-01,,,20.5,,,,
1981-08-02,,,20.5,,,,
1981-08-03,,,20.5,,,,
1981-08-04,,,20.5,,,,
1981-08-05,,,20.5,,,,
1981-08-06,,,20.5,,,,
1981-08-07,,,20.5,,,,
1981-08-08,,,20.5,,,,
1981-08-09,,,20.5,,,,
1981-08-10,,,20.5,,,,
1981-08-11,,,20.5,,,,
1981-08-12,,,20.5,,,,
1981-08-13,,,20.5,,,,
1981-08-14,,,20.5,,,,
1981-08-15,,,20.5,,,,
1981-08-16,,,20.5,,,,
1981-08-17,,,20.5,,,,
1981-08-18,,,20.5,,,,
1981-08-19,,,20.5,,,,
1981-08-20,,,20.5,,,,
1981-08-21,,,20.5,,,,
1981-08-22,,,20.5,,,,
1981-08-23,,,20.5,,,,
1981-08-24,,,20.5,,,,
1981-08-25,,,20.5,,,,
1981-08-26,,,20.5,,,,
1981-08-27,,,20.5,,,,
1981-08-28,,,20.5,,,,
1981-08-29,,,20.5,,,,
1981-08-30,,,20.5,,,,
1981-08-31,0.94593748,,20.5,,,,
1981-09-01,,,20.5,,,,
1981-09-02,,,20.5,,,,
1981-09-03,,,20.5,,,,
1981-09-04,,,21.5,,,,
1981-09-05,,,21.5,,,,
1981-09-06,,,21.5,,,,
1981-09-07,,,21.5,,,,
1981-09-08,,,21.5,,,,
1981-09-09,,,21.5,,,,
1981-09-10,,,21.5,,,,
1981-09-11,,,21.5,,,,
1981-09-12,,,21.5,,,,
1981-09-13,,,21.5,,,,
1981-09-14,,,21.5,,,,
1981-09-15,,,21.5,,,,
1981-09-16,,,21.5,,,,
1981-09-17,,,21.5,,,,
1981-09-18,,,21.5,,,,
1981-09-19,,,21.5,,,,
1981-09-20,,,21.5,,,,
1981-09-21,,,21.5,,,,
1981-09-22,,,21.5,,,,
1981-09-23,,,21.5,,,,
1981-09-24,,,21.5,,,,
1981-09-25,,,21.5,,,,
1981-09-26,,,21.5,,,,
1981-09-27,,,21.5,,,,
1981-09-28,,,21.5,,,,
1981-09-29,,,21.5,,,,
1981-09-30,0.96853208,,21.5,,,,
1981-10-01,,,21.5,,,,
1981-10-02,,,21.5,,,,
1981-10-03,,,21.5,,,,
1981-10-04,,,21.5,,,,
1981-10-05,,,21.5,,,,
1981-10-06,,,21.5,,,,
1981-10-07,,,21.5,,,,
1981-10-08,,,21.5,,,,
1981-10-09,,,21.5,,,,
1981-10-10,,,21.5,,,,
1981-10-11,,,21.5,,,,
1981-10-12,,,21.5,,,,
1981-10-13,,,21.5,,,,
1981-10-14,,,21.5,,,,
1981-10-15,,,21.5,,,,
1981-10-16,,,21.5,,,,
1981-10-17,,,21.5,,,,
1981-10-18,,,21.5,,,,
1981-10-19,,,21.5,,,,
1981-10-20,,,21.5,,,,
1981-10-21,,,21.5,,,,
1981-10-22,,,21.5,,,,
1981-10-23,,,21.5,,,,
1981-10-24,,,21.5,,,,
1981-10-25,,,21.5,,,,
1981-10-26,,,21.5,,,,
1981-10-27,,,21.5,,,,
1981-10-28,,,21.5,,,,
1981-10-29,,,21.5,,,,
1981-10-30,,,21.5,,,,
1981-10-31,1.03786639,,21.5,,,,
1981-11-01,,,21.5,,,,
1981-11-02,,,21.5,,,,
1981-11-03,,,21.5,,,,
1981-11-04,,,21.5,,,,
1981-11-05,,,21.5,,,,
1981-11-06,,,21.5,,,,
1981-11-07,,,21.5,,,,
1981-11-08,,,21.5,,,,
1981-11-09,,,21.5,,,,
1981-11-10,,,21.5,,,,
1981-11-11,,,21.5,,,,
1981-11-12,,,21.5,,,,
1981-11-13,,,21.5,,,,
1981-11-14,,,21.5,,,,
1981-11-15,,,21.5,,,,
1981-11-16,,,21.5,,,,
1981-11-17,,,21.5,,,,
1981-11-18,,,21.5,,,,
1981-11-19,,,21.5,,,,
1981-11-20,,,21.5,,,,
1981-11-21,,,21.5,,,,
1981-11-22,,,21.5,,,,
1981-11-23,,,21.5,,,,
1981-11-24,,,21.5,,,,
1981-11-25,,,21.5,,,,
1981-11-26,,,21.5,,,,
1981-11-27,,,21.5,,,,
1981-11-28,,,21.5,,,,
1981-11-29,,,21.5,,,,
1981-11-30,1.10510844,,21.5,,,,
1981-12-01,,,21.5,,,,
1981-12-02,,,21.5,,,,
1981-12-03,,,21.5,,,,
1981-12-04,,,21.5,,,,
1981-12-05,,,21.5,,,,
1981-12-06,,,21.5,,,,
1981-12-07,,,21.5,,,,
1981-12-08,,,21.5,,,,
1981-12-09,,,21.5,,,,
1981-12-10,,,21.5,,,,
1981-12-11,,,21.5,,,,
1981-12-12,,,21.5,,,,
1981-12-13,,,21.5,,,,
1981-12-14,,,21.5,,,,
1981-12-15,,,21.5,,,,
1981-12-16,,,21.5,,,,
1981-12-17,,,21.5,,,,
1981-12-18,,,21.5,,,,
1981-12-19,,,21.5,,,,
1981-12-20,,,21.5,,,,
1981-12-21,,,21.5,,,,
1981-12-22,,,21.5,,,,
1981-12-23,,,21.5,,,,
1981-12-24,,,21.5,,,,
1981-12-25,,,21.5,,,,
1981-12-26,,,21.5,,,,
1981-12-27,,,21.5,,,,
1981-12-28,,,21.5,,,,
1981-12-29,,,21.5,,,,
1981-12-30,,,21.5,,,,
1981-12-31,1.19029353,,21.5,,,,
1982-01-01,,,21.5,,,,
1982-01-02,,,21.5,,,,
1982-01-03,,,21.5,,,,
1982-01-04,,,21.5,,,,
1982-01-05,,,21.5,,,,
1982-01-06,,,21.5,,,,
1982-01-07,,,21.5,,,,
1982-01-08,,,21.5,,,,
1982-01-09,,,21.5,,,,
1982-01-10,,,21.5,,,,
1982-01-11,,,21.5,,,,
1982-01-12,,,21.5,,,,
1982-01-13,,,21.5,,,,
1982-01-14,,,21.5,,,,
1982-01-15,,,21.5,,,,
1982-01-16,,,21.5,,,,
1982-01-17,,,21.5,,,,
1982-01-18,,,21.5,,,,
1982-01-19,,,21.5,,,,
1982-01-20,,,21.5,,,,
1982-01-21,,,21.5,,,,
1982-01-22,,,21.5,,,,
1982-01-23,,,21.5,,,,
1982-01-24,,,21.5,,,,
1982-01-25,,,21.5,,,,
1982-01-26,,,21.5,,,,
1982-01-27,,,21.5,,,,
1982-01-28,,,21.5,,,,
1982-01-29,,,21.5,,,,
1982-01-30,,,21.5,,,,
1982-01-31,1.30695601,,21.5,,,,
1982-02-01,,,21.5,,,,
1982-02-02,,,21.5,,,,
1982-02-03,,,21.5,,,,
1982-02-04,,,21.5,,,,
1982-02-05,,,21.5,,,,
1982-02-06,,,21.5,,,,
1982-02-07,,,21.5,,,,
1982-02-08,,,21.5,,,,
1982-02-09,,,21.5,,,,
1982-02-10,,,21.5,,,,
1982-02-11,,,21.5,,,,
1982-02-12,,,21.5,,,,
1982-02-13,,,21.5,,,,
1982-02-14,,,21.5,,,,
1982-02-15,,,21.5,,,,
1982-02-16,,,21.5,,,,
1982-02-17,,,21.5,,,,
1982-02-18,,,21.5,,,,
1982-02-19,,,21.5,,,,
1982-02-20,,,21.5,,,,
1982-02-21,,,21.5,,,,
1982-02-22,,,21.5,,,,
1982-02-23,,,21.5,,,,
1982-02-24,,,21.5,,,,
1982-02-25,,,21.5,,,,
1982-02-26,,,21.5,,,,
1982-02-27,,,21.5,,,,
1982-02-28,1.3508749,,21.5,,,,
1982-03-01,,,21.5,,,,
1982-03-02,,,21.5,,,,
1982-03-03,,,21.5,,,,
1982-03-04,,,21.5,,,,
1982-03-05,,,21.5,,,,
1982-03-06,,,21.5,,,,
1982-03-07,,,21.5,,,,
1982-03-08,,,21.5,,,,
1982-03-09,,,21.5,,,,
1982-03-10,,,21.5,,,,
1982-03-11,,,21.5,,,,
1982-03-12,,,21.5,,,,
1982-03-13,,,21.5,,,,
1982-03-14,,,21.5,,,,
1982-03-15,,,21.5,,,,
1982-03-16,,,21.5,,,,
1982-03-17,,,21.5,,,,
1982-03-18,,,21.5,,,,
1982-03-19,,,21.5,,,,
1982-03-20,,,21.5,,,,
1982-03-21,,,21.5,,,,
1982-03-22,,,21.5,,,,
1982-03-23,,,21.5,,,,
1982-03-24,,,21.5,,,,
1982-03-25,,,21.5,,,,
1982-03-26,,,21.5,,,,
1982-03-27,,,21.5,,,,
1982-03-28,,,21.5,,,,
1982-03-29,,,21.5,,,,
1982-03-30,,,21.5,,,,
1982-03-31,1.43788138,,21.5,,,,
1982-04-01,,,21.5,,,,
1982-04-02,,,21.5,,,,
1982-04-03,,,21.5,,,,
1982-04-04,,,21.5,,,,
1982-04-05,,,21.5,,,,
1982-04-06,,,21.5,,,,
1982-04-07,,,21.5,,,,
1982-04-08,,,21.5,,,,
1982-04-09,,,21.5,,,,
1982-04-10,,,21.5,,,,
1982-04-11,,,21.5,,,,
1982-04-12,,,21.5,,,,
1982-04-13,,,21.5,,,,
1982-04-14,,,21.5,,,,
1982-04-15,,,21.5,,,,
1982-04-16,,,21.5,,,,
1982-04-17,,,21.5,,,,
1982-04-18,,,21.5,,,,
1982-04-19,,,21.5,,,,
1982-04-20,,,21.5,,,,
1982-04-21,,,21.5,,,,
1982-04-22,,,21.5,,,,
1982-04-23,,,21.5,,,,
1982-04-24,,,21.5,,,,
1982-04-25,,,21.5,,,,
1982-04-26,,,21.5,,,,
1982-04-27,,,21.5,,,,
1982-04-28,,,21.5,,,,
1982-04-29,,,21.5,,,,
1982-04-30,1.49682909,,21.5,,,,
1982-05-01,,,21.5,,,,
1982-05-02,,,21.5,,,,
1982-05-03,,,21.5,,,,
1982-05-04,,,21.5,,,,
1982-05-05,,,21.5,,,,
1982-05-06,,,21.5,,,,
1982-05-07,,,21.5,,,,
1982-05-08,,,21.5,,,,
1982-05-09,,,21.5,,,,
1982-05-10,,,21.5,,,,
1982-05-11,,,21.5,,,,
1982-05-12,,,21.5,,,,
1982-05-13,,,21.5,,,,
1982-05-14,,,21.5,,,,
1982-05-15,,,21.5,,,,
1982-05-16,,,21.5,,,,
1982-05-17,,,21.5,,,,
1982-05-18,,,21.5,,,,
1982-05-19,,,21.5,,,,
1982-05-20,,,21.5,,,,
1982-05-21,,,21.5,,,,
1982-05-22,,,21.5,,,,
1982-05-23,,,21.5,,,,
1982-05-24,,,21.5,,,,
1982-05-25,,,21.5,,,,
1982-05-26,,,21.5,,,,
1982-05-27,,,21.5,,,,
1982-05-28,,,21.5,,,,
1982-05-29,,,21.5,,,,
1982-05-30,,,21.5,,,,
1982-05-31,1.5700397,,21.5,,,,
1982-06-01,,,21.5,,,,
1982-06-02,,,21.5,,,,
1982-06-03,,,21.5,,,,
1982-06-04,,,21.5,,,,
1982-06-05,,,21.5,,,,
1982-06-06,,,21.5,,,,
1982-06-07,,,21.5,,,,
1982-06-08,,,21.5,,,,
1982-06-09,,,21.5,,,,
1982-06-10,,,21.5,,,,
1982-06-11,,,21.5,,,,
1982-06-12,,,21.5,,,,
1982-06-13,,,21.5,,,,
1982-06-14,,,21.5,,,,
1982-06-15,,,21.5,,,,
1982-06-16,,,21.5,,,,
1982-06-17,,,21.5,,,,
1982-06-18,,,21.5,,,,
1982-06-19,,,21.5,,,,
1982-06-20,,,21.5,,,,
1982-06-21,,,21.5,,,,
1982-06-22,,,21.5,,,,
1982-06-23,,,21.5,,,,
1982-06-24,,,21.5,,,,
1982-06-25,,,21.5,,,,
1982-06-26,,,21.5,,,,
1982-06-27,,,21.5,,,,
1982-06-28,,,21.5,,,,
1982-06-29,,,21.5,,,,
1982-06-30,1.67349475,,21.5,,,,
1982-07-01,,,21.5,,,,
1982-07-02,,,21.5,,,,
1982-07-03,,,21.5,,,,
1982-07-04,,,21.5,,,,
1982-07-05,,,21.5,,,,
1982-07-06,,,21.5,,,,
1982-07-07,,,21.5,,,,
1982-07-08,,,21.5,,,,
1982-07-09,,,21.5,,,,
1982-07-10,,,21.5,,,,
1982-07-11,,,21.5,,,,
1982-07-12,,,21.5,,,,
1982-07-13,,,21.5,,,,
1982-07-14,,,21.5,,,,
1982-07-15,,,21.5,,,,
1982-07-16,,,21.5,,,,
1982-07-17,,,21.5,,,,
1982-07-18,,,21.5,,,,
1982-07-19,,,21.5,,,,
1982-07-20,,,21.5,,,,
1982-07-21,,,21.5,,,,
1982-07-22,,,21.5,,,,
1982-07-23,,,21.5,,,,
1982-07-24,,,21.5,,,,
1982-07-25,,,21.5,,,,
1982-07-26,,,21.5,,,,
1982-07-27,,,21.5,,,,
1982-07-28,,,21.5,,,,
1982-07-29,,,21.5,,,,
1982-07-30,,,21.5,,,,
1982-07-31,1.8530653,,21.5,,,,
1982-08-01,,,21.5,,,,
1982-08-02,,,21.5,,,,
1982-08-03,,,21.5,,,,
1982-08-04,,,21.5,,,,
1982-08-05,,,21.5,,,,
1982-08-06,,,21.5,,,,
1982-08-07,,,21.5,,,,
1982-08-08,,,21.5,,,,
1982-08-09,,,21.5,,,,
1982-08-10,,,21.5,,,,
1982-08-11,,,21.5,,,,
1982-08-12,,,21.5,,,,
1982-08-13,,,21.5,,,,
1982-08-14,,,21.5,,,,
1982-08-15,,,21.5,,,,
1982-08-16,,,21.5,,,,
1982-08-17,,,21.5,,,,
1982-08-18,,,21.5,,,,
1982-08-19,,,21.5,,,,
1982-08-20,,,21.5,,,,
1982-08-21,,,21.5,,,,
1982-08-22,,,21.5,,,,
1982-08-23,,,21.5,,,,
1982-08-24,,,21.5,,,,
1982-08-25,,,21.5,,,,
1982-08-26,,,21.5,,,,
1982-08-27,,,21.5,,,,
1982-08-28,,,21.5,,,,
1982-08-29,,,21.5,,,,
1982-08-30,,,21.5,,,,
1982-08-31,1.91975626,,21.5,,,,
1982-09-01,,,21.5,,,,
1982-09-02,,,21.5,,,,
1982-09-03,,,21.5,,,,
1982-09-04,,,21.5,,,,
1982-09-05,,,21.5,,,,
1982-09-06,,,21.5,,,,
1982-09-07,,,21.5,,,,
1982-09-08,,,21.5,,,,
1982-09-09,,,21.5,,,,
1982-09-10,,,21.5,,,,
1982-09-11,,,21.5,,,,
1982-09-12,,,21.5,,,,
1982-09-13,,,21.5,,,,
1982-09-14,,,21.5,,,,
1982-09-15,,,21.5,,,,
1982-09-16,,,21.5,,,,
1982-09-17,,,21.5,,,,
1982-09-18,,,21.5,,,,
1982-09-19,,,21.5,,,,
1982-09-20,,,21.5,,,,
1982-09-21,,,21.5,,,,
1982-09-22,,,21.5,,,,
1982-09-23,,,21.5,,,,
1982-09-24,,,21.5,,,,
1982-09-25,,,21.5,,,,
1982-09-26,,,21.5,,,,
1982-09-27,,,21.5,,,,
1982-09-28,,,21.5,,,,
1982-09-29,,,21.5,,,,
1982-09-30,2.02321131,,21.5,,,,
1982-10-01,,,21.5,,,,
1982-10-02,,,21.5,,,,
1982-10-03,,,21.5,,,,
1982-10-04,,,21.5,,,,
1982-10-05,,,21.5,,,,
1982-10-06,,,21.5,,,,
1982-10-07,,,21.5,,,,
1982-10-08,,,21.5,,,,
1982-10-09,,,21.5,,,,
1982-10-10,,,21.5,,,,
1982-10-11,,,21.5,,,,
1982-10-12,,,21.5,,,,
1982-10-13,,,21.5,,,,
1982-10-14,,,21.5,,,,
1982-10-15,,,21.5,,,,
1982-10-16,,,21.5,,,,
1982-10-17,,,21.5,,,,
1982-10-18,,,21.5,,,,
1982-10-19,,,21.5,,,,
1982-10-20,,,21.5,,,,
1982-10-21,,,21.5,,,,
1982-10-22,,,21.5,,,,
1982-10-23,,,21.5,,,,
1982-10-24,,,21.5,,,,
1982-10-25,,,21.5,,,,
1982-10-26,,,21.5,,,,
1982-10-27,,,21.5,,,,
1982-10-28,,,21.5,,,,
1982-10-29,,,21.5,,,,
1982-10-30,,,21.5,,,,
1982-10-31,2.08470897,,21.5,,,,
1982-11-01,,,21.5,,,,
1982-11-02,,,21.5,,,,
1982-11-03,,,21.5,,,,
1982-11-04,,,21.5,,,,
1982-11-05,,,21.5,,,,
1982-11-06,,,21.5,,,,
1982-11-07,,,21.5,,,,
1982-11-08,,,21.5,,,,
1982-11-09,,,21.5,,,,
1982-11-10,,,21.5,,,,
1982-11-11,,,21.5,,,,
1982-11-12,,,21.5,,,,
1982-11-13,,,21.5,,,,
1982-11-14,,,21.5,,,,
1982-11-15,,,21.5,,,,
1982-11-16,,,21.5,,,,
1982-11-17,,,21.5,,,,
1982-11-18,,,21.5,,,,
1982-11-19,,,21.5,,,,
1982-11-20,,,21.5,,,,
1982-11-21,,,21.5,,,,
1982-11-22,,,21.5,,,,
1982-11-23,,,21.5,,,,
1982-11-24,,,21.5,,,,
1982-11-25,,,21.5,,,,
1982-11-26,,,21.5,,,,
1982-11-27,,,21.5,,,,
1982-11-28,,,21.5,,,,
1982-11-29,,,21.5,,,,
1982-11-30,2.11683085,,21.5,,,,
1982-12-01,,,25.0,,,,
1982-12-02,,,25.0,,,,
1982-12-03,,,25.0,,,,
1982-12-04,,,25.0,,,,
1982-12-05,,,25.0,,,,
1982-12-06,,,25.0,,,,
1982-12-07,,,25.0,,,,
1982-12-08,,,25.0,,,,
1982-12-09,,,25.0,,,,
1982-12-10,,,25.0,,,,
1982-12-11,,,25.0,,,,
1982-12-12,,,25.0,,,,
1982-12-13,,,25.0,,,,
1982-12-14,,,25.0,,,,
1982-12-15,,,25.0,,,,
1982-12-16,,,25.0,,,,
1982-12-17,,,25.0,,,,
1982-12-18,,,25.0,,,,
1982-12-19,,,25.0,,,,
1982-12-20,,,25.0,,,,
1982-12-21,,,25.0,,,,
1982-12-22,,,25.0,,,,
1982-12-23,,,25.0,,,,
1982-12-24,,,25.0,,,,
1982-12-25,,,25.0,,,,
1982-12-26,,,25.0,,,,
1982-12-27,,,25.0,,,,
1982-12-28,,,25.0,,,,
1982-12-29,,,25.0,,,,
1982-12-30,,,25.0,,,,
1982-12-31,2.16338376,,25.0,,,,
1983-01-01,,,25.0,,,44.95,45.45
1983-01-02,,,25.0,,,44.95,45.45
1983-01-03,,,25.0,,,44.95,45.45
1983-01-04,,,25.0,,,44.95,45.45
1983-01-05,,,25.0,,,44.95,45.45
1983-01-06,,,25.0,,,44.95,45.45
1983-01-07,,,25.0,,,44.95,45.45
1983-01-08,,,25.0,,,44.95,45.45
1983-01-09,,,25.0,,,44.95,45.45
1983-01-10,,,25.0,,,44.95,45.45
1983-01-11,,,25.0,,,44.9,45.4
1983-01-12,,,25.0,,,44.9,45.4
1983-01-13,,,25.0,,,44.9,45.4
1983-01-14,,,25.0,,,44.9,45.4
1983-01-15,,,25.0,,,44.9,45.4
1983-01-16,,,25.0,,,44.9,45.4
1983-01-17,,,25.0,,,44.9,45.4
1983-01-18,,,25.0,,,44.85,45.35
1983-01-19,,,25.0,,,44.85,45.35
1983-01-20,,,25.0,,,44.85,45.35
1983-01-21,,,25.0,,,44.8,45.3
1983-01-22,,,25.0,,,44.8,45.3
1983-01-23,,,25.0,,,44.8,45.3
1983-01-24,,,25.0,,,44.8,45.3
1983-01-25,,,25.0,,,44.75,45.25
1983-01-26,,,25.0,,,44.75,45.25
1983-01-27,,,25.0,,,44.75,45.25
1983-01-28,,,25.0,,,44.75,45.25
1983-01-29,,,25.0,,,44.75,45.25
1983-01-30,,,25.0,,,44.75,45.25
1983-01-31,2.22005239,,25.0,,,44.75,45.25
1983-02-01,,,25.0,,,44.7,45.2
1983-02-02,,,25.0,,,44.7,45.2
1983-02-03,,,25.0,,,44.7,45.2
1983-02-04,,,25.0,,,44.7,45.2
1983-02-05,,,25.0,,,44.7,45.2
1983-02-06,,,25.0,,,44.7,45.2
1983-02-07,,,25.0,,,44.7,45.2
1983-02-08,,,25.0,,,44.7,45.2
1983-02-09,,,25.0,,,44.7,45.2
1983-02-10,,,25.0,,,44.7,45.2
1983-02-11,,,25.0,,,44.7,45.2
1983-02-12,,,25.0,,,44.7,45.2
1983-02-13,,,25.0,,,44.7,45.2
1983-02-14,,,25.0,,,44.7,45.2
1983-02-15,,,25.0,,,44.65,45.15
1983-02-16,,,25.0,,,44.65,45.15
1983-02-17,,,25.0,,,44.6,45.1
1983-02-18,,,25.0,,,44.6,45.1
1983-02-19,,,25.0,,,44.6,45.1
1983-02-20,,,25.0,,,44.6,45.1
1983-02-21,,,25.0,,,44.6,45.1
1983-02-22,,,25.0,,,44.6,45.1
1983-02-23,,,25.0,,,44.6,45.1
1983-02-24,,,25.0,,,44.6,45.1
1983-02-25,,,25.0,,,44.6,45.1
1983-02-26,,,25.0,,,44.6,45.1
1983-02-27,,,25.0,,,44.6,45.1
1983-02-28,2.24269369,,25.0,,,44.6,45.1
1983-03-01,,,25.0,,,44.6,45.1
1983-03-02,,,25.0,,,44.6,45.1
1983-03-03,,,25.0,,,44.6,45.1
1983-03-04,,,25.0,,,44.6,45.1
1983-03-05,,,25.0,,,44.5,45.0
1983-03-06,,,25.0,,,44.5,45.0
1983-03-07,,,25.0,,,44.5,45.0
1983-03-08,,,25.0,,,44.5,45.0
1983-03-09,,,25.0,,,44.5,45.0
1983-03-10,,,25.0,,,44.5,45.0
1983-03-11,,,25.0,,,44.5,45.0
1983-03-12,,,25.0,,,44.5,45.0
1983-03-13,,,25.0,,,44.5,45.0
1983-03-14,,,25.0,,,44.5,45.0
1983-03-15,,,25.0,,,44.5,45.0
1983-03-16,,,25.0,,,44.4,44.9
1983-03-17,,,25.0,,,44.4,44.9
1983-03-18,,,25.0,,,44.4,44.9
1983-03-19,,,25.0,,,44.35,44.85
1983-03-20,,,25.0,,,44.35,44.85
1983-03-21,,,25.0,,,44.35,44.85
1983-03-22,,,25.0,,,44.35,44.85
1983-03-23,,,25.0,,,44.35,44.85
1983-03-24,,,25.0,,,44.35,44.85
1983-03-25,,,25.0,,,44.35,44.85
1983-03-26,,,25.0,,,44.35,44.85
1983-03-27,,,25.0,,,44.35,44.85
1983-03-28,,,25.0,,,44.35,44.85
1983-03-29,,,25.0,,,44.25,44.75
1983-03-30,,,25.0,,,44.25,44.75
1983-03-31,2.26110376,,25.0,,,44.25,44.75
1983-04-01,,,25.0,,,44.25,44.75
1983-04-02,,,25.0,,,44.25,44.75
1983-04-03,,,25.0,,,44.25,44.75
1983-04-04,,,25.0,,,44.25,44.75
1983-04-05,,,25.0,,,44.2,44.7
1983-04-06,,,25.0,,,44.2,44.7
1983-04-07,,,25.0,,,44.2,44.7
1983-04-08,,,25.0,,,44.2,44.7
1983-04-09,,,25.0,,,44.2,44.7
1983-04-10,,,25.0,,,44.2,44.7
1983-04-11,,,25.0,,,44.2,44.7
1983-04-12,,,25.0,,,44.2,44.7
1983-04-13,,,25.0,,,44.15,44.65
1983-04-14,,,25.0,,,44.15,44.65
1983-04-15,,,25.0,,,44.15,44.65
1983-04-16,,,25.0,,,44.15,44.65
1983-04-17,,,25.0,,,44.15,44.65
1983-04-18,,,25.0,,,44.15,44.65
1983-04-19,,,25.0,,,44.15,44.65
1983-04-20,,,25.0,,,44.15,44.65
1983-04-21,,,25.0,,,44.15,44.65
1983-04-22,,,25.0,,,44.15,44.65
1983-04-23,,,25.0,,,44.15,44.65
1983-04-24,,,25.0,,,44.15,44.65
1983-04-25,,,25.0,,,44.15,44.65
1983-04-26,,,25.0,,,44.15,44.65
1983-04-27,,,25.0,,,44.15,44.65
1983-04-28,,,25.0,,,44.15,44.65
1983-04-29,,,25.0,,,44.15,44.65
1983-04-30,2.29818543,,25.0,,,44.15,44.65
1983-05-01,,,25.0,,,44.15,44.65
1983-05-02,,,25.0,,,44.15,44.65
1983-05-03,,,25.0,,,44.15,44.65
1983-05-04,,,25.0,,,44.1,44.6
1983-05-05,,,25.0,,,44.1,44.6
1983-05-06,,,25.0,,,44.1,44.6
1983-05-07,,,25.0,,,44.1,44.6
1983-05-08,,,25.0,,,44.1,44.6
1983-05-09,,,25.0,,,44.1,44.6
1983-05-10,,,25.0,,,44.1,44.6
1983-05-11,,,25.0,,,44.1,44.6
1983-05-12,,,25.0,,,44.1,44.6
1983-05-13,,,25.0,,,44.1,44.6
1983-05-14,,,25.0,,,44.1,44.6
1983-05-15,,,25.0,,,44.1,44.6
1983-05-16,,,25.0,,,44.1,44.6
1983-05-17,,,22.0,,,44.1,44.6
1983-05-18,,,22.0,,,44.1,44.6
1983-05-19,,,22.0,,,44.1,44.6
1983-05-20,,,22.0,,,44.1,44.6
1983-05-21,,,22.0,,,44.1,44.6
1983-05-22,,,22.0,,,44.1,44.6
1983-05-23,,,22.0,,,44.1,44.6
1983-05-24,,,22.0,,,44.1,44.6
1983-05-25,,,22.0,,,44.1,44.6
1983-05-26,,,22.0,,,44.1,44.6
1983-05-27,,,22.0,,,44.1,44.6
1983-05-28,,,22.0,,,44.1,44.6
1983-05-29,,,22.0,,,44.1,44.6
1983-05-30,,,22.0,,,44.1,44.6
1983-05-31,2.35631118,,22.0,,,44.1,44.6
1983-06-01,,,22.0,,,44.1,44.6
1983-06-02,,,22.0,,,44.1,44.6
1983-06-03,,,22.0,,,44.1,44.6
1983-06-04,,,22.0,,,44.1,44.6
1983-06-05,,,22.0,,,44.1,44.6
1983-06-06,,,22.0,,,44.1,44.6
1983-06-07,,,22.0,,,44.1,44.6
1983-06-08,,,22.0,,,44.1,44.6
1983-06-09,,,22.0,,,44.1,44.6
1983-06-10,,,22.0,,,44.1,44.6
1983-06-11,,,22.0,,,44.1,44.6
1983-06-12,,,22.0,,,44.1,44.6
1983-06-13,,,22.0,,,44.1,44.6
1983-06-14,,,22.0,,,44.1,44.6
1983-06-15,,,22.0,,,44.1,44.6
1983-06-16,,,22.0,,,44.1,44.6
1983-06-17,,,22.0,,,44.1,44.6
1983-06-18,,,22.0,,,44.1,44.6
1983-06-19,,,22.0,,,44.1,44.6
1983-06-20,,,22.0,,,44.1,44.6
1983-06-21,,,22.0,,,44.1,44.6
1983-06-22,,,22.0,,,44.1,44.6
1983-06-23,,,22.0,,,44.1,44.6
1983-06-24,,,22.0,,,44.1,44.6
1983-06-25,,,22.0,,,44.1,44.6
1983-06-26,,,22.0,,,44.1,44.6
1983-06-27,,,22.0,,,44.1,44.6
1983-06-28,,,22.0,,,43.1,43.6
1983-06-29,,,22.0,,,43.1,43.6
1983-06-30,2.37562727,,22.0,,,43.1,43.6
1983-07-01,,,22.0,,,43.1,43.6
1983-07-02,,,22.0,,,43.1,43.6
1983-07-03,,,22.0,,,43.1,43.6
1983-07-04,,,22.0,,,43.1,43.6
1983-07-05,,,22.0,,,43.1,43.6
1983-07-06,,,22.0,,,43.1,43.6
1983-07-07,,,22.0,,,43.1,43.6
1983-07-08,,,22.0,,,43.1,43.6
1983-07-09,,,22.0,,,43.1,43.6
1983-07-10,,,22.0,,,43.1,43.6
1983-07-11,,,22.0,,,43.1,43.6
1983-07-12,,,22.0,,,43.1,43.6
1983-07-13,,,22.0,,,43.1,43.6
1983-07-14,,,22.0,,,43.1,43.6
1983-07-15,,,22.0,,,43.1,43.6
1983-07-16,,,22.0,,,43.1,43.6
1983-07-17,,,22.0,,,43.1,43.6
1983-07-18,,,22.0,,,43.1,43.6
1983-07-19,,,22.0,,,43.1,43.6
1983-07-20,,,22.0,,,43.1,43.6
1983-07-21,,,22.0,,,43.1,43.6
1983-07-22,,,22.0,,,43.1,43.6
1983-07-23,,,22.0,,,43.1,43.6
1983-07-24,,,22.0,,,43.1,43.6
1983-07-25,,,22.0,,,43.1,43.6
1983-07-26,,,22.0,,,43.1,43.6
1983-07-27,,,22.0,,,43.1,43.6
1983-07-28,,,22.0,,,43.1,43.6
1983-07-29,,,22.0,,,43.1,43.6
1983-07-30,,,22.0,,,43.1,43.6
1983-07-31,2.33522039,,22.0,,,43.1,43.6
1983-08-01,,,22.0,,,43.1,43.6
1983-08-02,,,22.0,,,43.1,43.6
1983-08-03,,,22.0,,,43.1,43.6
1983-08-04,,,22.0,,,43.1,43.6
1983-08-05,,,22.0,,,43.1,43.6
1983-08-06,,,22.0,,,43.1,43.6
1983-08-07,,,22.0,,,43.1,43.6
1983-08-08,,,22.0,,,43.1,43.6
1983-08-09,,,22.0,,,43.1,43.6
1983-08-10,,,22.0,,,43.1,43.6
1983-08-11,,,22.0,,,43.1,43.6
1983-08-12,,,22.0,,,43.1,43.6
1983-08-13,,,22.0,,,43.1,43.6
1983-08-14,,,22.0,,,43.1,43.6
1983-08-15,,,22.0,,,43.1,43.6
1983-08-16,,,22.0,,,43.1,43.6
1983-08-17,,,22.0,,,43.1,43.6
1983-08-18,,,22.0,,,43.1,43.6
1983-08-19,,,22.0,,,43.1,43.6
1983-08-20,,,22.0,,,43.1,43.6
1983-08-21,,,22.0,,,43.1,43.6
1983-08-22,,,22.0,,,43.1,43.6
1983-08-23,,,22.0,,,43.1,43.6
1983-08-24,,,22.0,,,43.1,43.6
1983-08-25,,,22.0,,,43.1,43.6
1983-08-26,,,22.0,,,43.1,43.6
1983-08-27,,,22.0,,,43.1,43.6
1983-08-28,,,22.0,,,43.1,43.6
1983-08-29,,,22.0,,,43.1,43.6
1983-08-30,,,22.0,,,43.1,43.6
1983-08-31,2.32706616,,22.0,,,43.1,43.6
1983-09-01,,,22.0,,,43.1,43.6
1983-09-02,,,22.0,,,43.1,43.6
1983-09-03,,,22.0,,,43.1,43.6
1983-09-04,,,22.0,,,43.1,43.6
1983-09-05,,,22.0,,,43.1,43.6
1983-09-06,,,22.0,,,43.1,43.6
1983-09-07,,,22.0,,,43.1,43.6
1983-09-08,,,22.0,,,43.1,43.6
1983-09-09,,,22.0,,,43.1,43.6
1983-09-10,,,22.0,,,43.1,43.6
1983-09-11,,,22.0,,,43.1,43.6
1983-09-12,,,22.0,,,43.1,43.6
1983-09-13,,,22.0,,,43.1,43.6
1983-09-14,,,22.0,,,43.1,43.6
1983-09-15,,,22.0,,,43.1,43.6
1983-09-16,,,22.0,,,43.1,43.6
1983-09-17,,,22.0,,,43.1,43.6
1983-09-18,,,22.0,,,43.1,43.6
1983-09-19,,,22.0,,,43.1,43.6
1983-09-20,,,22.0,,,43.1,43.6
1983-09-21,,,22.0,,,43.1,43.6
1983-09-22,,,22.0,,,43.1,43.6
1983-09-23,,,22.0,,,42.1,42.6
1983-09-24,,,22.0,,,42.1,42.6
1983-09-25,,,22.0,,,42.1,42.6
1983-09-26,,,22.0,,,42.1,42.6
1983-09-27,,,22.0,,,42.1,42.6
1983-09-28,,,22.0,,,42.1,42.6
1983-09-29,,,22.0,,,42.1,42.6
1983-09-30,2.32474039,,22.0,,,42.1,42.6
1983-10-01,,,22.0,,,42.1,42.6
1983-10-02,,,22.0,,,42.1,42.6
1983-10-03,,,22.0,,,42.1,42.6
1983-10-04,,,22.0,,,42.1,42.6
1983-10-05,,,22.0,,,42.1,42.6
1983-10-06,,,22.0,,,42.1,42.6
1983-10-07,,,22.0,,,42.1,42.6
1983-10-08,,,22.0,,,42.1,42.6
1983-10-09,,,22.0,,,42.1,42.6
1983-10-10,,,22.0,,,42.1,42.6
1983-10-11,,,22.0,,,42.1,42.6
1983-10-12,,,22.0,,,42.1,42.6
1983-10-13,,,22.0,,,42.1,42.6
1983-10-14,,,22.0,,,42.1,42.6
1983-10-15,,,22.0,,,42.1,42.6
1983-10-16,,,22.0,,,42.1,42.6
1983-10-17,,,22.0,,,42.1,42.6
1983-10-18,,,22.0,,,42.1,42.6
1983-10-19,,,22.0,,,42.1,42.6
1983-10-20,,,22.0,,,42.1,42.6
1983-10-21,,,22.0,,,42.1,42.6
1983-10-22,,,22.0,,,42.1,42.6
1983-10-23,,,22.0,,,42.1,42.6
1983-10-24,,,22.0,,,42.1,42.6
1983-10-25,,,22.0,,,42.1,42.6
1983-10-26,,,22.0,,,42.1,42.6
1983-10-27,,,22.0,,,42.1,42.6
1983-10-28,,,22.0,,,42.1,42.6
1983-10-29,,,22.0,,,42.1,42.6
1983-10-30,,,22.0,,,42.1,42.6
1983-10-31,2.34820365,,22.0,,,42.1,42.6
1983-11-01,,,22.0,,,42.1,42.6
1983-11-02,,,22.0,,,42.1,42.6
1983-11-03,,,22.0,,,42.1,42.6
1983-11-04,,,22.0,,,42.1,42.6
1983-11-05,,,22.0,,,42.1,42.6
1983-11-06,,,22.0,,,42.1,42.6
1983-11-07,,,22.0,,,42.1,42.6
1983-11-08,,,22.0,,,42.1,42.6
1983-11-09,,,22.0,,,42.1,42.6
1983-11-10,,,22.0,,,42.1,42.6
1983-11-11,,,22.0,,,43.15,43.65
1983-11-12,,,22.0,,,43.15,43.65
1983-11-13,,,22.0,,,43.15,43.65
1983-11-14,,,22.0,,,43.15,43.65
1983-11-15,,,22.0,,,43.15,43.65
1983-11-16,,,22.0,,,43.15,43.65
1983-11-17,,,22.0,,,43.15,43.65
1983-11-18,,,22.0,,,43.15,43.65
1983-11-19,,,22.0,,,43.15,43.65
1983-11-20,,,22.0,,,43.15,43.65
1983-11-21,,,22.0,,,43.15,43.65
1983-11-22,,,22.0,,,43.15,43.65
1983-11-23,,,22.0,,,43.15,43.65
1983-11-24,,,22.0,,,43.15,43.65
1983-11-25,,,22.0,,,43.15,43.65
1983-11-26,,,22.0,,,43.15,43.65
1983-11-27,,,22.0,,,43.15,43.65
1983-11-28,,,22.0,,,43.15,43.65
1983-11-29,,,22.0,,,43.15,43.65
1983-11-30,2.36323247,,22.0,,,43.15,43.65
1983-12-01,,,22.0,,,43.15,43.65
1983-12-02,,,22.0,,,43.15,43.65
1983-12-03,,,22.0,,,43.15,43.65
1983-12-04,,,22.0,,,43.15,43.65
1983-12-05,,,22.0,,,43.15,43.65
1983-12-06,,,22.0,,,43.15,43.65
1983-12-07,,,22.0,,,43.15,43.65
1983-12-08,,,22.0,,,43.15,43.65
1983-12-09,,,22.0,,,43.15,43.65
1983-12-10,,,22.0,,,43.15,43.65
1983-12-11,,,22.0,,,43.15,43.65
1983-12-12,,,22.0,,,43.15,43.65
1983-12-13,,,22.0,,,43.15,43.65
1983-12-14,,,22.0,,,43.15,43.65
1983-12-15,,,22.0,,,43.15,43.65
1983-12-16,,,22.0,,,43.15,43.65
1983-12-17,,,22.0,,,43.15,43.65
1983-12-18,,,22.0,,,43.15,43.65
1983-12-19,,,22.0,,,43.15,43.65
1983-12-20,,,22.0,,,43.15,43.65
1983-12-21,,,22.0,,,43.15,43.65
1983-12-22,,,22.0,,,43.15,43.65
1983-12-23,,,22.0,,,43.15,43.65
1983-12-24,,,22.0,,,43.15,43.65
1983-12-25,,,22.0,,,43.15,43.65
1983-12-26,,,22.0,,,43.15,43.65
1983-12-27,,,22.0,,,43.15,43.65
1983-12-28,,,22.0,,,43.15,43.65
1983-12-29,,,22.0,,,43.15,43.65
1983-12-30,,,22.0,,,43.15,43.65
1983-12-31,2.39489666,,22.0,,,43.15,43.65
1984-01-01,,,22.0,,,43.15,43.65
1984-01-02,,,22.0,,,43.15,43.65
1984-01-03,,,22.0,,,43.15,43.65
1984-01-04,,,22.0,,,43.15,43.65
1984-01-05,,,22.0,,,43.15,43.65
1984-01-06,,,22.0,,,43.15,43.65
1984-01-07,,,22.0,,,43.15,43.65
1984-01-08,,,22.0,,,43.15,43.65
1984-01-09,,,22.0,,,43.15,43.65
1984-01-10,,,22.0,,,43.15,43.65
1984-01-11,,,22.0,,,43.15,43.65
1984-01-12,,,22.0,,,43.15,43.65
1984-01-13,,,22.0,,,43.15,43.65
1984-01-14,,,22.0,,,43.15,43.65
1984-01-15,,,22.0,,,43.15,43.65
1984-01-16,,,22.0,,,43.15,43.65
1984-01-17,,,22.0,,,43.15,43.65
1984-01-18,,,22.0,,,43.15,43.65
1984-01-19,,,22.0,,,43.15,43.65
1984-01-20,,,22.0,,,43.15,43.65
1984-01-21,,,22.0,,,43.15,43.65
1984-01-22,,,22.0,,,43.15,43.65
1984-01-23,,,22.0,,,43.15,43.65
1984-01-24,,,22.0,,,43.15,43.65
1984-01-25,,,22.0,,,43.15,43.65
1984-01-26,,,22.0,,,43.15,43.65
1984-01-27,,,18.0,,,43.15,43.65
1984-01-28,,,18.0,,,43.15,43.65
1984-01-29,,,18.0,,,43.15,43.65
1984-01-30,,,18.0,,,43.15,43.65
1984-01-31,2.43106296,,18.0,,,43.15,43.65
1984-02-01,,,18.0,,,43.15,43.65
1984-02-02,,,18.0,,,43.15,43.65
1984-02-03,,,18.0,,,43.15,43.65
1984-02-04,,,18.0,,,43.15,43.65
1984-02-05,,,18.0,,,43.15,43.65
1984-02-06,,,18.0,,,43.15,43.65
1984-02-07,,,18.0,,,43.15,43.65
1984-02-08,,,18.0,,,43.15,43.65
1984-02-09,,,18.0,,,43.15,43.65
1984-02-10,,,18.0,,,43.15,43.65
1984-02-11,,,18.0,,,43.15,43.65
1984-02-12,,,18.0,,,43.15,43.65
1984-02-13,,,18.0,,,43.15,43.65
1984-02-14,,,18.0,,,43.15,43.65
1984-02-15,,,18.0,,,43.15,43.65
1984-02-16,,,18.0,,,43.15,43.65
1984-02-17,,,18.0,,,43.15,43.65
1984-02-18,,,18.0,,,43.15,43.65
1984-02-19,,,18.0,,,43.15,43.65
1984-02-20,,,18.0,,,43.15,43.65
1984-02-21,,,18.0,,,43.15,43.65
1984-02-22,,,18.0,,,43.15,43.65
1984-02-23,,,18.0,,,43.15,43.65
1984-02-24,,,18.0,,,43.15,43.65
1984-02-25,,,18.0,,,43.15,43.65
1984-02-26,,,18.0,,,43.15,43.65
1984-02-27,,,18.0,,,43.15,43.65
1984-02-28,,,18.0,,,43.15,43.65
1984-02-29,2.45001478,,18.0,,,43.15,43.65
1984-03-01,,,18.0,,,43.15,43.65
1984-03-02,,,18.0,,,43.15,43.65
1984-03-03,,,18.0,,,43.15,43.65
1984-03-04,,,18.0,,,43.15,43.65
1984-03-05,,,18.0,,,43.15,43.65
1984-03-06,,,18.0,,,43.15,43.65
1984-03-07,,,18.0,,,43.15,43.65
1984-03-08,,,18.0,,,43.15,43.65
1984-03-09,,,18.0,,,43.15,43.65
1984-03-10,,,18.0,,,43.15,43.65
1984-03-11,,,18.0,,,43.15,43.65
1984-03-12,,,18.0,,,43.15,43.65
1984-03-13,,,18.0,,,43.15,43.65
1984-03-14,,,18.0,,,43.15,43.65
1984-03-15,,,18.0,,,43.15,43.65
1984-03-16,,,18.0,,,43.15,43.65
1984-03-17,,,18.0,,,43.15,43.65
1984-03-18,,,18.0,,,43.15,43.65
1984-03-19,,,18.0,,,43.15,43.65
1984-03-20,,,18.0,,,43.15,43.65
1984-03-21,,,18.0,,,43.15,43.65
1984-03-22,,,18.0,,,43.15,43.65
1984-03-23,,,18.0,,,43.15,43.65
1984-03-24,,,18.0,,,43.15,43.65
1984-03-25,,,18.0,,,43.15,43.65
1984-03-26,,,18.0,,,43.15,43.65
1984-03-27,,,18.0,,,43.15,43.65
1984-03-28,,,18.0,,,43.15,43.65
1984-03-29,,,18.0,,,43.15,43.65
1984-03-30,,,18.0,,,43.15,43.65
1984-03-31,2.48135206,,18.0,,,43.15,43.65
1984-04-01,,,18.0,,,43.15,43.65
1984-04-02,,,18.0,,,43.15,43.65
1984-04-03,,,18.0,,,43.15,43.65
1984-04-04,,,18.0,,,43.15,43.65
1984-04-05,,,18.0,,,43.15,43.65
1984-04-06,,,18.0,,,43.15,43.65
1984-04-07,,,18.0,,,43.15,43.65
1984-04-08,,,18.0,,,43.15,43.65
1984-04-09,,,18.0,,,43.15,43.65
1984-04-10,,,18.0,,,43.15,43.65
1984-04-11,,,18.0,,,43.15,43.65
1984-04-12,,,18.0,,,43.15,43.65
1984-04-13,,,18.0,,,43.15,43.65
1984-04-14,,,18.0,,,43.15,43.65
1984-04-15,,,18.0,,,43.15,43.65
1984-04-16,,,18.0,,,43.15,43.65
1984-04-17,,,18.0,,,43.15,43.65
1984-04-18,,,18.0,,,43.15,43.65
1984-04-19,,,18.0,,,43.15,43.65
1984-04-20,,,18.0,,,43.15,43.65
1984-04-21,,,18.0,,,43.15,43.65
1984-04-22,,,18.0,,,43.15,43.65
1984-04-23,,,18.0,,,43.15,43.65
1984-04-24,,,18.0,,,43.15,43.65
1984-04-25,,,18.0,,,43.15,43.65
1984-04-26,,,18.0,,,43.15,43.65
1984-04-27,,,18.0,,,43.15,43.65
1984-04-28,,,18.0,,,43.15,43.65
1984-04-29,,,18.0,,,43.15,43.65
1984-04-30,2.51187671,,18.0,,,43.15,43.65
1984-05-01,,,18.0,,,43.15,43.65
1984-05-02,,,18.0,,,43.15,43.65
1984-05-03,,,18.0,,,43.15,43.65
1984-05-04,,,18.0,,,43.15,43.65
1984-05-05,,,18.0,,,43.15,43.65
1984-05-06,,,18.0,,,43.15,43.65
1984-05-07,,,18.0,,,43.15,43.65
1984-05-08,,,18.0,,,43.15,43.65
1984-05-09,,,18.0,,,43.15,43.65
1984-05-10,,,18.0,,,43.15,43.65
1984-05-11,,,18.0,,,43.15,43.65
1984-05-12,,,18.0,,,43.15,43.65
1984-05-13,,,18.0,,,43.15,43.65
1984-05-14,,,18.0,,,43.15,43.65
1984-05-15,,,18.0,,,43.15,43.65
1984-05-16,,,18.0,,,43.15,43.65
1984-05-17,,,18.0,,,43.15,43.65
1984-05-18,,,18.0,,,43.15,43.65
1984-05-19,,,18.0,,,43.15,43.65
1984-05-20,,,18.0,,,43.15,43.65
1984-05-21,,,18.0,,,43.15,43.65
1984-05-22,,,18.0,,,43.15,43.65
1984-05-23,,,18.0,,,43.15,43.65
1984-05-24,,,18.0,,,43.15,43.65
1984-05-25,,,18.0,,,43.15,43.65
1984-05-26,,,18.0,,,43.15,43.65
1984-05-27,,,18.0,,,43.15,43.65
1984-05-28,,,18.0,,,43.15,43.65
1984-05-29,,,18.0,,,43.5,44.0
1984-05-30,,,18.0,,,43.5,44.0
1984-05-31,2.54126183,,18.0,,,43.5,44.0
1984-06-01,,,18.0,,,43.5,44.0
1984-06-02,,,18.0,,,43.5,44.0
1984-06-03,,,18.0,,,43.5,44.0
1984-06-04,,,18.0,,,43.5,44.0
1984-06-05,,,18.0,,,43.5,44.0
1984-06-06,,,18.0,,,43.5,44.0
1984-06-07,,,18.0,,,43.5,44.0
1984-06-08,,,18.0,,,43.5,44.0
1984-06-09,,,18.0,,,43.5,44.0
1984-06-10,,,18.0,,,43.5,44.0
1984-06-11,,,18.0,,,43.5,44.0
1984-06-12,,,18.0,,,43.5,44.0
1984-06-13,,,18.0,,,43.5,44.0
1984-06-14,,,18.0,,,43.5,44.0
1984-06-15,,,18.0,,,43.5,44.0
1984-06-16,,,18.0,,,43.5,44.0
1984-06-17,,,18.0,,,43.5,44.0
1984-06-18,,,18.0,,,43.5,44.0
1984-06-19,,,18.0,,,43.5,44.0
1984-06-20,,,18.0,,,43.5,44.0
1984-06-21,,,18.0,,,43.5,44.0
1984-06-22,,,18.0,,,43.5,44.0
1984-06-23,,,18.0,,,43.5,44.0
1984-06-24,,,18.0,,,43.5,44.0
1984-06-25,,,18.0,,,43.5,44.0
1984-06-26,,,18.0,,,43.5,44.0
1984-06-27,,,18.0,,,43.5,44.0
1984-06-28,,,18.0,,,43.5,44.0
1984-06-29,,,18.0,,,43.75,44.25
1984-06-30,2.58394779,,18.0,,,43.75,44.25
1984-07-01,,,18.0,,,43.75,44.25
1984-07-02,,,18.0,,,43.75,44.25
1984-07-03,,,18.0,,,43.75,44.25
1984-07-04,,,18.0,,,43.75,44.25
1984-07-05,,,18.0,,,43.75,44.25
1984-07-06,,,18.0,,,43.75,44.25
1984-07-07,,,18.0,,,43.75,44.25
1984-07-08,,,18.0,,,43.75,44.25
1984-07-09,,,18.0,,,43.75,44.25
1984-07-10,,,18.0,,,43.75,44.25
1984-07-11,,,18.0,,,43.75,44.25
1984-07-12,,,18.0,,,43.75,44.25
1984-07-13,,,18.0,,,43.75,44.25
1984-07-14,,,18.0,,,43.75,44.25
1984-07-15,,,18.0,,,43.75,44.25
1984-07-16,,,18.0,,,43.75,44.25
1984-07-17,,,18.0,,,43.75,44.25
1984-07-18,,,18.0,,,43.75,44.25
1984-07-19,,,18.0,,,43.75,44.25
1984-07-20,,,18.0,,,43.75,44.25
1984-07-21,,,18.0,,,43.75,44.25
1984-07-22,,,18.0,,,43.75,44.25
1984-07-23,,,18.0,,,43.75,44.25
1984-07-24,,,18.0,,,43.75,44.25
1984-07-25,,,18.0,,,43.75,44.25
1984-07-26,,,18.0,,,43.75,44.25
1984-07-27,,,18.0,,,43.75,44.25
1984-07-28,,,18.0,,,43.75,44.25
1984-07-29,,,18.0,,,43.75,44.25
1984-07-30,,,18.0,,,43.75,44.25
1984-07-31,2.61264171,,18.0,,,43.75,44.25
1984-08-01,,,18.0,,,43.75,44.25
1984-08-02,,,18.0,,,43.75,44.25
1984-08-03,,,18.0,,,43.75,44.25
1984-08-04,,,18.0,,,43.75,44.25
1984-08-05,,,18.0,,,43.75,44.25
1984-08-06,,,18.0,,,43.75,44.25
1984-08-07,,,18.0,,,43.75,44.25
1984-08-08,,,18.0,,,43.75,44.25
1984-08-09,,,18.0,,,43.75,44.25
1984-08-10,,,18.0,,,43.75,44.25
1984-08-11,,,18.0,,,43.75,44.25
1984-08-12,,,18.0,,,43.75,44.25
1984-08-13,,,18.0,,,43.75,44.25
1984-08-14,,,18.0,,,43.75,44.25
1984-08-15,,,18.0,,,43.75,44.25
1984-08-16,,,18.0,,,43.75,44.25
1984-08-17,,,18.0,,,43.75,44.25
1984-08-18,,,18.0,,,43.75,44.25
1984-08-19,,,18.0,,,43.75,44.25
1984-08-20,,,18.0,,,43.75,44.25
1984-08-21,,,18.0,,,43.75,44.25
1984-08-22,,,18.0,,,43.75,44.25
1984-08-23,,,18.0,,,43.75,44.25
1984-08-24,,,18.0,,,43.75,44.25
1984-08-25,,,18.0,,,43.75,44.25
1984-08-26,,,18.0,,,43.75,44.25
1984-08-27,,,18.0,,,43.75,44.25
1984-08-28,,,18.0,,,43.75,44.25
1984-08-29,,,18.0,,,43.75,44.25
1984-08-30,,,18.0,,,43.75,44.25
1984-08-31,2.62389698,,18.0,,,43.75,44.25
1984-09-01,,,18.0,,,43.75,44.25
1984-09-02,,,18.0,,,43.75,44.25
1984-09-03,,,18.0,,,44.5,45.0
1984-09-04,,,18.0,,,44.5,45.0
1984-09-05,,,18.0,,,44.5,45.0
1984-09-06,,,18.0,,,44.5,45.0
1984-09-07,,,18.0,,,44.5,45.0
1984-09-08,,,18.0,,,44.5,45.0
1984-09-09,,,18.0,,,44.5,45.0
1984-09-10,,,18.0,,,44.5,45.0
1984-09-11,,,18.0,,,44.5,45.0
1984-09-12,,,18.0,,,44.5,45.0
1984-09-13,,,18.0,,,44.5,45.0
1984-09-14,,,18.0,,,44.5,45.0
1984-09-15,,,18.0,,,44.5,45.0
1984-09-16,,,18.0,,,44.5,45.0
1984-09-17,,,18.0,,,44.5,45.0
1984-09-18,,,18.0,,,44.5,45.0
1984-09-19,,,18.0,,,44.5,45.0
1984-09-20,,,18.0,,,44.5,45.0
1984-09-21,,,18.0,,,44.5,45.0
1984-09-22,,,18.0,,,44.5,45.0
1984-09-23,,,18.0,,,44.5,45.0
1984-09-24,,,18.0,,,44.5,45.0
1984-09-25,,,18.0,,,44.5,45.0
1984-09-26,,,18.0,,,44.5,45.0
1984-09-27,,,18.0,,,44.5,45.0
1984-09-28,,,18.0,,,44.5,45.0
1984-09-29,,,18.0,,,44.5,45.0
1984-09-30,2.65195575,,18.0,,,44.5,45.0
1984-10-01,,,18.0,,,44.5,45.0
1984-10-02,,,18.0,,,44.5,45.0
1984-10-03,,,18.0,,,44.5,45.0
1984-10-04,,,18.0,,,44.5,45.0
1984-10-05,,,18.0,,,44.5,45.0
1984-10-06,,,18.0,,,44.5,45.0
1984-10-07,,,18.0,,,44.5,45.0
1984-10-08,,,18.0,,,44.5,45.0
1984-10-09,,,18.0,,,44.5,45.0
1984-10-10,,,18.0,,,44.5,45.0
1984-10-11,,,18.0,,,44.5,45.0
1984-10-12,,,18.0,,,44.5,45.0
1984-10-13,,,18.0,,,44.5,45.0
1984-10-14,,,18.0,,,44.5,45.0
1984-10-15,,,18.0,,,44.5,45.0
1984-10-16,,,18.0,,,44.5,45.0
1984-10-17,,,18.0,,,44.5,45.0
1984-10-18,,,18.0,,,44.5,45.0
1984-10-19,,,18.0,,,44.5,45.0
1984-10-20,,,18.0,,,44.5,45.0
1984-10-21,,,18.0,,,44.5,45.0
1984-10-22,,,18.0,,,44.5,45.0
1984-10-23,,,18.0,,,44.5,45.0
1984-10-24,,,18.0,,,44.5,45.0
1984-10-25,,,20.0,,,47.5,48.0
1984-10-26,,,20.0,,,47.5,48.0
1984-10-27,,,20.0,,,47.5,48.0
1984-10-28,,,20.0,,,47.5,48.0
1984-10-29,,,20.0,,,47.5,48.0
1984-10-30,,,20.0,,,47.5,48.0
1984-10-31,2.71641434,,20.0,,,47.5,48.0
1984-11-01,,,20.0,,,47.5,48.0
1984-11-02,,,20.0,,,47.5,48.0
1984-11-03,,,20.0,,,47.5,48.0
1984-11-04,,,20.0,,,47.5,48.0
1984-11-05,,,20.0,,,47.5,48.0
1984-11-06,,,20.0,,,47.5,48.0
1984-11-07,,,20.0,,,47.5,48.0
1984-11-08,,,20.0,,,47.5,48.0
1984-11-09,,,20.0,,,47.5,48.0
1984-11-10,,,20.0,,,47.5,48.0
1984-11-11,,,20.0,,,47.5,48.0
1984-11-12,,,20.0,,,47.5,48.0
1984-11-13,,,20.0,,,47.5,48.0
1984-11-14,,,20.0,,,47.5,48.0
1984-11-15,,,20.0,,,47.5,48.0
1984-11-16,,,20.0,,,47.5,48.0
1984-11-17,,,20.0,,,47.5,48.0
1984-11-18,,,20.0,,,47.5,48.0
1984-11-19,,,20.0,,,47.5,48.0
1984-11-20,,,20.0,,,47.5,48.0
1984-11-21,,,20.0,,,47.5,48.0
1984-11-22,,,20.0,,,47.5,48.0
1984-11-23,,,20.0,,,47.5,48.0
1984-11-24,,,20.0,,,47.5,48.0
1984-11-25,,,20.0,,,47.5,48.0
1984-11-26,,,20.0,,,47.5,48.0
1984-11-27,,,20.0,,,47.5,48.0
1984-11-28,,,20.0,,,47.5,48.0
1984-11-29,,,20.0,,,47.5,48.0
1984-11-30,2.75960468,,20.0,,,47.5,48.0
1984-12-01,,,20.0,,,47.5,48.0
1984-12-02,,,20.0,,,47.5,48.0
1984-12-03,,,20.0,,,47.5,48.0
1984-12-04,,,20.0,,,47.5,48.0
1984-12-05,,,20.0,,,47.5,48.0
1984-12-06,,,20.0,,,47.5,48.0
1984-12-07,,,20.0,,,47.5,48.0
1984-12-08,,,20.0,,,47.5,48.0
1984-12-09,,,20.0,,,47.5,48.0
1984-12-10,,,20.0,,,47.5,48.0
1984-12-11,,,20.0,,,47.5,48.0
1984-12-12,,,20.0,,,47.5,48.0
1984-12-13,,,20.0,,,47.5,48.0
1984-12-14,,,20.0,,,47.5,48.0
1984-12-15,,,20.0,,,47.5,48.0
1984-12-16,,,20.0,,,47.5,48.0
1984-12-17,,,20.0,,,47.5,48.0
1984-12-18,,,20.0,,,47.5,48.0
1984-12-19,,,20.0,,,47.5,48.0
1984-12-20,,,20.0,,,47.5,48.0
1984-12-21,,,20.0,,,47.5,48.0
1984-12-22,,,20.0,,,47.5,48.0
1984-12-23,,,20.0,,,47.5,48.0
1984-12-24,,,20.0,,,47.5,48.0
1984-12-25,,,20.0,,,47.5,48.0
1984-12-26,,,20.0,,,47.5,48.0
1984-12-27,,,20.0,,,47.5,48.0
1984-12-28,,,20.0,,,47.5,48.0
1984-12-29,,,20.0,,,47.5,48.0
1984-12-30,,,20.0,,,47.5,48.0
1984-12-31,2.81039815,,20.0,,,47.5,47.5
1985-01-01,,,20.0,,,47.5,48.0
1985-01-02,,,20.0,,,47.5,48.0
1985-01-03,,,20.0,,,47.5,48.0
1985-01-04,,,20.0,,,47.5,48.0
1985-01-05,,,20.0,,,47.5,48.0
1985-01-06,,,20.0,,,47.5,48.0
1985-01-07,,,20.0,,,47.5,48.0
1985-01-08,,,20.0,,,47.5,48.0
1985-01-09,,,20.0,,,47.5,48.0
1985-01-10,,,20.0,,,47.5,48.0
1985-01-11,,,20.0,,,47.5,48.0
1985-01-12,,,20.0,,,47.5,48.0
1985-01-13,,,20.0,,,47.5,48.0
1985-01-14,,,20.0,,,47.5,48.0
1985-01-15,,,20.0,,,47.5,48.0
1985-01-16,,,20.0,,,47.5,48.0
1985-01-17,,,20.0,,,47.5,48.0
1985-01-18,,,20.0,,,47.5,48.0
1985-01-19,,,20.0,,,47.5,48.0
1985-01-20,,,20.0,,,47.5,48.0
1985-01-21,,,20.0,,,47.5,48.0
1985-01-22,,,20.0,,,47.5,48.0
1985-01-23,,,20.0,,,47.5,48.0
1985-01-24,,,20.0,,,47.5,48.0
1985-01-25,,,20.0,,,47.5,48.0
1985-01-26,,,20.0,,,47.5,48.0
1985-01-27,,,20.0,,,47.5,48.0
1985-01-28,,,20.0,,,47.5,48.0
1985-01-29,,,20.0,,,47.5,48.0
1985-01-30,,,20.0,,,47.5,48.0
1985-01-31,2.91070547,,20.0,,,47.95,48.45
1985-02-01,,,20.0,,,47.95,48.45
1985-02-02,,,20.0,,,47.95,48.45
1985-02-03,,,20.0,,,47.95,48.45
1985-02-04,,,20.0,,,47.95,48.45
1985-02-05,,,20.0,,,47.95,48.45
1985-02-06,,,20.0,,,47.95,48.45
1985-02-07,,,20.0,,,47.95,48.45
1985-02-08,,,20.0,,,47.95,48.45
1985-02-09,,,20.0,,,47.95,48.45
1985-02-10,,,20.0,,,47.95,48.45
1985-02-11,,,20.0,,,47.95,48.45
1985-02-12,,,20.0,,,47.95,48.45
1985-02-13,,,20.0,,,47.95,48.45
1985-02-14,,,20.0,,,48.2,48.7
1985-02-15,,,20.0,,,48.2,48.7
1985-02-16,,,20.0,,,48.2,48.7
1985-02-17,,,20.0,,,48.2,48.7
1985-02-18,,,20.0,,,48.2,48.7
1985-02-19,,,20.0,,,48.2,48.7
1985-02-20,,,20.0,,,48.2,48.7
1985-02-21,,,20.0,,,48.2,48.7
1985-02-22,,,20.0,,,48.2,48.7
1985-02-23,,,20.0,,,48.2,48.7
1985-02-24,,,20.0,,,48.2,48.7
1985-02-25,,,20.0,,,48.2,48.7
1985-02-26,,,20.0,,,48.2,48.7
1985-02-27,,,20.0,,,48.2,48.7
1985-02-28,2.90169191,,20.0,,,48.2,48.7
1985-03-01,,,20.0,,,48.2,48.7
1985-03-02,,,20.0,,,48.2,48.7
1985-03-03,,,20.0,,,48.2,48.7
1985-03-04,,,20.0,,,48.2,48.7
1985-03-05,,,20.0,,,48.2,48.7
1985-03-06,,,20.0,,,48.2,48.7
1985-03-07,,,20.0,,,48.2,48.7
1985-03-08,,,20.0,,,48.2,48.7
1985-03-09,,,20.0,,,48.2,48.7
1985-03-10,,,20.0,,,48.2,48.7
1985-03-11,,,20.0,,,48.2,48.7
1985-03-12,,,20.0,,,48.6,49.1
1985-03-13,,,20.0,,,48.6,49.1
1985-03-14,,,20.0,,,48.6,49.1
1985-03-15,,,20.0,,,48.6,49.1
1985-03-16,,,20.0,,,48.6,49.1
1985-03-17,,,20.0,,,48.6,49.1
1985-03-18,,,20.0,,,48.6,49.1
1985-03-19,,,20.0,,,48.6,49.1
1985-03-20,,,20.0,,,48.6,49.1
1985-03-21,,,20.0,,,48.6,49.1
1985-03-22,,,20.0,,,48.6,49.1
1985-03-23,,,20.0,,,48.6,49.1
1985-03-24,,,20.0,,,48.6,49.1
1985-03-25,,,20.0,,,48.6,49.1
1985-03-26,,,20.0,,,48.6,49.1
1985-03-27,,,20.0,,,48.6,49.1
1985-03-28,,,20.0,,,48.75,49.25
1985-03-29,,,20.0,,,48.75,49.25
1985-03-30,,,20.0,,,48.75,49.25
1985-03-31,2.92838698,,20.0,,,48.75,49.25
1985-04-01,,,20.0,,,48.75,49.25
1985-04-02,,,20.0,,,48.75,49.25
1985-04-03,,,20.0,,,48.75,49.25
1985-04-04,,,20.0,,,48.75,49.25
1985-04-05,,,20.0,,,48.75,49.25
1985-04-06,,,20.0,,,48.75,49.25
1985-04-07,,,20.0,,,48.75,49.25
1985-04-08,,,20.0,,,48.75,49.25
1985-04-09,,,20.0,,,48.75,49.25
1985-04-10,,,20.0,,,48.75,49.25
1985-04-11,,,20.0,,,48.75,49.25
1985-04-12,,,20.0,,,48.75,49.25
1985-04-13,,,20.0,,,48.75,49.25
1985-04-14,,,20.0,,,48.75,49.25
1985-04-15,,,20.0,,,48.75,49.25
1985-04-16,,,20.0,,,48.75,49.25
1985-04-17,,,20.0,,,48.75,49.25
1985-04-18,,,20.0,,,48.75,49.25
1985-04-19,,,20.0,,,48.75,49.25
1985-04-20,,,20.0,,,49.0,49.5
1985-04-21,,,20.0,,,49.0,49.5
1985-04-22,,,20.0,,,49.0,49.5
1985-04-23,,,20.0,,,49.0,49.5
1985-04-24,,,20.0,,,49.0,49.5
1985-04-25,,,20.0,,,49.0,49.5
1985-04-26,,,20.0,,,49.0,49.5
1985-04-27,,,20.0,,,49.0,49.5
1985-04-28,,,20.0,,,49.0,49.5
1985-04-29,,,20.0,,,49.0,49.5
1985-04-30,2.92778919,,20.0,,,49.0,49.5
1985-05-01,,,20.0,,,49.0,49.5
1985-05-02,,,20.0,,,49.0,49.5
1985-05-03,,,20.0,,,49.0,49.5
1985-05-04,,,20.0,,,49.0,49.5
1985-05-05,,,20.0,,,49.0,49.5
1985-05-06,,,20.0,,,49.0,49.5
1985-05-07,,,20.0,,,49.0,49.5
1985-05-08,,,20.0,,,49.0,49.5
1985-05-09,,,20.0,,,49.0,49.5
1985-05-10,,,20.0,,,49.0,49.5
1985-05-11,,,20.0,,,49.0,49.5
1985-05-12,,,20.0,,,49.0,49.5
1985-05-13,,,20.0,,,49.0,49.5
1985-05-14,,,20.0,,,49.0,49.5
1985-05-15,,,20.0,,,49.0,49.5
1985-05-16,,,20.0,,,49.0,49.5
1985-05-17,,,20.0,,,49.0,49.5
1985-05-18,,,20.0,,,49.0,49.5
1985-05-19,,,20.0,,,49.0,49.5
1985-05-20,,,20.0,,,49.0,49.5
1985-05-21,,,20.0,,,49.0,49.5
1985-05-22,,,20.0,,,49.0,49.5
1985-05-23,,,20.0,,,49.35,49.85
1985-05-24,,,20.0,,,49.35,49.85
1985-05-25,,,20.0,,,49.35,49.85
1985-05-26,,,20.0,,,49.35,49.85
1985-05-27,,,20.0,,,49.35,49.85
1985-05-28,,,20.0,,,49.35,49.85
1985-05-29,,,20.0,,,49.35,49.85
1985-05-30,,,20.0,,,49.35,49.85
1985-05-31,2.93394456,,20.0,,,49.35,49.85
1985-06-01,,,20.0,,,49.35,49.85
1985-06-02,,,20.0,,,49.35,49.85
1985-06-03,,,20.0,,,49.35,49.85
1985-06-04,,,20.0,,,49.35,49.85
1985-06-05,,,20.0,,,49.35,49.85
1985-06-06,,,20.0,,,49.75,50.25
1985-06-07,,,20.0,,,49.75,50.25
1985-06-08,,,20.0,,,49.75,50.25
1985-06-09,,,20.0,,,49.75,50.25
1985-06-10,,,20.0,,,49.75,50.25
1985-06-11,,,20.0,,,49.75,50.25
1985-06-12,,,20.0,,,49.75,50.25
1985-06-13,,,20.0,,,49.75,50.25
1985-06-14,,,20.0,,,49.75,50.25
1985-06-15,,,20.0,,,49.75,50.25
1985-06-16,,,20.0,,,49.75,50.25
1985-06-17,,,20.0,,,49.75,50.25
1985-06-18,,,20.0,,,49.75,50.25
1985-06-19,,,20.0,,,49.75,50.25
1985-06-20,,,20.0,,,50.1,50.6
1985-06-21,,,20.0,,,50.1,50.6
1985-06-22,,,20.0,,,50.1,50.6
1985-06-23,,,20.0,,,50.1,50.6
1985-06-24,,,20.0,,,50.1,50.6
1985-06-25,,,20.0,,,50.1,50.6
1985-06-26,,,20.0,,,50.1,50.6
1985-06-27,,,20.0,,,50.1,50.6
1985-06-28,,,20.0,,,50.1,50.6
1985-06-29,,,20.0,,,50.1,50.6
1985-06-30,2.96710323,,20.0,,,50.1,50.6
1985-07-01,,,20.0,,,50.1,50.6
1985-07-02,,,20.0,,,50.1,50.6
1985-07-03,,,20.0,,,50.1,50.6
1985-07-04,,,20.0,,,50.35,50.85
1985-07-05,,,20.0,,,50.35,50.85
1985-07-06,,,20.0,,,50.35,50.85
1985-07-07,,,20.0,,,50.35,50.85
1985-07-08,,,20.0,,,50.35,50.85
1985-07-09,,,20.0,,,50.35,50.85
1985-07-10,,,20.0,,,50.35,50.85
1985-07-11,,,20.0,,,50.35,50.85
1985-07-12,,,20.0,,,50.35,50.85
1985-07-13,,,20.0,,,50.35,50.85
1985-07-14,,,20.0,,,50.35,50.85
1985-07-15,,,20.0,,,50.35,50.85
1985-07-16,,,20.0,,,50.35,50.85
1985-07-17,,,20.0,,,50.35,50.85
1985-07-18,,,20.0,,,50.6,51.1
1985-07-19,,,20.0,,,50.6,51.1
1985-07-20,,,20.0,,,50.6,51.1
1985-07-21,,,20.0,,,50.6,51.1
1985-07-22,,,20.0,,,50.6,51.1
1985-07-23,,,20.0,,,50.6,51.1
1985-07-24,,,20.0,,,50.6,51.1
1985-07-25,,,20.0,,,50.6,51.1
1985-07-26,,,20.0,,,50.6,51.1
1985-07-27,,,20.0,,,50.6,51.1
1985-07-28,,,20.0,,,50.6,51.1
1985-07-29,,,20.0,,,50.6,51.1
1985-07-30,,,20.0,,,50.6,51.1
1985-07-31,3.00359645,,20.0,,,50.6,51.1
1985-08-01,,,20.0,,,50.85,51.35
1985-08-02,,,20.0,,,50.85,51.35
1985-08-03,,,20.0,,,50.85,51.35
1985-08-04,,,20.0,,,50.85,51.35
1985-08-05,,,20.0,,,50.85,51.35
1985-08-06,,,20.0,,,50.85,51.35
1985-08-07,,,20.0,,,50.85,51.35
1985-08-08,,,20.0,,,50.85,51.35
1985-08-09,,,20.0,,,50.85,51.35
1985-08-10,,,20.0,,,50.85,51.35
1985-08-11,,,20.0,,,50.85,51.35
1985-08-12,,,20.0,,,50.85,51.35
1985-08-13,,,20.0,,,50.85,51.35
1985-08-14,,,20.0,,,50.85,51.35
1985-08-15,,,20.0,,,51.05,51.55
1985-08-16,,,20.0,,,51.05,51.55
1985-08-17,,,20.0,,,51.05,51.55
1985-08-18,,,20.0,,,51.05,51.55
1985-08-19,,,20.0,,,51.05,51.55
1985-08-20,,,20.0,,,51.05,51.55
1985-08-21,,,20.0,,,51.05,51.55
1985-08-22,,,20.0,,,51.25,51.75
1985-08-23,,,20.0,,,51.25,51.75
1985-08-24,,,20.0,,,51.25,51.75
1985-08-25,,,20.0,,,51.25,51.75
1985-08-26,,,20.0,,,51.25,51.75
1985-08-27,,,20.0,,,51.25,51.75
1985-08-28,,,20.0,,,51.25,51.75
1985-08-29,,,20.0,,,51.45,51.95
1985-08-30,,,20.0,,,51.45,51.95
1985-08-31,3.00568871,,20.0,,,51.45,51.95
1985-09-01,,,20.0,,,51.45,51.95
1985-09-02,,,20.0,,,51.45,51.95
1985-09-03,,,20.0,,,51.45,51.95
1985-09-04,,,20.0,,,51.45,51.95
1985-09-05,,,20.0,,,51.45,51.95
1985-09-06,,,20.0,,,51.45,51.95
1985-09-07,,,20.0,,,51.45,51.95
1985-09-08,,,20.0,,,51.45,51.95
1985-09-09,,,20.0,,,51.45,51.95
1985-09-10,,,20.0,,,51.45,51.95
1985-09-11,,,20.0,,,51.45,51.95
1985-09-12,,,20.0,,,51.45,51.95
1985-09-13,,,20.0,,,51.45,51.95
1985-09-14,,,20.0,,,51.45,51.95
1985-09-15,,,20.0,,,51.45,51.95
1985-09-16,,,20.0,,,51.45,51.95
1985-09-17,,,20.0,,,51.45,51.95
1985-09-18,,,20.0,,,51.7,52.2
1985-09-19,,,20.0,,,51.7,52.2
1985-09-20,,,20.0,,,51.7,52.2
1985-09-21,,,20.0,,,51.7,52.2
1985-09-22,,,20.0,,,51.7,52.2
1985-09-23,,,20.0,,,51.7,52.2
1985-09-24,,,20.0,,,51.7,52.2
1985-09-25,,,20.0,,,51.7,52.2
1985-09-26,,,20.0,,,51.95,52.45
1985-09-27,,,20.0,,,51.95,52.45
1985-09-28,,,20.0,,,51.95,52.45
1985-09-29,,,20.0,,,51.95,52.45
1985-09-30,3.03753038,,20.0,,,51.95,52.45
1985-10-01,,,20.0,,,51.95,52.45
1985-10-02,,,20.0,,,51.95,52.45
1985-10-03,,,20.0,,,51.95,52.45
1985-10-04,,,20.0,,,51.95,52.45
1985-10-05,,,20.0,,,51.95,52.45
1985-10-06,,,20.0,,,51.95,52.45
1985-10-07,,,20.0,,,51.95,52.45
1985-10-08,,,20.0,,,51.95,52.45
1985-10-09,,,20.0,,,51.95,52.45
1985-10-10,,,20.0,,,51.95,52.45
1985-10-11,,,20.0,,,51.95,52.45
1985-10-12,,,20.0,,,51.95,52.45
1985-10-13,,,20.0,,,51.95,52.45
1985-10-14,,,20.0,,,51.95,52.45
1985-10-15,,,20.0,,,51.95,52.45
1985-10-16,,,20.0,,,51.95,52.45
1985-10-17,,,20.0,,,52.2,52.7
1985-10-18,,,20.0,,,52.2,52.7
1985-10-19,,,20.0,,,52.2,52.7
1985-10-20,,,20.0,,,52.2,52.7
1985-10-21,,,20.0,,,52.2,52.7
1985-10-22,,,20.0,,,52.2,52.7
1985-10-23,,,20.0,,,52.2,52.7
1985-10-24,,,20.0,,,52.2,52.7
1985-10-25,,,20.0,,,52.2,52.7
1985-10-26,,,20.0,,,52.2,52.7
1985-10-27,,,20.0,,,52.2,52.7
1985-10-28,,,20.0,,,52.2,52.7
1985-10-29,,,20.0,,,52.2,52.7
1985-10-30,,,20.0,,,52.2,52.7
1985-10-31,3.06031179,,20.0,,,52.45,52.95
1985-11-01,,,20.0,,,52.45,52.95
1985-11-02,,,20.0,,,52.45,52.95
1985-11-03,,,20.0,,,52.45,52.95
1985-11-04,,,20.0,,,52.45,52.95
1985-11-05,,,20.0,,,52.45,52.95
1985-11-06,,,20.0,,,52.45,52.95
1985-11-07,,,20.0,,,52.45,52.95
1985-11-08,,,20.0,,,52.45,52.95
1985-11-09,,,20.0,,,52.45,52.95
1985-11-10,,,20.0,,,52.45,52.95
1985-11-11,,,20.0,,,52.45,52.95
1985-11-12,,,20.0,,,52.45,52.95
1985-11-13,,,20.0,,,52.45,52.95
1985-11-14,,,20.0,,,52.45,52.95
1985-11-15,,,20.0,,,52.45,52.95
1985-11-16,,,20.0,,,52.45,52.95
1985-11-17,,,20.0,,,52.45,52.95
1985-11-18,,,20.0,,,52.45,52.95
1985-11-19,,,20.0,,,52.45,52.95
1985-11-20,,,20.0,,,52.45,52.95
1985-11-21,,,20.0,,,52.45,52.95
1985-11-22,,,20.0,,,52.8,53.3
1985-11-23,,,20.0,,,52.8,53.3
1985-11-24,,,20.0,,,52.8,53.3
1985-11-25,,,20.0,,,52.8,53.3
1985-11-26,,,20.0,,,52.8,53.3
1985-11-27,,,20.0,,,52.8,53.3
1985-11-28,,,20.0,,,52.8,53.3
1985-11-29,,,20.0,,,52.8,53.3
1985-11-30,3.07256648,,20.0,,,52.8,53.3
1985-12-01,,,20.0,,,52.8,53.3
1985-12-02,,,20.0,,,52.8,53.3
1985-12-03,,,20.0,,,52.8,53.3
1985-12-04,,,20.0,,,52.8,53.3
1985-12-05,,,20.0,,,52.8,53.3
1985-12-06,,,20.0,,,52.8,53.3
1985-12-07,,,20.0,,,53.15,53.65
1985-12-08,,,20.0,,,53.15,53.65
1985-12-09,,,20.0,,,53.15,53.65
1985-12-10,,,20.0,,,53.15,53.65
1985-12-11,,,20.0,,,53.15,53.65
1985-12-12,,,20.0,,,53.15,53.65
1985-12-13,,,20.0,,,53.15,53.65
1985-12-14,,,20.0,,,53.15,53.65
1985-12-15,,,20.0,,,53.15,53.65
1985-12-16,,,20.0,,,53.15,53.65
1985-12-17,,,20.0,,,53.15,53.65
1985-12-18,,,20.0,,,53.15,53.65
1985-12-19,,,20.0,,,53.15,53.65
1985-12-20,,,20.0,,,53.15,53.65
1985-12-21,,,20.0,,,53.15,53.65
1985-12-22,,,20.0,,,53.15,53.65
1985-12-23,,,20.0,,,53.15,53.65
1985-12-24,,,20.0,,,53.15,53.65
1985-12-25,,,20.0,,,53.15,53.65
1985-12-26,,,20.0,,,53.15,53.65
1985-12-27,,,20.0,,,53.45,53.95
1985-12-28,,,20.0,,,53.45,53.95
1985-12-29,,,20.0,,,53.45,53.95
1985-12-30,,,20.0,,,53.45,53.95
1985-12-31,3.1174381,,20.0,,,53.45,53.95
1986-01-01,,,20.0,,,53.45,53.95
1986-01-02,,,20.0,,,53.45,53.95
1986-01-03,,,20.0,,,53.45,53.95
1986-01-04,,,20.0,,,53.45,53.95
1986-01-05,,,20.0,,,53.45,53.95
1986-01-06,,,20.0,,,53.45,53.95
1986-01-07,,,20.0,,,53.45,53.95
1986-01-08,,,20.0,,,53.45,53.95
1986-01-09,,,20.0,,,53.45,53.95
1986-01-10,,,20.0,,,53.45,53.95
1986-01-11,,,20.0,,,53.45,53.95
1986-01-12,,,20.0,,,53.45,53.95
1986-01-13,,,20.0,,,53.45,53.95
1986-01-14,,,20.0,,,53.45,53.95
1986-01-15,,,20.0,,,53.45,53.95
1986-01-16,,,20.0,,,53.45,53.95
1986-01-17,,,20.0,,,53.45,53.95
1986-01-18,,,20.0,,,53.45,53.95
1986-01-19,,,20.0,,,53.45,53.95
1986-01-20,,,20.0,,,53.45,53.95
1986-01-21,,,20.0,,,53.45,53.95
1986-01-22,,,20.0,,,53.45,53.95
1986-01-23,,,20.0,,,53.45,53.95
1986-01-24,,,20.0,,,53.45,53.95
1986-01-25,,,20.0,,,53.45,53.95
1986-01-26,,,20.0,,,53.45,53.95
1986-01-27,,,20.0,,,53.45,53.95
1986-01-28,,,20.0,,,53.45,53.95
1986-01-29,,,20.0,,,53.45,53.95
1986-01-30,,,20.0,,,53.45,53.95
1986-01-31,3.13770693,,20.0,,,53.45,53.95
1986-02-01,,,20.0,,,53.45,53.95
1986-02-02,,,20.0,,,53.45,53.95
1986-02-03,,,20.0,,,53.45,53.95
1986-02-04,,,20.0,,,53.45,53.95
1986-02-05,,,20.0,,,53.45,53.95
1986-02-06,,,20.0,,,53.45,53.95
1986-02-07,,,20.0,,,53.45,53.95
1986-02-08,,,20.0,,,53.45,53.95
1986-02-09,,,20.0,,,53.45,53.95
1986-02-10,,,20.0,,,53.45,53.95
1986-02-11,,,20.0,,,53.7,54.2
1986-02-12,,,20.0,,,53.7,54.2
1986-02-13,,,20.0,,,53.7,54.2
1986-02-14,,,20.0,,,53.7,54.2
1986-02-15,,,20.0,,,53.7,54.2
1986-02-16,,,20.0,,,53.7,54.2
1986-02-17,,,20.0,,,53.7,54.2
1986-02-18,,,20.0,,,53.7,54.2
1986-02-19,,,20.0,,,53.7,54.2
1986-02-20,,,20.0,,,53.7,54.2
1986-02-21,,,20.0,,,53.7,54.2
1986-02-22,,,20.0,,,53.7,54.2
1986-02-23,,,20.0,,,53.7,54.2
1986-02-24,,,20.0,,,53.7,54.2
1986-02-25,,,20.0,,,53.7,54.2
1986-02-26,,,20.0,,,53.7,54.2
1986-02-27,,,20.0,,,53.95,54.7
1986-02-28,3.14490843,,20.0,,,53.95,54.7
1986-03-01,,,20.0,,,53.95,54.7
1986-03-02,,,20.0,,,53.95,54.7
1986-03-03,,,20.0,,,53.95,54.7
1986-03-04,,,20.0,,,53.95,54.7
1986-03-05,,,20.0,,,53.95,54.7
1986-03-06,,,20.0,,,53.95,54.7
1986-03-07,,,20.0,,,53.95,54.7
1986-03-08,,,20.0,,,53.95,54.7
1986-03-09,,,20.0,,,53.95,54.7
1986-03-10,,,20.0,,,53.95,54.7
1986-03-11,,,20.0,,,53.95,54.7
1986-03-12,,,20.0,,,53.95,54.7
1986-03-13,,,20.0,,,53.95,54.7
1986-03-14,,,20.0,,,53.95,54.7
1986-03-15,,,20.0,,,53.95,54.7
1986-03-16,,,20.0,,,53.95,54.7
1986-03-17,,,20.0,,,53.95,54.7
1986-03-18,,,20.0,,,53.95,54.7
1986-03-19,,,20.0,,,54.2,54.95
1986-03-20,,,20.0,,,54.2,54.95
1986-03-21,,,20.0,,,54.2,54.95
1986-03-22,,,20.0,,,54.2,54.95
1986-03-23,,,20.0,,,54.2,54.95
1986-03-24,,,20.0,,,54.2,54.95
1986-03-25,,,20.0,,,54.2,54.95
1986-03-26,,,20.0,,,54.2,54.95
1986-03-27,,,20.0,,,54.2,54.95
1986-03-28,,,20.0,,,54.2,54.95
1986-03-29,,,20.0,,,54.2,54.95
1986-03-30,,,20.0,,,54.2,54.95
1986-03-31,3.1728738,,20.0,,,54.2,54.95
1986-04-01,,,20.0,,,54.2,54.95
1986-04-02,,,20.0,,,54.2,54.95
1986-04-03,,,20.0,,,54.5,55.25
1986-04-04,,,20.0,,,54.5,55.25
1986-04-05,,,20.0,,,54.5,55.25
1986-04-06,,,20.0,,,54.5,55.25
1986-04-07,,,20.0,,,54.5,55.25
1986-04-08,,,20.0,,,54.5,55.25
1986-04-09,,,20.0,,,54.5,55.25
1986-04-10,,,20.0,,,54.5,55.25
1986-04-11,,,20.0,,,54.5,55.25
1986-04-12,,,20.0,,,54.5,55.25
1986-04-13,,,20.0,,,54.5,55.25
1986-04-14,,,20.0,,,54.5,55.25
1986-04-15,,,20.0,,,54.5,55.25
1986-04-16,,,20.0,,,54.5,55.25
1986-04-17,,,20.0,,,54.5,55.25
1986-04-18,,,20.0,,,54.5,55.25
1986-04-19,,,20.0,,,54.5,55.25
1986-04-20,,,20.0,,,54.5,55.25
1986-04-21,,,20.0,,,54.5,55.25
1986-04-22,,,20.0,,,54.5,55.25
1986-04-23,,,20.0,,,54.5,55.25
1986-04-24,,,20.0,,,54.5,55.25
1986-04-25,,,20.0,,,54.5,55.25
1986-04-26,,,20.0,,,54.5,55.25
1986-04-27,,,20.0,,,54.5,55.25
1986-04-28,,,20.0,,,54.5,55.25
1986-04-29,,,20.0,,,54.5,55.25
1986-04-30,3.19383381,,20.0,,,54.5,55.25
1986-05-01,,,20.0,,,54.75,55.25
1986-05-02,,,20.0,,,54.75,55.25
1986-05-03,,,20.0,,,54.75,55.25
1986-05-04,,,20.0,,,54.75,55.25
1986-05-05,,,20.0,,,54.75,55.25
1986-05-06,,,20.0,,,54.75,55.25
1986-05-07,,,20.0,,,54.75,55.25
1986-05-08,,,20.0,,,54.75,55.25
1986-05-09,,,20.0,,,54.75,55.25
1986-05-10,,,20.0,,,54.75,55.5
1986-05-11,,,20.0,,,54.75,55.5
1986-05-12,,,20.0,,,54.75,55.5
1986-05-13,,,20.0,,,54.75,55.5
1986-05-14,,,20.0,,,54.75,55.5
1986-05-15,,,20.0,,,54.75,55.5
1986-05-16,,,20.0,,,54.75,55.5
1986-05-17,,,20.0,,,54.75,55.5
1986-05-18,,,20.0,,,54.75,55.5
1986-05-19,,,20.0,,,54.75,55.5
1986-05-20,,,20.0,,,55.1,55.85
1986-05-21,,,20.0,,,55.1,55.85
1986-05-22,,,20.0,,,55.1,55.85
1986-05-23,,,20.0,,,55.1,55.85
1986-05-24,,,20.0,,,55.1,55.85
1986-05-25,,,20.0,,,55.1,55.85
1986-05-26,,,20.0,,,55.1,55.85
1986-05-27,,,20.0,,,55.1,55.85
1986-05-28,,,20.0,,,55.1,55.85
1986-05-29,,,20.0,,,55.1,55.85
1986-05-30,,,20.0,,,55.1,55.85
1986-05-31,3.22065964,,20.0,,,55.1,55.85
1986-06-01,,,20.0,,,55.1,55.85
1986-06-02,,,20.0,,,55.1,55.85
1986-06-03,,,20.0,,,55.1,55.85
1986-06-04,,,20.0,,,55.1,55.85
1986-06-05,,,20.0,,,55.1,55.85
1986-06-06,,,20.0,,,55.1,55.85
1986-06-07,,,20.0,,,55.1,55.85
1986-06-08,,,20.0,,,55.1,55.85
1986-06-09,,,20.0,,,55.1,55.85
1986-06-10,,,20.0,,,55.1,55.85
1986-06-11,,,20.0,,,55.1,55.85
1986-06-12,,,20.0,,,55.45,56.2
1986-06-13,,,20.0,,,55.45,56.2
1986-06-14,,,20.0,,,55.45,56.2
1986-06-15,,,20.0,,,55.45,56.2
1986-06-16,,,20.0,,,55.45,56.2
1986-06-17,,,20.0,,,55.45,56.2
1986-06-18,,,20.0,,,55.45,56.2
1986-06-19,,,20.0,,,55.45,56.2
1986-06-20,,,20.0,,,55.45,56.2
1986-06-21,,,20.0,,,55.45,56.2
1986-06-22,,,20.0,,,55.45,56.2
1986-06-23,,,20.0,,,55.45,56.2
1986-06-24,,,20.0,,,55.45,56.2
1986-06-25,,,20.0,,,55.7,56.45
1986-06-26,,,20.0,,,55.7,56.45
1986-06-27,,,20.0,,,55.7,56.45
1986-06-28,,,20.0,,,55.7,56.45
1986-06-29,,,20.0,,,55.7,56.45
1986-06-30,3.31213087,,20.0,,,55.7,56.45
1986-07-01,,,20.0,,,55.7,56.45
1986-07-02,,,20.0,,,55.7,56.45
1986-07-03,,,20.0,,,55.7,56.45
1986-07-04,,,20.0,,,55.7,56.45
1986-07-05,,,20.0,,,55.7,56.45
1986-07-06,,,20.0,,,55.7,56.45
1986-07-07,,,20.0,,,55.7,56.45
1986-07-08,,,20.0,,,55.7,56.45
1986-07-09,,,20.0,,,55.7,56.45
1986-07-10,,,20.0,,,55.7,56.45
1986-07-11,,,20.0,,,55.7,56.45
1986-07-12,,,20.0,,,55.7,56.45
1986-07-13,,,20.0,,,55.7,56.45
1986-07-14,,,20.0,,,55.7,56.45
1986-07-15,,,20.0,,,55.7,56.45
1986-07-16,,,20.0,,,55.7,56.45
1986-07-17,,,20.0,,,56.0,56.65
1986-07-18,,,20.0,,,56.0,56.65
1986-07-19,,,20.0,,,56.0,56.65
1986-07-20,,,20.0,,,56.0,56.65
1986-07-21,,,20.0,,,56.0,56.65
1986-07-22,,,20.0,,,56.0,56.65
1986-07-23,,,20.0,,,56.0,56.65
1986-07-24,,,20.0,,,56.0,56.65
1986-07-25,,,20.0,,,56.0,56.65
1986-07-26,,,20.0,,,56.0,56.65
1986-07-27,,,20.0,,,56.0,56.65
1986-07-28,,,20.0,,,56.0,56.65
1986-07-29,,,20.0,,,56.0,56.65
1986-07-30,,,20.0,,,56.0,56.65
1986-07-31,3.40552624,,20.0,,,56.0,56.65
1986-08-01,,,20.0,,,56.0,56.65
1986-08-02,,,20.0,,,56.0,56.65
1986-08-03,,,20.0,,,56.0,56.65
1986-08-04,,,20.0,,,56.0,56.65
1986-08-05,,,20.0,,,56.0,56.65
1986-08-06,,,20.0,,,56.0,56.65
1986-08-07,,,20.0,,,56.0,56.65
1986-08-08,,,20.0,,,56.0,56.65
1986-08-09,,,20.0,,,56.0,56.65
1986-08-10,,,20.0,,,56.0,56.65
1986-08-11,,,20.0,,,56.0,56.65
1986-08-12,,,20.0,,,56.0,56.65
1986-08-13,,,20.0,,,56.0,56.65
1986-08-14,,,20.0,,,56.3,57.05
1986-08-15,,,20.0,,,56.3,57.05
1986-08-16,,,20.0,,,56.3,57.05
1986-08-17,,,20.0,,,56.3,57.05
1986-08-18,,,20.0,,,56.3,57.05
1986-08-19,,,20.0,,,56.3,57.05
1986-08-20,,,20.0,,,56.3,57.05
1986-08-21,,,20.0,,,56.3,57.05
1986-08-22,,,20.0,,,56.3,57.05
1986-08-23,,,20.0,,,56.3,57.05
1986-08-24,,,20.0,,,56.3,57.05
1986-08-25,,,20.0,,,56.3,57.05
1986-08-26,,,20.0,,,56.3,57.05
1986-08-27,,,20.0,,,56.3,57.05
1986-08-28,,,20.0,,,56.3,57.05
1986-08-29,,,20.0,,,56.3,57.05
1986-08-30,,,20.0,,,56.3,57.05
1986-08-31,3.43244547,,20.0,,,56.3,57.05
1986-09-01,,,20.0,,,56.3,57.05
1986-09-02,,,20.0,,,56.3,57.05
1986-09-03,,,20.0,,,56.3,57.05
1986-09-04,,,20.0,,,56.65,57.4
1986-09-05,,,20.0,,,56.65,57.4
1986-09-06,,,20.0,,,56.65,57.4
1986-09-07,,,20.0,,,56.65,57.4
1986-09-08,,,20.0,,,56.65,57.4
1986-09-09,,,20.0,,,56.65,57.4
1986-09-10,,,20.0,,,56.65,57.4
1986-09-11,,,20.0,,,56.65,57.4
1986-09-12,,,20.0,,,56.65,57.4
1986-09-13,,,20.0,,,56.65,57.4
1986-09-14,,,20.0,,,56.65,57.4
1986-09-15,,,20.0,,,56.65,57.4
1986-09-16,,,20.0,,,56.65,57.4
1986-09-17,,,20.0,,,56.65,57.4
1986-09-18,,,20.0,,,56.9,57.65
1986-09-19,,,20.0,,,56.9,57.65
1986-09-20,,,20.0,,,56.9,57.65
1986-09-21,,,20.0,,,56.9,57.65
1986-09-22,,,20.0,,,56.9,57.65
1986-09-23,,,20.0,,,56.9,57.65
1986-09-24,,,20.0,,,56.9,57.65
1986-09-25,,,20.0,,,56.9,57.65
1986-09-26,,,20.0,,,56.9,57.65
1986-09-27,,,20.0,,,56.9,57.65
1986-09-28,,,20.0,,,56.9,57.65
1986-09-29,,,20.0,,,56.9,57.65
1986-09-30,3.48597571,,20.0,,,56.9,57.65
1986-10-01,,,17.5,,,56.9,57.65
1986-10-02,,,17.5,,,56.9,57.65
1986-10-03,,,17.5,,,56.9,57.65
1986-10-04,,,17.5,,,56.9,57.65
1986-10-05,,,17.5,,,56.9,57.65
1986-10-06,,,17.5,,,56.9,57.65
1986-10-07,,,17.5,,,56.9,57.65
1986-10-08,,,17.5,,,56.9,57.65
1986-10-09,,,17.5,,,57.2,57.95
1986-10-10,,,17.5,,,57.2,57.95
1986-10-11,,,17.5,,,57.2,57.95
1986-10-12,,,17.5,,,57.2,57.95
1986-10-13,,,17.5,,,57.2,57.95
1986-10-14,,,17.5,,,57.2,57.95
1986-10-15,,,17.5,,,57.2,57.95
1986-10-16,,,17.5,,,57.2,57.95
1986-10-17,,,17.5,,,57.2,57.95
1986-10-18,,,17.5,,,57.2,57.95
1986-10-19,,,17.5,,,57.2,57.95
1986-10-20,,,17.5,,,57.2,57.95
1986-10-21,,,17.5,,,57.2,57.95
1986-10-22,,,17.5,,,57.2,57.95
1986-10-23,,,17.5,,,57.2,57.95
1986-10-24,,,17.5,,,57.2,57.95
1986-10-25,,,17.5,,,57.2,57.95
1986-10-26,,,17.5,,,57.2,57.95
1986-10-27,,,17.5,,,57.2,57.95
1986-10-28,,,17.5,,,57.2,57.95
1986-10-29,,,17.5,,,57.2,57.95
1986-10-30,,,17.5,,,57.2,57.95
1986-10-31,3.48319225,,17.5,,,57.2,57.95
1986-11-01,,,19.5,,,57.2,57.95
1986-11-02,,,19.5,,,57.2,57.95
1986-11-03,,,19.5,,,57.2,57.95
1986-11-04,,,19.5,,,57.2,57.95
1986-11-05,,,19.5,,,57.2,57.95
1986-11-06,,,19.5,,,57.55,58.3
1986-11-07,,,19.5,,,57.55,58.3
1986-11-08,,,19.5,,,57.55,58.3
1986-11-09,,,19.5,,,57.55,58.3
1986-11-10,,,19.5,,,57.55,58.3
1986-11-11,,,19.5,,,57.55,58.3
1986-11-12,,,19.5,,,57.55,58.3
1986-11-13,,,19.5,,,57.55,58.3
1986-11-14,,,19.5,,,57.55,58.3
1986-11-15,,,19.5,,,57.55,58.3
1986-11-16,,,19.5,,,57.55,58.3
1986-11-17,,,19.5,,,57.55,58.3
1986-11-18,,,19.5,,,57.55,58.3
1986-11-19,,,19.5,,,57.55,58.3
1986-11-20,,,19.5,,,58.0,58.65
1986-11-21,,,19.5,,,58.0,58.65
1986-11-22,,,19.5,,,58.0,58.65
1986-11-23,,,19.5,,,58.0,58.65
1986-11-24,,,19.5,,,58.0,58.65
1986-11-25,,,19.5,,,58.0,58.65
1986-11-26,,,19.5,,,58.0,58.65
1986-11-27,,,19.5,,,58.0,58.65
1986-11-28,,,19.5,,,58.0,58.65
1986-11-29,,,19.5,,,58.0,58.65
1986-11-30,3.52464526,,19.5,,,58.0,58.65
1986-12-01,,,19.5,,,58.0,58.65
1986-12-02,,,19.5,,,58.0,58.65
1986-12-03,,,19.5,,,58.15,58.9
1986-12-04,,,19.5,,,58.15,58.9
1986-12-05,,,19.5,,,58.15,58.9
1986-12-06,,,19.5,,,58.15,58.9
1986-12-07,,,19.5,,,58.15,58.9
1986-12-08,,,19.5,,,58.15,58.9
1986-12-09,,,19.5,,,58.15,58.9
1986-12-10,,,19.5,,,58.15,58.9
1986-12-11,,,19.5,,,58.15,58.9
1986-12-12,,,19.5,,,58.15,58.9
1986-12-13,,,19.5,,,58.15,58.9
1986-12-14,,,19.5,,,58.15,58.9
1986-12-15,,,19.5,,,58.15,58.9
1986-12-16,,,19.5,,,58.15,58.9
1986-12-17,,,19.5,,,58.15,58.9
1986-12-18,,,19.5,,,58.15,58.9
1986-12-19,,,19.5,,,58.15,58.9
1986-12-20,,,19.5,,,58.15,58.9
1986-12-21,,,19.5,,,58.15,58.9
1986-12-22,,,19.5,,,58.15,58.9
1986-12-23,,,19.5,,,58.15,58.9
1986-12-24,,,19.5,,,58.5,59.25
1986-12-25,,,19.5,,,58.5,59.25
1986-12-26,,,19.5,,,58.5,59.25
1986-12-27,,,19.5,,,58.5,59.25
1986-12-28,,,19.5,,,58.5,59.25
1986-12-29,,,19.5,,,58.5,59.25
1986-12-30,,,19.5,,,58.5,59.25
1986-12-31,3.59831355,,19.5,,,58.5,59.25
1987-01-01,,,20.0,,,58.5,59.25
1987-01-02,,,20.0,,,58.5,59.25
1987-01-03,,,20.0,,,58.5,59.25
1987-01-04,,,20.0,,,58.5,59.25
1987-01-05,,,20.0,,,58.5,59.25
1987-01-06,,,20.0,,,58.5,59.25
1987-01-07,,,20.0,,,58.5,59.25
1987-01-08,,,20.0,,,58.5,59.25
1987-01-09,,,20.0,,,58.5,59.25
1987-01-10,,,20.0,,,58.5,59.25
1987-01-11,,,20.0,,,58.5,59.25
1987-01-12,,,20.0,,,58.5,59.25
1987-01-13,,,20.0,,,58.5,59.25
1987-01-14,,,20.0,,,58.5,59.25
1987-01-15,,,20.0,,,58.5,59.25
1987-01-16,,,20.0,,,58.5,59.25
1987-01-17,,,20.0,,,58.5,59.25
1987-01-18,,,20.0,,,58.5,59.25
1987-01-19,,,20.0,,,58.5,59.25
1987-01-20,,,20.0,,,58.5,59.25
1987-01-21,,,20.0,,,58.5,59.25
1987-01-22,,,20.0,,,58.8,59.55
1987-01-23,,,20.0,,,58.8,59.55
1987-01-24,,,20.0,,,58.8,59.55
1987-01-25,,,20.0,,,58.8,59.55
1987-01-26,,,20.0,,,58.8,59.55
1987-01-27,,,20.0,,,58.8,59.55
1987-01-28,,,20.0,,,58.8,59.55
1987-01-29,,,20.0,,,58.8,59.55
1987-01-30,,,20.0,,,58.8,59.55
1987-01-31,3.69292318,,20.0,,,58.8,59.55
1987-02-01,,,19.5,,,58.8,59.55
1987-02-02,,,19.5,,,58.8,59.55
1987-02-03,,,19.5,,,58.8,59.55
1987-02-04,,,19.5,,,58.8,59.55
1987-02-05,,,19.5,,,58.8,59.55
1987-02-06,,,19.5,,,58.8,59.55
1987-02-07,,,19.5,,,58.8,59.55
1987-02-08,,,19.5,,,58.8,59.55
1987-02-09,,,19.5,,,58.8,59.55
1987-02-10,,,19.5,,,58.8,59.55
1987-02-11,,,19.5,,,58.8,59.55
1987-02-12,,,19.5,,,59.1,59.85
1987-02-13,,,19.5,,,59.1,59.85
1987-02-14,,,19.5,,,59.1,59.85
1987-02-15,,,19.5,,,59.1,59.85
1987-02-16,,,19.5,,,59.1,59.85
1987-02-17,,,19.5,,,59.1,59.85
1987-02-18,,,19.5,,,59.1,59.85
1987-02-19,,,19.5,,,59.1,59.85
1987-02-20,,,19.5,,,59.1,59.85
1987-02-21,,,19.5,,,59.1,59.85
1987-02-22,,,19.5,,,59.1,59.85
1987-02-23,,,19.5,,,59.1,59.85
1987-02-24,,,19.5,,,59.1,59.85
1987-02-25,,,19.5,,,59.35,60.1
1987-02-26,,,19.5,,,59.35,60.1
1987-02-27,,,19.5,,,59.35,60.1
1987-02-28,3.69515555,,19.5,,,59.35,60.1
1987-03-01,,,19.5,,,59.35,60.1
1987-03-02,,,19.5,,,59.35,60.1
1987-03-03,,,19.5,,,59.35,60.1
1987-03-04,,,19.5,,,59.35,60.1
1987-03-05,,,19.5,,,59.35,60.1
1987-03-06,,,19.5,,,59.35,60.1
1987-03-07,,,19.5,,,59.35,60.1
1987-03-08,,,19.5,,,59.35,60.1
1987-03-09,,,19.5,,,59.35,60.1
1987-03-10,,,19.5,,,59.35,60.1
1987-03-11,,,19.5,,,59.35,60.1
1987-03-12,,,19.5,,,59.35,60.1
1987-03-13,,,19.5,,,59.35,60.1
1987-03-14,,,19.5,,,59.35,60.1
1987-03-15,,,19.5,,,59.35,60.1
1987-03-16,,,19.5,,,59.35,60.1
1987-03-17,,,19.5,,,59.35,60.1
1987-03-18,,,19.5,,,59.35,60.1
1987-03-19,,,19.5,,,59.75,60.5
1987-03-20,,,19.5,,,59.75,60.5
1987-03-21,,,19.5,,,59.75,60.5
1987-03-22,,,19.5,,,59.75,60.5
1987-03-23,,,19.5,,,59.75,60.5
1987-03-24,,,19.5,,,59.75,60.5
1987-03-25,,,19.5,,,59.75,60.5
1987-03-26,,,19.5,,,59.75,60.5
1987-03-27,,,19.5,,,59.75,60.5
1987-03-28,,,19.5,,,59.75,60.5
1987-03-29,,,19.5,,,59.75,60.5
1987-03-30,,,19.5,,,59.75,60.5
1987-03-31,3.75611146,,19.5,,,59.75,60.5
1987-04-01,,,20.0,,,59.75,60.5
1987-04-02,,,20.0,,,60.15,60.9
1987-04-03,,,20.0,,,60.15,60.9
1987-04-04,,,20.0,,,60.15,60.9
1987-04-05,,,20.0,,,60.15,60.9
1987-04-06,,,20.0,,,60.15,60.9
1987-04-07,,,20.0,,,60.15,60.9
1987-04-08,,,20.0,,,60.15,60.9
1987-04-09,,,20.0,,,60.15,60.9
1987-04-10,,,20.0,,,60.15,60.9
1987-04-11,,,20.0,,,60.15,60.9
1987-04-12,,,20.0,,,60.15,60.9
1987-04-13,,,20.0,,,60.15,60.9
1987-04-14,,,20.0,,,60.15,60.9
1987-04-15,,,20.0,,,60.5,61.25
1987-04-16,,,20.0,,,60.5,61.25
1987-04-17,,,20.0,,,60.5,61.25
1987-04-18,,,20.0,,,60.5,61.25
1987-04-19,,,20.0,,,60.5,61.25
1987-04-20,,,20.0,,,60.5,61.25
1987-04-21,,,20.0,,,60.5,61.25
1987-04-22,,,20.0,,,60.5,61.25
1987-04-23,,,20.0,,,60.5,61.25
1987-04-24,,,20.0,,,60.5,61.25
1987-04-25,,,20.0,,,60.5,61.25
1987-04-26,,,20.0,,,60.5,61.25
1987-04-27,,,20.0,,,60.5,61.25
1987-04-28,,,20.0,,,60.5,61.25
1987-04-29,,,20.0,,,60.5,61.25
1987-04-30,3.83573897,,20.0,,,60.5,61.25
1987-05-01,,,20.0,,,60.5,61.25
1987-05-02,,,20.0,,,60.5,61.25
1987-05-03,,,20.0,,,60.5,61.25
1987-05-04,,,20.0,,,60.5,61.25
1987-05-05,,,20.0,,,60.5,61.25
1987-05-06,,,20.0,,,60.5,61.25
1987-05-07,,,20.0,,,60.95,61.7
1987-05-08,,,20.0,,,60.95,61.7
1987-05-09,,,20.0,,,60.95,61.7
1987-05-10,,,20.0,,,60.95,61.7
1987-05-11,,,20.0,,,60.95,61.7
1987-05-12,,,20.0,,,60.95,61.7
1987-05-13,,,20.0,,,60.95,61.7
1987-05-14,,,20.0,,,60.95,61.7
1987-05-15,,,20.0,,,60.95,61.7
1987-05-16,,,20.0,,,60.95,61.7
1987-05-17,,,20.0,,,60.95,61.7
1987-05-18,,,20.0,,,60.95,61.7
1987-05-19,,,20.0,,,60.95,61.7
1987-05-20,,,20.0,,,60.95,61.7
1987-05-21,,,20.0,,,60.95,61.7
1987-05-22,,,20.0,,,60.95,61.7
1987-05-23,,,20.0,,,60.95,61.7
1987-05-24,,,20.0,,,60.95,61.7
1987-05-25,,,20.0,,,60.95,61.7
1987-05-26,,,20.0,,,60.95,61.7
1987-05-27,,,20.0,,,60.95,61.7
1987-05-28,,,20.0,,,61.3,62.05
1987-05-29,,,20.0,,,61.3,62.05
1987-05-30,,,20.0,,,61.3,62.05
1987-05-31,3.87947106,,20.0,,,61.3,62.05
1987-06-01,,,20.0,,,61.3,62.05
1987-06-02,,,20.0,,,61.3,62.05
1987-06-03,,,20.0,,,61.3,62.05
1987-06-04,,,20.0,,,61.3,62.05
1987-06-05,,,20.0,,,61.3,62.05
1987-06-06,,,20.0,,,61.3,62.05
1987-06-07,,,20.0,,,61.3,62.05
1987-06-08,,,20.0,,,61.3,62.05
1987-06-09,,,20.0,,,61.3,62.05
1987-06-10,,,20.0,,,61.3,62.05
1987-06-11,,,20.0,,,61.75,62.5
1987-06-12,,,20.0,,,61.75,62.5
1987-06-13,,,20.0,,,61.75,62.5
1987-06-14,,,20.0,,,61.75,62.5
1987-06-15,,,20.0,,,61.75,62.5
1987-06-16,,,20.0,,,61.75,62.5
1987-06-17,,,20.0,,,61.75,62.5
1987-06-18,,,20.0,,,61.75,62.5
1987-06-19,,,20.0,,,61.75,62.5
1987-06-20,,,20.0,,,61.75,62.5
1987-06-21,,,20.0,,,61.75,62.5
1987-06-22,,,20.0,,,61.75,62.5
1987-06-23,,,20.0,,,61.75,62.5
1987-06-24,,,20.0,,,61.75,62.5
1987-06-25,,,20.0,,,62.0,62.75
1987-06-26,,,20.0,,,62.0,62.75
1987-06-27,,,20.0,,,62.0,62.75
1987-06-28,,,20.0,,,62.0,62.75
1987-06-29,,,20.0,,,62.0,62.75
1987-06-30,3.89536854,,20.0,,,62.0,62.75
1987-07-01,,,20.0,,,62.0,62.75
1987-07-02,,,20.0,,,62.0,62.75
1987-07-03,,,20.0,,,62.0,62.75
1987-07-04,,,20.0,,,62.0,62.75
1987-07-05,,,20.0,,,62.0,62.75
1987-07-06,,,20.0,,,62.0,62.75
1987-07-07,,,20.0,,,62.0,62.75
1987-07-08,,,20.0,,,62.0,62.75
1987-07-09,,,20.0,,,62.25,63.0
1987-07-10,,,20.0,,,62.25,63.0
1987-07-11,,,20.0,,,62.25,63.0
1987-07-12,,,20.0,,,62.25,63.0
1987-07-13,,,20.0,,,62.25,63.0
1987-07-14,,,20.0,,,62.25,63.0
1987-07-15,,,20.0,,,62.25,63.0
1987-07-16,,,20.0,,,62.25,63.0
1987-07-17,,,20.0,,,62.25,63.0
1987-07-18,,,20.0,,,62.25,63.0
1987-07-19,,,20.0,,,62.25,63.0
1987-07-20,,,20.0,,,62.25,63.0
1987-07-21,,,20.0,,,62.25,63.0
1987-07-22,,,20.0,,,62.25,63.0
1987-07-23,,,20.0,,,62.25,63.0
1987-07-24,,,20.0,,,62.25,63.0
1987-07-25,,,20.0,,,62.25,63.0
1987-07-26,,,20.0,,,62.25,63.0
1987-07-27,,,20.0,,,62.25,63.0
1987-07-28,,,20.0,,,62.6,63.35
1987-07-29,,,20.0,,,62.6,63.35
1987-07-30,,,20.0,,,62.6,63.35
1987-07-31,3.90708149,,20.0,,,62.6,63.35
1987-08-01,,,20.5,,,62.6,63.35
1987-08-02,,,20.5,,,62.6,63.35
1987-08-03,,,20.5,,,62.6,63.35
1987-08-04,,,20.5,,,62.6,63.35
1987-08-05,,,20.5,,,62.6,63.35
1987-08-06,,,20.5,,,62.6,63.35
1987-08-07,,,20.5,,,62.6,63.35
1987-08-08,,,20.5,,,62.6,63.35
1987-08-09,,,20.5,,,62.6,63.35
1987-08-10,,,20.5,,,62.6,63.35
1987-08-11,,,20.5,,,62.6,63.35
1987-08-12,,,20.5,,,62.6,63.35
1987-08-13,,,20.5,,,63.0,63.75
1987-08-14,,,20.5,,,63.0,63.75
1987-08-15,,,20.5,,,63.0,63.75
1987-08-16,,,20.5,,,63.0,63.75
1987-08-17,,,20.5,,,63.0,63.75
1987-08-18,,,20.5,,,63.0,63.75
1987-08-19,,,20.5,,,63.0,63.75
1987-08-20,,,20.5,,,63.0,63.75
1987-08-21,,,20.5,,,63.0,63.75
1987-08-22,,,20.5,,,63.0,63.75
1987-08-23,,,20.5,,,63.0,63.75
1987-08-24,,,20.5,,,63.0,63.75
1987-08-25,,,20.5,,,63.0,63.75
1987-08-26,,,20.5,,,63.0,63.75
1987-08-27,,,20.5,,,63.35,64.1
1987-08-28,,,20.5,,,63.35,64.1
1987-08-29,,,20.5,,,63.35,64.1
1987-08-30,,,20.5,,,63.35,64.1
1987-08-31,3.93167495,,20.5,,,63.35,64.1
1987-09-01,,,20.5,,,63.35,64.1
1987-09-02,,,20.5,,,63.35,64.1
1987-09-03,,,20.5,,,63.35,64.35
1987-09-04,,,20.5,,,63.35,64.35
1987-09-05,,,20.5,,,63.35,64.35
1987-09-06,,,20.5,,,63.35,64.35
1987-09-07,,,20.5,,,63.35,64.35
1987-09-08,,,20.5,,,63.35,64.35
1987-09-09,,,20.5,,,63.35,64.35
1987-09-10,,,20.5,,,63.85,64.85
1987-09-11,,,20.5,,,63.85,64.85
1987-09-12,,,20.5,,,63.85,64.85
1987-09-13,,,20.5,,,63.85,64.85
1987-09-14,,,20.5,,,63.85,64.85
1987-09-15,,,20.5,,,63.85,64.85
1987-09-16,,,20.5,,,63.85,64.85
1987-09-17,,,20.5,,,63.85,64.85
1987-09-18,,,20.5,,,63.85,64.85
1987-09-19,,,20.5,,,63.85,64.85
1987-09-20,,,20.5,,,63.85,64.85
1987-09-21,,,20.5,,,63.85,64.85
1987-09-22,,,20.5,,,63.85,64.85
1987-09-23,,,20.5,,,63.85,64.85
1987-09-24,,,20.5,,,64.35,65.35
1987-09-25,,,20.5,,,64.35,65.35
1987-09-26,,,20.5,,,64.35,65.35
1987-09-27,,,20.5,,,64.35,65.35
1987-09-28,,,20.5,,,64.35,65.35
1987-09-29,,,20.5,,,64.35,65.35
1987-09-30,3.97805038,,20.5,,,64.35,65.35
1987-10-01,,,21.0,,,64.35,65.35
1987-10-02,,,21.0,,,64.35,65.35
1987-10-03,,,21.0,,,64.35,65.35
1987-10-04,,,21.0,,,64.35,65.35
1987-10-05,,,21.0,,,64.35,65.35
1987-10-06,,,21.0,,,64.35,65.35
1987-10-07,,,21.0,,,64.35,65.35
1987-10-08,,,21.0,,,64.85,65.85
1987-10-09,,,21.0,,,64.85,65.85
1987-10-10,,,21.0,,,64.85,65.85
1987-10-11,,,21.0,,,64.85,65.85
1987-10-12,,,21.0,,,64.85,65.85
1987-10-13,,,21.0,,,64.85,65.85
1987-10-14,,,21.0,,,64.85,65.85
1987-10-15,,,21.0,,,65.35,66.35
1987-10-16,,,21.0,,,65.35,66.35
1987-10-17,,,21.0,,,65.35,66.35
1987-10-18,,,21.0,,,65.35,66.35
1987-10-19,,,21.0,,,65.35,66.35
1987-10-20,,,21.0,,,65.35,66.35
1987-10-21,,,21.0,,,65.35,66.35
1987-10-22,,,21.0,,,65.35,66.35
1987-10-23,,,21.0,,,65.35,66.35
1987-10-24,,,21.0,,,65.35,66.35
1987-10-25,,,21.0,,,65.35,66.35
1987-10-26,,,21.0,,,65.35,66.35
1987-10-27,,,21.0,,,65.35,66.35
1987-10-28,,,21.0,,,65.75,66.75
1987-10-29,,,21.0,,,65.75,66.75
1987-10-30,,,21.0,,,65.75,66.75
1987-10-31,4.00789319,,21.0,,,65.75,66.75
1987-11-01,,,23.0,,,65.75,66.75
1987-11-02,,,23.0,,,65.75,66.75
1987-11-03,,,23.0,,,65.75,66.75
1987-11-04,,,23.0,,,65.75,66.75
1987-11-05,,,23.0,,,66.25,67.25
1987-11-06,,,23.0,,,66.25,67.25
1987-11-07,,,23.0,,,66.25,67.25
1987-11-08,,,23.0,,,66.25,67.25
1987-11-09,,,23.0,,,66.25,67.25
1987-11-10,,,23.0,,,66.25,67.25
1987-11-11,,,23.0,,,66.25,67.25
1987-11-12,,,23.0,,,66.25,67.25
1987-11-13,,,23.0,,,66.25,67.25
1987-11-14,,,23.0,,,66.25,67.25
1987-11-15,,,23.0,,,66.25,67.25
1987-11-16,,,23.0,,,66.25,67.25
1987-11-17,,,23.0,,,66.25,67.25
1987-11-18,,,23.0,,,66.25,67.25
1987-11-19,,,23.0,,,66.75,67.75
1987-11-20,,,23.0,,,66.75,67.75
1987-11-21,,,23.0,,,66.75,67.75
1987-11-22,,,23.0,,,66.75,67.75
1987-11-23,,,23.0,,,66.75,67.75
1987-11-24,,,23.0,,,66.75,67.75
1987-11-25,,,23.0,,,66.75,67.75
1987-11-26,,,23.0,,,66.75,67.75
1987-11-27,,,23.0,,,66.75,67.75
1987-11-28,,,23.0,,,66.75,67.75
1987-11-29,,,23.0,,,66.75,67.75
1987-11-30,4.10086823,,23.0,,,66.75,67.75
1987-12-01,,,22.0,,,67.25,68.25
1987-12-02,,,22.0,,,67.25,68.25
1987-12-03,,,22.0,,,67.25,68.25
1987-12-04,,,22.0,,,67.25,68.25
1987-12-05,,,22.0,,,67.25,68.25
1987-12-06,,,22.0,,,67.25,68.25
1987-12-07,,,22.0,,,67.25,68.25
1987-12-08,,,22.0,,,67.25,68.25
1987-12-09,,,22.0,,,67.25,68.25
1987-12-10,,,22.0,,,67.75,68.75
1987-12-11,,,22.0,,,67.75,68.75
1987-12-12,,,22.0,,,67.75,68.75
1987-12-13,,,22.0,,,67.75,68.75
1987-12-14,,,22.0,,,67.75,68.75
1987-12-15,,,22.0,,,67.75,68.75
1987-12-16,,,22.0,,,67.75,68.75
1987-12-17,,,22.0,,,67.75,68.75
1987-12-18,,,22.0,,,68.25,69.25
1987-12-19,,,22.0,,,68.25,69.25
1987-12-20,,,22.0,,,68.25,69.25
1987-12-21,,,22.0,,,68.25,69.25
1987-12-22,,,22.0,,,68.25,69.25
1987-12-23,,,22.0,,,68.25,69.25
1987-12-24,,,22.0,,,68.75,69.75
1987-12-25,,,22.0,,,68.75,69.75
1987-12-26,,,22.0,,,68.75,69.75
1987-12-27,,,22.0,,,68.75,69.75
1987-12-28,,,22.0,,,68.75,69.75
1987-12-29,,,22.0,,,68.75,69.75
1987-12-30,,,22.0,,,68.75,69.75
1987-12-31,4.18942523,,22.0,,,68.75,69.75
1988-01-01,,,23.5,,,68.75,69.75
1988-01-02,,,23.5,,,68.75,69.75
1988-01-03,,,23.5,,,68.75,69.75
1988-01-04,,,23.5,,,68.75,69.75
1988-01-05,,,23.5,,,68.75,69.75
1988-01-06,,,23.5,,,68.75,69.75
1988-01-07,,,23.5,,,68.75,69.75
1988-01-08,,,23.5,,,68.75,69.75
1988-01-09,,,23.5,,,68.75,69.75
1988-01-10,,,23.5,,,68.75,69.75
1988-01-11,,,23.5,,,68.75,69.75
1988-01-12,,,23.5,,,68.75,69.75
1988-01-13,,,23.5,,,68.75,69.75
1988-01-14,,,23.5,,,68.75,69.75
1988-01-15,,,23.5,,,68.75,69.75
1988-01-16,,,23.5,,,68.75,69.75
1988-01-17,,,23.5,,,68.75,69.75
1988-01-18,,,23.5,,,72.95,73.95
1988-01-19,,,23.5,,,72.95,73.95
1988-01-20,,,23.5,,,72.95,73.95
1988-01-21,,,23.5,,,72.95,73.95
1988-01-22,,,23.5,,,72.95,73.95
1988-01-23,,,23.5,,,72.95,73.95
1988-01-24,,,23.5,,,72.95,73.95
1988-01-25,,,23.5,,,72.95,73.95
1988-01-26,,,23.5,,,72.95,73.95
1988-01-27,,,23.5,,,72.95,73.95
1988-01-28,,,23.5,,,72.95,73.95
1988-01-29,,,23.5,,,72.95,73.95
1988-01-30,,,23.5,,,72.95,73.95
1988-01-31,4.25393052,,23.5,,,72.95,73.95
1988-02-01,,,23.5,,,72.95,73.95
1988-02-02,,,23.5,,,72.95,73.95
1988-02-03,,,23.5,,,72.95,73.95
1988-02-04,,,23.5,,,72.95,73.95
1988-02-05,,,23.5,,,72.95,73.95
1988-02-06,,,23.5,,,72.95,73.95
1988-02-07,,,23.5,,,72.95,73.95
1988-02-08,,,23.5,,,72.95,73.95
1988-02-09,,,23.5,,,72.95,73.95
1988-02-10,,,23.5,,,72.95,73.95
1988-02-11,,,23.5,,,72.95,73.95
1988-02-12,,,23.5,,,72.95,73.95
1988-02-13,,,23.5,,,72.95,73.95
1988-02-14,,,23.5,,,72.95,73.95
1988-02-15,,,23.5,,,72.95,73.95
1988-02-16,,,23.5,,,72.95,73.95
1988-02-17,,,23.5,,,72.95,73.95
1988-02-18,,,23.5,,,72.95,73.95
1988-02-19,,,23.5,,,72.95,73.95
1988-02-20,,,23.5,,,72.95,73.95
1988-02-21,,,23.5,,,72.95,73.95
1988-02-22,,,23.5,,,72.95,73.95
1988-02-23,,,23.5,,,72.95,73.95
1988-02-24,,,23.5,,,72.95,73.95
1988-02-25,,,23.5,,,73.2,74.2
1988-02-26,,,23.5,,,73.2,74.2
1988-02-27,,,23.5,,,73.2,74.2
1988-02-28,,,23.5,,,73.2,74.2
1988-02-29,4.41642669,,23.5,,,73.2,74.2
1988-03-01,,,23.5,,,73.2,74.2
1988-03-02,,,23.5,,,73.2,74.2
1988-03-03,,,23.5,,,73.2,74.2
1988-03-04,,,23.5,,,73.2,74.2
1988-03-05,,,23.5,,,73.2,74.2
1988-03-06,,,23.5,,,73.2,74.2
1988-03-07,,,23.5,,,73.2,74.2
1988-03-08,,,23.5,,,73.2,74.2
1988-03-09,,,23.5,,,73.2,74.2
1988-03-10,,,23.5,,,73.2,74.2
1988-03-11,,,23.5,,,73.2,74.2
1988-03-12,,,23.5,,,73.2,74.2
1988-03-13,,,23.5,,,73.2,74.2
1988-03-14,,,23.5,,,73.2,74.2
1988-03-15,,,23.5,,,73.2,74.2
1988-03-16,,,23.5,,,73.2,74.2
1988-03-17,,,23.5,,,73.2,74.2
1988-03-18,,,23.5,,,73.2,74.2
1988-03-19,,,23.5,,,73.2,74.2
1988-03-20,,,23.5,,,73.2,74.2
1988-03-21,,,23.5,,,73.2,74.2
1988-03-22,,,23.5,,,73.2,74.2
1988-03-23,,,23.5,,,73.2,74.2
1988-03-24,,,23.5,,,73.2,74.2
1988-03-25,,,23.5,,,73.2,74.2
1988-03-26,,,23.5,,,73.2,74.2
1988-03-27,,,23.5,,,73.2,74.2
1988-03-28,,,23.5,,,73.2,74.2
1988-03-29,,,23.5,,,73.2,74.2
1988-03-30,,,23.5,,,73.5,74.5
1988-03-31,4.49768878,,23.5,,,73.5,74.5
1988-04-01,,,23.5,,,73.5,74.5
1988-04-02,,,23.5,,,73.5,74.5
1988-04-03,,,23.5,,,73.5,74.5
1988-04-04,,,23.5,,,73.5,74.5
1988-04-05,,,23.5,,,73.5,74.5
1988-04-06,,,23.5,,,73.5,74.5
1988-04-07,,,23.5,,,73.5,74.5
1988-04-08,,,23.5,,,73.5,74.5
1988-04-09,,,23.5,,,73.5,74.5
1988-04-10,,,23.5,,,73.5,74.5
1988-04-11,,,23.5,,,73.5,74.5
1988-04-12,,,23.5,,,73.5,74.5
1988-04-13,,,23.5,,,73.5,74.5
1988-04-14,,,23.5,,,73.75,74.75
1988-04-15,,,23.5,,,73.75,74.75
1988-04-16,,,23.5,,,73.75,74.75
1988-04-17,,,23.5,,,73.75,74.75
1988-04-18,,,23.5,,,73.75,74.75
1988-04-19,,,23.5,,,73.75,74.75
1988-04-20,,,23.5,,,73.75,74.75
1988-04-21,,,23.5,,,73.75,74.75
1988-04-22,,,23.5,,,73.75,74.75
1988-04-23,,,23.5,,,73.75,74.75
1988-04-24,,,23.5,,,73.75,74.75
1988-04-25,,,23.5,,,73.75,74.75
1988-04-26,,,23.5,,,73.75,74.75
1988-04-27,,,23.5,,,74.05,75.05
1988-04-28,,,23.5,,,74.05,75.05
1988-04-29,,,23.5,,,74.05,75.05
1988-04-30,4.57864264,,23.5,,,74.05,75.05
1988-05-01,,,23.5,,,74.05,75.05
1988-05-02,,,23.5,,,74.05,75.05
1988-05-03,,,23.5,,,74.05,75.05
1988-05-04,,,23.5,,,74.05,75.05
1988-05-05,,,23.5,,,74.05,75.05
1988-05-06,,,23.5,,,74.05,75.05
1988-05-07,,,23.5,,,74.05,75.05
1988-05-08,,,23.5,,,74.05,75.05
1988-05-09,,,23.5,,,74.05,75.05
1988-05-10,,,23.5,,,74.05,75.05
1988-05-11,,,23.5,,,74.05,75.05
1988-05-12,,,23.5,,,74.4,75.4
1988-05-13,,,23.5,,,74.4,75.4
1988-05-14,,,23.5,,,74.4,75.4
1988-05-15,,,23.5,,,74.4,75.4
1988-05-16,,,23.5,,,74.4,75.4
1988-05-17,,,23.5,,,74.4,75.4
1988-05-18,,,23.5,,,74.4,75.4
1988-05-19,,,23.5,,,74.4,75.4
1988-05-20,,,23.5,,,74.4,75.4
1988-05-21,,,23.5,,,74.4,75.4
1988-05-22,,,23.5,,,74.4,75.4
1988-05-23,,,23.5,,,74.4,75.4
1988-05-24,,,23.5,,,74.4,75.4
1988-05-25,,,23.5,,,74.4,75.4
1988-05-26,,,23.5,,,74.75,75.75
1988-05-27,,,23.5,,,74.75,75.75
1988-05-28,,,23.5,,,74.75,75.75
1988-05-29,,,23.5,,,74.75,75.75
1988-05-30,,,23.5,,,74.75,75.75
1988-05-31,4.60657065,,23.5,,,74.75,75.75
1988-06-01,,,23.0,,,74.75,75.75
1988-06-02,,,23.0,,,74.75,75.75
1988-06-03,,,23.0,,,74.75,75.75
1988-06-04,,,23.0,,,74.75,75.75
1988-06-05,,,23.0,,,74.75,75.75
1988-06-06,,,23.0,,,74.75,75.75
1988-06-07,,,23.0,,,74.75,75.75
1988-06-08,,,23.0,,,75.1,76.1
1988-06-09,,,23.0,,,75.1,76.1
1988-06-10,,,23.0,,,75.1,76.1
1988-06-11,,,23.0,,,75.1,76.1
1988-06-12,,,23.0,,,75.1,76.1
1988-06-13,,,23.0,,,75.1,76.1
1988-06-14,,,23.0,,,75.1,76.1
1988-06-15,,,23.0,,,75.1,76.1
1988-06-16,,,23.0,,,75.1,76.1
1988-06-17,,,23.0,,,75.1,76.1
1988-06-18,,,23.0,,,75.1,76.1
1988-06-19,,,23.0,,,75.1,76.1
1988-06-20,,,23.0,,,75.1,76.1
1988-06-21,,,23.0,,,75.1,76.1
1988-06-22,,,23.0,,,75.1,76.1
1988-06-23,,,23.0,,,75.1,76.1
1988-06-24,,,23.0,,,75.1,76.1
1988-06-25,,,23.0,,,75.45,76.45
1988-06-26,,,23.0,,,75.45,76.45
1988-06-27,,,23.0,,,75.45,76.45
1988-06-28,,,23.0,,,75.45,76.45
1988-06-29,,,23.0,,,75.45,76.45
1988-06-30,4.66551836,,23.0,,,75.45,76.45
1988-07-01,,,23.0,,,75.45,76.45
1988-07-02,,,23.0,,,75.45,76.45
1988-07-03,,,23.0,,,75.45,76.45
1988-07-04,,,23.0,,,75.45,76.45
1988-07-05,,,23.0,,,75.45,76.45
1988-07-06,,,23.0,,,75.45,76.45
1988-07-07,,,23.0,,,75.45,76.45
1988-07-08,,,23.0,,,75.45,76.45
1988-07-09,,,23.0,,,75.45,76.45
1988-07-10,,,23.0,,,75.45,76.45
1988-07-11,,,23.0,,,75.45,76.45
1988-07-12,,,23.0,,,75.45,76.45
1988-07-13,,,23.0,,,75.45,76.45
1988-07-14,,,23.0,,,75.8,76.8
1988-07-15,,,23.0,,,75.8,76.8
1988-07-16,,,23.0,,,75.8,76.8
1988-07-17,,,23.0,,,75.8,76.8
1988-07-18,,,23.0,,,75.8,76.8
1988-07-19,,,23.0,,,75.8,76.8
1988-07-20,,,23.0,,,75.8,76.8
1988-07-21,,,23.0,,,75.8,76.8
1988-07-22,,,23.0,,,75.8,76.8
1988-07-23,,,23.0,,,75.8,76.8
1988-07-24,,,23.0,,,75.8,76.8
1988-07-25,,,23.0,,,75.8,76.8
1988-07-26,,,23.0,,,75.8,76.8
1988-07-27,,,23.0,,,75.8,76.8
1988-07-28,,,23.0,,,75.8,76.8
1988-07-29,,,23.0,,,76.1,77.1
1988-07-30,,,23.0,,,76.1,77.1
1988-07-31,4.71544318,,23.0,,,76.1,77.1
1988-08-01,,,23.0,,,76.1,77.1
1988-08-02,,,23.0,,,76.1,77.1
1988-08-03,,,23.0,,,76.1,77.1
1988-08-04,,,23.0,,,76.1,77.1
1988-08-05,,,23.0,,,76.1,77.1
1988-08-06,,,23.0,,,76.1,77.1
1988-08-07,,,23.0,,,76.1,77.1
1988-08-08,,,23.0,,,76.1,77.1
1988-08-09,,,23.0,,,76.1,77.1
1988-08-10,,,23.0,,,76.1,77.1
1988-08-11,,,23.0,,,76.1,77.1
1988-08-12,,,23.0,,,76.1,77.1
1988-08-13,,,23.0,,,76.1,77.1
1988-08-14,,,23.0,,,76.1,77.1
1988-08-15,,,23.0,,,76.1,77.1
1988-08-16,,,23.0,,,76.1,77.1
1988-08-17,,,23.0,,,76.1,77.1
1988-08-18,,,23.0,,,76.45,77.45
1988-08-19,,,23.0,,,76.45,77.45
1988-08-20,,,23.0,,,76.45,77.45
1988-08-21,,,23.0,,,76.45,77.45
1988-08-22,,,23.0,,,76.45,77.45
1988-08-23,,,23.0,,,76.45,77.45
1988-08-24,,,23.0,,,76.45,77.45
1988-08-25,,,23.0,,,76.45,77.45
1988-08-26,,,23.0,,,76.45,77.45
1988-08-27,,,23.0,,,76.45,77.45
1988-08-28,,,23.0,,,76.45,77.45
1988-08-29,,,23.0,,,76.45,77.45
1988-08-30,,,23.0,,,76.45,77.45
1988-08-31,4.76072578,,23.0,,,76.45,77.45
1988-09-01,,,23.0,,,76.75,77.75
1988-09-02,,,23.0,,,76.75,77.75
1988-09-03,,,23.0,,,76.75,77.75
1988-09-04,,,23.0,,,76.75,77.75
1988-09-05,,,23.0,,,76.75,77.75
1988-09-06,,,23.0,,,76.75,77.75
1988-09-07,,,23.0,,,76.75,77.75
1988-09-08,,,23.0,,,76.75,77.75
1988-09-09,,,23.0,,,76.75,77.75
1988-09-10,,,23.0,,,76.75,77.75
1988-09-11,,,23.0,,,76.75,77.75
1988-09-12,,,23.0,,,76.75,77.75
1988-09-13,,,23.0,,,76.75,77.75
1988-09-14,,,23.0,,,76.75,77.75
1988-09-15,,,23.0,,,77.1,78.1
1988-09-16,,,23.0,,,77.1,78.1
1988-09-17,,,23.0,,,77.1,78.1
1988-09-18,,,23.0,,,77.1,78.1
1988-09-19,,,23.0,,,77.1,78.1
1988-09-20,,,23.0,,,77.1,78.1
1988-09-21,,,23.0,,,77.1,78.1
1988-09-22,,,23.0,,,77.1,78.1
1988-09-23,,,23.0,,,77.1,78.1
1988-09-24,,,23.0,,,77.1,78.1
1988-09-25,,,23.0,,,77.1,78.1
1988-09-26,,,23.0,,,77.1,78.1
1988-09-27,,,23.0,,,77.1,78.1
1988-09-28,,,23.0,,,77.1,78.1
1988-09-29,,,23.0,,,77.4,78.47
1988-09-30,4.84263236,,23.0,,,77.4,78.47
1988-10-01,,,23.5,,,77.4,78.47
1988-10-02,,,23.5,,,77.4,78.47
1988-10-03,,,23.5,,,77.4,78.47
1988-10-04,,,23.5,,,77.4,78.47
1988-10-05,,,23.5,,,77.4,78.47
1988-10-06,,,23.5,,,77.4,78.47
1988-10-07,,,23.5,,,77.4,78.47
1988-10-08,,,23.5,,,77.4,78.47
1988-10-09,,,23.5,,,77.4,78.47
1988-10-10,,,23.5,,,77.4,78.47
1988-10-11,,,23.5,,,77.4,78.47
1988-10-12,,,23.5,,,77.7,78.7
1988-10-13,,,23.5,,,77.7,78.7
1988-10-14,,,23.5,,,77.7,78.7
1988-10-15,,,23.5,,,77.7,78.7
1988-10-16,,,23.5,,,77.7,78.7
1988-10-17,,,23.5,,,77.7,78.7
1988-10-18,,,23.5,,,77.7,78.7
1988-10-19,,,23.5,,,77.7,78.7
1988-10-20,,,23.5,,,77.7,78.7
1988-10-21,,,23.5,,,77.7,78.7
1988-10-22,,,23.5,,,77.7,78.7
1988-10-23,,,23.5,,,77.7,78.7
1988-10-24,,,23.5,,,77.7,78.7
1988-10-25,,,23.5,,,77.7,78.7
1988-10-26,,,23.5,,,77.7,78.7
1988-10-27,,,23.5,,,78.0,79.0
1988-10-28,,,23.5,,,78.0,79.0
1988-10-29,,,23.5,,,78.0,79.0
1988-10-30,,,23.5,,,78.0,79.0
1988-10-31,4.98885743,,23.5,,,78.0,79.0
1988-11-01,,,23.5,,,78.0,79.0
1988-11-02,,,23.5,,,78.0,79.0
1988-11-03,,,23.5,,,78.0,79.0
1988-11-04,,,23.5,,,78.0,79.0
1988-11-05,,,23.5,,,78.0,79.0
1988-11-06,,,23.5,,,78.0,79.0
1988-11-07,,,23.5,,,78.0,79.0
1988-11-08,,,23.5,,,78.0,79.0
1988-11-09,,,23.5,,,78.0,79.0
1988-11-10,,,23.5,,,78.35,79.35
1988-11-11,,,23.5,,,78.35,79.35
1988-11-12,,,23.5,,,78.35,79.35
1988-11-13,,,23.5,,,78.35,79.35
1988-11-14,,,23.5,,,78.35,79.35
1988-11-15,,,23.5,,,78.35,79.35
1988-11-16,,,23.5,,,78.35,79.35
1988-11-17,,,23.5,,,78.35,79.35
1988-11-18,,,23.5,,,78.35,79.35
1988-11-19,,,23.5,,,78.35,79.35
1988-11-20,,,23.5,,,78.35,79.35
1988-11-21,,,23.5,,,78.35,79.35
1988-11-22,,,23.5,,,78.35,79.35
1988-11-23,,,23.5,,,78.35,79.35
1988-11-24,,,23.5,,,78.35,79.35
1988-11-25,,,23.5,,,78.35,79.35
1988-11-26,,,23.5,,,78.65,79.65
1988-11-27,,,23.5,,,78.65,79.65
1988-11-28,,,23.5,,,78.65,79.65
1988-11-29,,,23.5,,,78.65,79.65
1988-11-30,5.053727,,23.5,,,78.65,79.65
1988-12-01,,,23.5,,,78.65,79.65
1988-12-02,,,23.5,,,78.65,79.65
1988-12-03,,,23.5,,,78.65,79.65
1988-12-04,,,23.5,,,78.65,79.65
1988-12-05,,,23.5,,,78.65,79.65
1988-12-06,,,23.5,,,78.65,79.65
1988-12-07,,,23.5,,,78.65,79.65
1988-12-08,,,23.5,,,78.65,79.65
1988-12-09,,,23.5,,,78.65,79.65
1988-12-10,,,23.5,,,78.65,79.65
1988-12-11,,,23.5,,,78.65,79.65
1988-12-12,,,23.5,,,78.65,79.65
1988-12-13,,,23.5,,,78.65,79.65
1988-12-14,,,23.5,,,78.65,79.65
1988-12-15,,,23.5,,,79.0,80.0
1988-12-16,,,23.5,,,79.0,80.0
1988-12-17,,,23.5,,,79.0,80.0
1988-12-18,,,23.5,,,79.0,80.0
1988-12-19,,,23.5,,,79.0,80.0
1988-12-20,,,23.5,,,79.0,80.0
1988-12-21,,,23.5,,,79.0,80.0
1988-12-22,,,23.5,,,79.0,80.0
1988-12-23,,,23.5,,,79.0,80.0
1988-12-24,,,23.5,,,79.0,80.0
1988-12-25,,,23.5,,,79.0,80.0
1988-12-26,,,23.5,,,79.0,80.0
1988-12-27,,,23.5,,,79.0,80.0
1988-12-28,,,23.5,,,79.0,80.0
1988-12-29,,,23.5,,,79.0,80.0
1988-12-30,,,23.5,,,79.0,80.0
1988-12-31,5.25084829,,23.5,,,79.0,80.0
1989-01-01,,,23.5,,,79.0,80.0
1989-01-02,,,23.5,,,79.0,80.0
1989-01-03,,,23.5,,,79.0,80.0
1989-01-04,,,23.5,,,79.0,80.0
1989-01-05,,,23.5,,,79.0,80.0
1989-01-06,,,23.5,,,79.0,80.0
1989-01-07,,,23.5,,,79.0,80.0
1989-01-08,,,23.5,,,79.0,80.0
1989-01-09,,,23.5,,,79.0,80.0
1989-01-10,,,23.5,,,79.0,80.0
1989-01-11,,,23.5,,,79.0,80.0
1989-01-12,,,23.5,,,79.15,80.15
1989-01-13,,,23.5,,,79.15,80.15
1989-01-14,,,23.5,,,79.15,80.15
1989-01-15,,,23.5,,,79.15,80.15
1989-01-16,,,23.5,,,79.15,80.15
1989-01-17,,,23.5,,,79.15,80.15
1989-01-18,,,23.5,,,79.15,80.15
1989-01-19,,,23.5,,,79.15,80.15
1989-01-20,,,23.5,,,79.15,80.15
1989-01-21,,,23.5,,,79.15,80.15
1989-01-22,,,23.5,,,79.15,80.15
1989-01-23,,,23.5,,,79.15,80.15
1989-01-24,,,23.5,,,79.15,80.15
1989-01-25,,,23.5,,,79.15,80.15
1989-01-26,,,23.5,,,79.15,80.15
1989-01-27,,,23.5,,,79.15,80.15
1989-01-28,,,23.5,,,79.15,80.15
1989-01-29,,,23.5,,,79.15,80.15
1989-01-30,,,23.5,,,79.15,80.15
1989-01-31,5.30596641,,23.5,,,79.15,80.15
1989-02-01,,,23.5,,,79.15,80.15
1989-02-02,,,23.5,,,79.3,80.3
1989-02-03,,,23.5,,,79.3,80.3
1989-02-04,,,23.5,,,79.3,80.3
1989-02-05,,,23.5,,,79.3,80.3
1989-02-06,,,23.5,,,79.3,80.3
1989-02-07,,,23.5,,,79.3,80.3
1989-02-08,,,23.5,,,79.3,80.3
1989-02-09,,,23.5,,,79.3,80.3
1989-02-10,,,23.5,,,79.3,80.3
1989-02-11,,,23.5,,,79.3,80.3
1989-02-12,,,23.5,,,79.3,80.3
1989-02-13,,,23.5,,,79.3,80.3
1989-02-14,,,23.5,,,79.3,80.3
1989-02-15,,,23.5,,,79.3,80.3
1989-02-16,,,23.5,,,79.45,80.45
1989-02-17,,,23.5,,,79.45,80.45
1989-02-18,,,23.5,,,79.45,80.45
1989-02-19,,,23.5,,,79.45,80.45
1989-02-20,,,23.5,,,79.45,80.45
1989-02-21,,,23.5,,,79.45,80.45
1989-02-22,,,23.5,,,79.45,80.45
1989-02-23,,,23.5,,,79.45,80.45
1989-02-24,,,23.5,,,79.45,80.45
1989-02-25,,,23.5,,,79.45,80.45
1989-02-26,,,23.5,,,79.45,80.45
1989-02-27,,,23.5,,,79.45,80.45
1989-02-28,5.30756363,,23.5,,,79.45,80.45
1989-03-01,,,23.0,,,79.45,80.45
1989-03-02,,,23.0,,,79.45,80.45
1989-03-03,,,23.0,,,79.6,80.6
1989-03-04,,,23.0,,,79.6,80.6
1989-03-05,,,23.0,,,79.6,80.6
1989-03-06,,,23.0,,,79.6,80.6
1989-03-07,,,23.0,,,79.6,80.6
1989-03-08,,,23.0,,,79.6,80.6
1989-03-09,,,23.0,,,79.6,80.6
1989-03-10,,,23.0,,,79.6,80.6
1989-03-11,,,23.0,,,79.6,80.6
1989-03-12,,,23.0,,,79.6,80.6
1989-03-13,,,23.0,,,79.6,80.6
1989-03-14,,,23.0,,,79.6,80.6
1989-03-15,,,23.0,,,79.6,80.6
1989-03-16,,,23.0,,,79.75,80.75
1989-03-17,,,23.0,,,79.75,80.75
1989-03-18,,,23.0,,,79.75,80.75
1989-03-19,,,23.0,,,79.75,80.75
1989-03-20,,,23.0,,,79.75,80.75
1989-03-21,,,23.0,,,79.75,80.75
1989-03-22,,,23.0,,,79.75,80.75
1989-03-23,,,23.0,,,79.75,80.75
1989-03-24,,,23.0,,,79.75,80.75
1989-03-25,,,23.0,,,79.75,80.75
1989-03-26,,,23.0,,,79.75,80.75
1989-03-27,,,23.0,,,79.75,80.75
1989-03-28,,,23.0,,,79.75,80.75
1989-03-29,,,23.0,,,79.75,80.75
1989-03-30,,,23.0,,,79.75,80.75
1989-03-31,5.3097026,,23.0,,,79.75,80.75
1989-04-01,,,23.0,,,79.75,80.75
1989-04-02,,,23.0,,,79.75,80.75
1989-04-03,,,23.0,,,79.75,80.75
1989-04-04,,,23.0,,,79.75,80.75
1989-04-05,,,23.0,,,79.75,80.75
1989-04-06,,,23.0,,,79.9,80.9
1989-04-07,,,23.0,,,79.9,80.9
1989-04-08,,,23.0,,,79.9,80.9
1989-04-09,,,23.0,,,79.9,80.9
1989-04-10,,,23.0,,,79.9,80.9
1989-04-11,,,23.0,,,79.9,80.9
1989-04-12,,,23.0,,,79.9,80.9
1989-04-13,,,23.0,,,79.9,80.9
1989-04-14,,,23.0,,,79.9,80.9
1989-04-15,,,23.0,,,79.9,80.9
1989-04-16,,,23.0,,,79.9,80.9
1989-04-17,,,23.0,,,79.9,80.9
1989-04-18,,,23.0,,,79.9,80.9
1989-04-19,,,23.0,,,80.05,81.05
1989-04-20,,,23.0,,,80.05,81.05
1989-04-21,,,23.0,,,80.05,81.05
1989-04-22,,,23.0,,,80.05,81.05
1989-04-23,,,23.0,,,80.05,81.05
1989-04-24,,,23.0,,,80.05,81.05
1989-04-25,,,23.0,,,80.05,81.05
1989-04-26,,,23.0,,,80.05,81.05
1989-04-27,,,23.0,,,80.05,81.05
1989-04-28,,,23.0,,,80.05,81.05
1989-04-29,,,23.0,,,80.05,81.05
1989-04-30,5.31977162,,23.0,,,80.05,81.05
1989-05-01,,,23.0,,,80.05,81.05
1989-05-02,,,23.0,,,80.05,81.05
1989-05-03,,,23.0,,,80.05,81.05
1989-05-04,,,23.0,,,80.2,81.2
1989-05-05,,,23.0,,,80.2,81.2
1989-05-06,,,23.0,,,80.2,81.2
1989-05-07,,,23.0,,,80.2,81.2
1989-05-08,,,23.0,,,80.2,81.2
1989-05-09,,,23.0,,,80.2,81.2
1989-05-10,,,23.0,,,80.2,81.2
1989-05-11,,,23.0,,,80.2,81.2
1989-05-12,,,23.0,,,80.2,81.2
1989-05-13,,,23.0,,,80.2,81.2
1989-05-14,,,23.0,,,80.2,81.2
1989-05-15,,,23.0,,,80.2,81.2
1989-05-16,,,23.0,,,80.2,81.2
1989-05-17,,,23.0,,,80.2,81.2
1989-05-18,,,23.0,,,80.35,81.35
1989-05-19,,,23.0,,,80.35,81.35
1989-05-20,,,23.0,,,80.35,81.35
1989-05-21,,,23.0,,,80.35,81.35
1989-05-22,,,23.0,,,80.35,81.35
1989-05-23,,,23.0,,,80.35,81.35
1989-05-24,,,23.0,,,80.35,81.35
1989-05-25,,,23.0,,,80.35,81.35
1989-05-26,,,23.0,,,80.35,81.35
1989-05-27,,,23.0,,,80.35,81.35
1989-05-28,,,23.0,,,80.35,81.35
1989-05-29,,,23.0,,,80.35,81.35
1989-05-30,,,23.0,,,80.35,81.35
1989-05-31,5.40117382,,23.0,,,80.35,81.35
1989-06-01,,,23.0,,,80.35,81.35
1989-06-02,,,23.0,,,80.5,81.5
1989-06-03,,,23.0,,,80.5,81.5
1989-06-04,,,23.0,,,80.5,81.5
1989-06-05,,,23.0,,,80.5,81.5
1989-06-06,,,23.0,,,80.5,81.5
1989-06-07,,,23.0,,,80.5,81.5
1989-06-08,,,23.0,,,80.5,81.5
1989-06-09,,,23.0,,,80.5,81.5
1989-06-10,,,23.0,,,80.5,81.5
1989-06-11,,,23.0,,,80.5,81.5
1989-06-12,,,23.0,,,80.5,81.5
1989-06-13,,,23.0,,,80.5,81.5
1989-06-14,,,23.0,,,80.5,81.5
1989-06-15,,,23.0,,,80.5,81.5
1989-06-16,,,23.0,,,80.5,81.5
1989-06-17,,,23.0,,,80.5,81.5
1989-06-18,,,23.0,,,80.5,81.5
1989-06-19,,,23.0,,,80.5,81.5
1989-06-20,,,23.0,,,80.5,81.5
1989-06-21,,,23.0,,,80.5,81.5
1989-06-22,,,23.0,,,80.65,81.65
1989-06-23,,,23.0,,,80.65,81.65
1989-06-24,,,23.0,,,80.65,81.65
1989-06-25,,,23.0,,,80.65,81.65
1989-06-26,,,23.0,,,80.65,81.65
1989-06-27,,,23.0,,,80.65,81.65
1989-06-28,,,23.0,,,80.65,81.65
1989-06-29,,,23.0,,,80.65,81.65
1989-06-30,5.45575019,,23.0,,,80.65,81.65
1989-07-01,,,23.0,,,80.65,81.65
1989-07-02,,,23.0,,,80.65,81.65
1989-07-03,,,23.0,,,80.65,81.65
1989-07-04,,,23.0,,,80.65,81.65
1989-07-05,,,23.0,,,80.65,81.65
1989-07-06,,,23.0,,,80.8,81.8
1989-07-07,,,23.0,,,80.8,81.8
1989-07-08,,,23.0,,,80.8,81.8
1989-07-09,,,23.0,,,80.8,81.8
1989-07-10,,,23.0,,,80.8,81.8
1989-07-11,,,23.0,,,80.8,81.8
1989-07-12,,,23.0,,,80.8,81.8
1989-07-13,,,23.0,,,80.95,81.95
1989-07-14,,,23.0,,,80.95,81.95
1989-07-15,,,23.0,,,80.95,81.95
1989-07-16,,,23.0,,,80.95,81.95
1989-07-17,,,23.0,,,80.95,81.95
1989-07-18,,,23.0,,,80.95,81.95
1989-07-19,,,23.0,,,80.95,82.45
1989-07-20,,,23.0,,,80.95,82.45
1989-07-21,,,23.0,,,80.95,82.45
1989-07-22,,,23.0,,,80.95,82.45
1989-07-23,,,23.0,,,80.95,82.45
1989-07-24,,,23.0,,,80.95,82.45
1989-07-25,,,23.0,,,80.95,82.45
1989-07-26,,,23.0,,,80.95,82.45
1989-07-27,,,23.0,,,80.95,82.45
1989-07-28,,,23.0,,,80.95,82.45
1989-07-29,,,23.0,,,80.95,82.45
1989-07-30,,,23.0,,,80.95,82.45
1989-07-31,5.51355837,,23.0,,,80.95,82.45
1989-08-01,,,23.0,,,80.95,82.45
1989-08-02,,,23.0,,,81.1,82.6
1989-08-03,,,23.0,,,81.1,82.6
1989-08-04,,,23.0,,,81.1,82.6
1989-08-05,,,23.0,,,81.1,82.6
1989-08-06,,,23.0,,,81.1,82.6
1989-08-07,,,23.0,,,81.1,82.6
1989-08-08,,,23.0,,,81.1,82.6
1989-08-09,,,23.0,,,81.1,82.6
1989-08-10,,,23.0,,,81.1,82.6
1989-08-11,,,23.0,,,81.1,82.6
1989-08-12,,,23.0,,,81.1,82.6
1989-08-13,,,23.0,,,81.1,82.6
1989-08-14,,,23.0,,,81.1,82.6
1989-08-15,,,23.0,,,81.1,82.6
1989-08-16,,,23.0,,,81.1,82.6
1989-08-17,,,23.0,,,81.25,82.75
1989-08-18,,,23.0,,,81.25,82.75
1989-08-19,,,23.0,,,81.25,82.75
1989-08-20,,,23.0,,,81.25,82.75
1989-08-21,,,23.0,,,81.25,82.75
1989-08-22,,,23.0,,,81.25,82.75
1989-08-23,,,23.0,,,81.25,82.75
1989-08-24,,,23.0,,,81.25,82.75
1989-08-25,,,23.0,,,81.25,82.75
1989-08-26,,,23.0,,,81.25,82.75
1989-08-27,,,23.0,,,81.25,82.75
1989-08-28,,,23.0,,,81.25,82.75
1989-08-29,,,23.0,,,81.25,82.75
1989-08-30,,,23.0,,,81.25,82.75
1989-08-31,5.56425844,,23.0,,,81.4,82.9
1989-09-01,,,23.0,,,81.4,82.9
1989-09-02,,,23.0,,,81.4,82.9
1989-09-03,,,23.0,,,81.4,82.9
1989-09-04,,,23.0,,,81.4,82.9
1989-09-05,,,23.0,,,81.4,82.9
1989-09-06,,,23.0,,,81.4,82.9
1989-09-07,,,23.0,,,81.55,83.05
1989-09-08,,,23.0,,,81.55,83.05
1989-09-09,,,23.0,,,81.55,83.05
1989-09-10,,,23.0,,,81.55,83.05
1989-09-11,,,23.0,,,81.55,83.05
1989-09-12,,,23.0,,,81.55,83.05
1989-09-13,,,23.0,,,81.55,83.05
1989-09-14,,,23.0,,,81.55,83.05
1989-09-15,,,23.0,,,81.55,83.05
1989-09-16,,,23.0,,,81.55,83.05
1989-09-17,,,23.0,,,81.55,83.05
1989-09-18,,,23.0,,,81.55,83.05
1989-09-19,,,23.0,,,81.7,83.2
1989-09-20,,,23.0,,,81.7,83.2
1989-09-21,,,23.0,,,81.7,83.2
1989-09-22,,,23.0,,,81.7,83.2
1989-09-23,,,23.0,,,81.7,83.2
1989-09-24,,,23.0,,,81.7,83.2
1989-09-25,,,23.0,,,81.7,83.2
1989-09-26,,,23.0,,,81.7,83.2
1989-09-27,,,23.0,,,81.7,83.2
1989-09-28,,,23.0,,,81.85,83.35
1989-09-29,,,23.0,,,81.85,83.35
1989-09-30,5.61378162,,23.0,,,81.85,83.35
1989-10-01,,,23.0,,,81.85,83.35
1989-10-02,,,23.0,,,81.85,83.35
1989-10-03,,,23.0,,,81.85,83.35
1989-10-04,,,23.0,,,81.85,83.35
1989-10-05,,,23.0,,,82.35,83.35
1989-10-06,,,23.0,,,82.35,83.35
1989-10-07,,,23.0,,,82.35,83.35
1989-10-08,,,23.0,,,82.35,83.35
1989-10-09,,,23.0,,,82.35,83.35
1989-10-10,,,23.0,,,82.35,83.35
1989-10-11,,,23.0,,,82.35,83.35
1989-10-12,,,23.0,,,82.5,83.5
1989-10-13,,,23.0,,,82.5,83.5
1989-10-14,,,23.0,,,82.5,83.5
1989-10-15,,,23.0,,,82.5,83.5
1989-10-16,,,23.0,,,82.5,83.5
1989-10-17,,,23.0,,,82.5,83.5
1989-10-18,,,23.0,,,82.5,83.5
1989-10-19,,,23.0,,,82.65,83.65
1989-10-20,,,23.0,,,82.65,83.65
1989-10-21,,,23.0,,,82.65,83.65
1989-10-22,,,23.0,,,82.65,83.65
1989-10-23,,,23.0,,,82.65,83.65
1989-10-24,,,23.0,,,82.65,83.65
1989-10-25,,,23.0,,,82.65,83.65
1989-10-26,,,23.0,,,82.65,83.65
1989-10-27,,,23.0,,,82.65,83.65
1989-10-28,,,23.0,,,82.65,83.65
1989-10-29,,,23.0,,,82.65,83.65
1989-10-30,,,23.0,,,82.65,83.65
1989-10-31,5.68115443,,23.0,,,82.65,83.65
1989-11-01,,,23.5,,,82.8,83.8
1989-11-02,,,23.5,,,82.8,83.8
1989-11-03,,,23.5,,,82.8,83.8
1989-11-04,,,23.5,,,82.8,83.8
1989-11-05,,,23.5,,,82.8,83.8
1989-11-06,,,23.5,,,82.8,83.8
1989-11-07,,,23.5,,,82.8,83.8
1989-11-08,,,23.5,,,82.8,83.8
1989-11-09,,,23.5,,,82.95,83.95
1989-11-10,,,23.5,,,82.95,83.95
1989-11-11,,,23.5,,,82.95,83.95
1989-11-12,,,23.5,,,82.95,83.95
1989-11-13,,,23.5,,,82.95,83.95
1989-11-14,,,23.5,,,82.95,83.95
1989-11-15,,,23.5,,,82.95,83.95
1989-11-16,,,23.5,,,82.95,83.95
1989-11-17,,,23.5,,,82.95,83.95
1989-11-18,,,23.5,,,82.95,83.95
1989-11-19,,,23.5,,,82.95,83.95
1989-11-20,,,23.5,,,82.95,83.95
1989-11-21,,,23.5,,,82.95,83.95
1989-11-22,,,23.5,,,82.95,83.95
1989-11-23,,,23.5,,,83.1,84.1
1989-11-24,,,23.5,,,83.1,84.1
1989-11-25,,,23.5,,,83.1,84.1
1989-11-26,,,23.5,,,83.1,84.1
1989-11-27,,,23.5,,,83.1,84.1
1989-11-28,,,23.5,,,83.1,84.1
1989-11-29,,,23.5,,,83.1,84.1
1989-11-30,5.73454456,,23.5,,,83.25,84.25
1989-12-01,,,23.5,,,83.25,84.25
1989-12-02,,,23.5,,,83.25,84.25
1989-12-03,,,23.5,,,83.25,84.25
1989-12-04,,,23.5,,,83.25,84.25
1989-12-05,,,23.5,,,83.25,84.25
1989-12-06,,,23.5,,,83.25,84.25
1989-12-07,,,23.5,,,83.4,84.4
1989-12-08,,,23.5,,,83.4,84.4
1989-12-09,,,23.5,,,83.4,84.4
1989-12-10,,,23.5,,,83.4,84.4
1989-12-11,,,23.5,,,83.4,84.4
1989-12-12,,,23.5,,,83.4,84.4
1989-12-13,,,23.5,,,83.4,84.4
1989-12-14,,,23.5,,,83.55,84.55
1989-12-15,,,23.5,,,83.55,84.55
1989-12-16,,,23.5,,,83.55,84.55
1989-12-17,,,23.5,,,83.55,84.55
1989-12-18,,,23.5,,,83.55,84.55
1989-12-19,,,23.5,,,83.55,84.55
1989-12-20,,,23.5,,,83.55,84.55
1989-12-21,,,23.5,,,83.55,84.55
1989-12-22,,,23.5,,,83.55,84.55
1989-12-23,,,23.5,,,83.7,84.7
1989-12-24,,,23.5,,,83.7,84.7
1989-12-25,,,23.5,,,83.7,84.7
1989-12-26,,,23.5,,,83.7,84.7
1989-12-27,,,23.5,,,83.85,84.85
1989-12-28,,,23.5,,,83.85,84.85
1989-12-29,,,23.5,,,83.85,84.85
1989-12-30,,,23.5,,,83.85,84.85
1989-12-31,5.77354102,,23.5,,,83.85,84.85
1990-01-01,,,23.5,,,83.85,84.85
1990-01-02,,,23.5,,,83.85,84.85
1990-01-03,,,23.5,,,83.85,84.85
1990-01-04,,,23.5,,,84.0,85.0
1990-01-05,,,23.5,,,84.0,85.0
1990-01-06,,,23.5,,,84.0,85.0
1990-01-07,,,23.5,,,84.0,85.0
1990-01-08,,,23.5,,,84.0,85.0
1990-01-09,,,23.5,,,84.0,85.0
1990-01-10,,,23.5,,,84.0,85.0
1990-01-11,,,23.5,,,84.15,85.15
1990-01-12,,,23.5,,,84.15,85.15
1990-01-13,,,23.5,,,84.15,85.15
1990-01-14,,,23.5,,,84.15,85.15
1990-01-15,,,23.5,,,84.15,85.15
1990-01-16,,,23.5,,,84.15,85.15
1990-01-17,,,23.5,,,84.15,85.15
1990-01-18,,,23.5,,,84.3,85.3
1990-01-19,,,23.5,,,84.3,85.3
1990-01-20,,,23.5,,,84.3,85.3
1990-01-21,,,23.5,,,84.3,85.3
1990-01-22,,,23.5,,,84.3,85.3
1990-01-23,,,23.5,,,84.3,85.3
1990-01-24,,,23.5,,,84.3,85.3
1990-01-25,,,23.5,,,84.45,85.45
1990-01-26,,,23.5,,,84.45,85.45
1990-01-27,,,23.5,,,84.45,85.45
1990-01-28,,,23.5,,,84.45,85.45
1990-01-29,,,23.5,,,84.45,85.45
1990-01-30,,,23.5,,,84.45,85.45
1990-01-31,5.94846936,,23.5,,,84.45,85.45
1990-02-01,,,23.5,,,84.45,85.45
1990-02-02,,,23.5,,,84.45,85.45
1990-02-03,,,23.5,,,84.45,85.45
1990-02-04,,,23.5,,,84.45,85.45
1990-02-05,,,23.5,,,84.45,85.45
1990-02-06,,,23.5,,,84.45,85.45
1990-02-07,,,23.5,,,84.45,85.45
1990-02-08,,,23.5,,,84.6,85.6
1990-02-09,,,23.5,,,84.6,85.6
1990-02-10,,,23.5,,,84.6,85.6
1990-02-11,,,23.5,,,84.6,85.6
1990-02-12,,,23.5,,,84.6,85.6
1990-02-13,,,23.5,,,84.6,85.6
1990-02-14,,,23.5,,,84.6,85.6
1990-02-15,,,23.5,,,84.75,85.75
1990-02-16,,,23.5,,,84.75,85.75
1990-02-17,,,23.5,,,84.75,85.75
1990-02-18,,,23.5,,,84.75,85.75
1990-02-19,,,23.5,,,84.75,85.75
1990-02-20,,,23.5,,,84.75,85.75
1990-02-21,,,23.5,,,84.75,85.75
1990-02-22,,,23.5,,,84.9,85.9
1990-02-23,,,23.5,,,84.9,85.9
1990-02-24,,,23.5,,,84.9,85.9
1990-02-25,,,23.5,,,84.9,85.9
1990-02-26,,,23.5,,,84.9,85.9
1990-02-27,,,23.5,,,84.9,85.9
1990-02-28,5.98596201,,23.5,,,84.9,85.9
1990-03-01,,,23.5,,,85.05,86.05
1990-03-02,,,23.5,,,85.05,86.05
1990-03-03,,,23.5,,,85.05,86.05
1990-03-04,,,23.5,,,85.05,86.05
1990-03-05,,,23.5,,,85.05,86.05
1990-03-06,,,23.5,,,85.05,86.05
1990-03-07,,,23.5,,,85.05,86.05
1990-03-08,,,23.5,,,85.05,86.05
1990-03-09,,,23.5,,,85.25,86.25
1990-03-10,,,23.5,,,85.25,86.25
1990-03-11,,,23.5,,,85.25,86.25
1990-03-12,,,23.5,,,85.25,86.25
1990-03-13,,,23.5,,,85.25,86.25
1990-03-14,,,23.5,,,85.25,86.25
1990-03-15,,,23.5,,,85.45,86.45
1990-03-16,,,23.5,,,85.45,86.45
1990-03-17,,,23.5,,,85.45,86.45
1990-03-18,,,23.5,,,85.45,86.45
1990-03-19,,,23.5,,,85.45,86.45
1990-03-20,,,23.5,,,85.45,86.45
1990-03-21,,,23.5,,,85.45,86.45
1990-03-22,,,23.5,,,85.7,86.7
1990-03-23,,,23.5,,,85.7,86.7
1990-03-24,,,23.5,,,85.7,86.7
1990-03-25,,,23.5,,,85.7,86.7
1990-03-26,,,23.5,,,85.7,86.7
1990-03-27,,,23.5,,,85.7,86.7
1990-03-28,,,23.5,,,85.7,86.7
1990-03-29,,,23.5,,,85.95,86.95
1990-03-30,,,23.5,,,85.95,86.95
1990-03-31,6.07875024,,23.5,,,85.95,86.95
1990-04-01,,,24.5,,,85.95,86.95
1990-04-02,,,24.5,,,85.95,86.95
1990-04-03,,,24.5,,,85.95,86.95
1990-04-04,,,24.5,,,85.95,86.95
1990-04-05,,,24.5,,,85.95,86.95
1990-04-06,,,24.5,,,85.95,86.95
1990-04-07,,,24.5,,,85.95,86.95
1990-04-08,,,24.5,,,85.95,86.95
1990-04-09,,,24.5,,,85.95,86.95
1990-04-10,,,24.5,,,85.95,86.95
1990-04-11,,,24.5,,,85.95,86.95
1990-04-12,,,24.5,,,85.95,86.95
1990-04-13,,,24.5,,,85.95,86.95
1990-04-14,,,24.5,,,85.95,86.95
1990-04-15,,,24.5,,,85.95,86.95
1990-04-16,,,24.5,,,85.95,86.95
1990-04-17,,,24.5,,,86.25,87.25
1990-04-18,,,24.5,,,86.25,87.25
1990-04-19,,,24.5,,,86.25,87.25
1990-04-20,,,24.5,,,86.25,87.25
1990-04-21,,,24.5,,,86.25,87.25
1990-04-22,,,24.5,,,86.25,87.25
1990-04-23,,,24.5,,,86.25,87.25
1990-04-24,,,24.5,,,86.25,87.25
1990-04-25,,,24.5,,,86.55,87.55
1990-04-26,,,24.5,,,86.55,87.55
1990-04-27,,,24.5,,,86.55,87.55
1990-04-28,,,24.5,,,86.55,87.55
1990-04-29,,,24.5,,,86.55,87.55
1990-04-30,6.20398727,,24.5,,,86.55,87.55
1990-05-01,,,24.5,,,86.85,87.85
1990-05-02,,,24.5,,,86.85,87.85
1990-05-03,,,24.5,,,86.85,87.85
1990-05-04,,,24.5,,,86.85,87.85
1990-05-05,,,24.5,,,86.85,87.85
1990-05-06,,,24.5,,,86.85,87.85
1990-05-07,,,24.5,,,86.85,87.85
1990-05-08,,,24.5,,,86.85,87.85
1990-05-09,,,24.5,,,86.85,87.85
1990-05-10,,,24.5,,,87.3,88.3
1990-05-11,,,24.5,,,87.3,88.3
1990-05-12,,,24.5,,,87.3,88.3
1990-05-13,,,24.5,,,87.3,88.3
1990-05-14,,,24.5,,,87.3,88.3
1990-05-15,,,24.5,,,87.3,88.3
1990-05-16,,,24.5,,,87.3,88.3
1990-05-17,,,24.5,,,87.75,88.75
1990-05-18,,,24.5,,,87.75,88.75
1990-05-19,,,24.5,,,87.75,88.75
1990-05-20,,,24.5,,,87.75,88.75
1990-05-21,,,24.5,,,87.75,88.75
1990-05-22,,,24.5,,,87.75,88.75
1990-05-23,,,24.5,,,87.75,88.75
1990-05-24,,,24.5,,,88.2,89.2
1990-05-25,,,24.5,,,88.2,89.2
1990-05-26,,,24.5,,,88.2,89.2
1990-05-27,,,24.5,,,88.2,89.2
1990-05-28,,,24.5,,,88.2,89.2
1990-05-29,,,24.5,,,88.2,89.2
1990-05-30,,,24.5,,,88.2,89.2
1990-05-31,6.28461421,,24.5,,,88.2,89.95
1990-06-01,,,25.5,,,88.2,89.95
1990-06-02,,,25.5,,,88.2,89.95
1990-06-03,,,25.5,,,88.2,89.95
1990-06-04,,,25.5,,,88.2,89.95
1990-06-05,,,25.5,,,88.2,89.95
1990-06-06,,,25.5,,,88.2,89.95
1990-06-07,,,25.5,,,88.65,90.4
1990-06-08,,,25.5,,,88.65,90.4
1990-06-09,,,25.5,,,88.65,90.4
1990-06-10,,,25.5,,,88.65,90.4
1990-06-11,,,25.5,,,88.65,90.4
1990-06-12,,,25.5,,,88.65,90.4
1990-06-13,,,25.5,,,88.65,90.4
1990-06-14,,,25.5,,,88.65,90.4
1990-06-15,,,25.5,,,88.65,90.4
1990-06-16,,,25.5,,,88.65,90.4
1990-06-17,,,25.5,,,88.65,90.4
1990-06-18,,,25.5,,,88.65,90.4
1990-06-19,,,25.5,,,89.1,90.85
1990-06-20,,,25.5,,,89.1,90.85
1990-06-21,,,25.5,,,89.1,90.85
1990-06-22,,,25.5,,,89.1,90.85
1990-06-23,,,25.5,,,89.1,90.85
1990-06-24,,,25.5,,,89.1,90.85
1990-06-25,,,25.5,,,89.1,90.85
1990-06-26,,,25.5,,,89.1,90.85
1990-06-27,,,25.5,,,89.1,90.85
1990-06-28,,,25.5,,,89.55,91.3
1990-06-29,,,25.5,,,89.55,91.3
1990-06-30,6.43986218,,25.5,,,89.55,91.3
1990-07-01,,,25.5,,,89.55,91.3
1990-07-02,,,25.5,,,89.55,91.3
1990-07-03,,,25.5,,,89.55,91.3
1990-07-04,,,25.5,,,89.55,91.3
1990-07-05,,,25.5,,,90.0,91.75
1990-07-06,,,25.5,,,90.0,91.75
1990-07-07,,,25.5,,,90.0,91.75
1990-07-08,,,25.5,,,90.0,91.75
1990-07-09,,,25.5,,,90.0,91.75
1990-07-10,,,25.5,,,90.0,91.75
1990-07-11,,,25.5,,,90.0,91.75
1990-07-12,,,25.5,,,90.45,92.2
1990-07-13,,,25.5,,,90.45,92.2
1990-07-14,,,25.5,,,90.45,92.2
1990-07-15,,,25.5,,,90.45,92.2
1990-07-16,,,25.5,,,90.45,92.2
1990-07-17,,,25.5,,,90.45,92.2
1990-07-18,,,25.5,,,90.45,92.2
1990-07-19,,,25.5,,,90.9,92.65
1990-07-20,,,25.5,,,90.9,92.65
1990-07-21,,,25.5,,,90.9,92.65
1990-07-22,,,25.5,,,90.9,92.65
1990-07-23,,,25.5,,,90.9,92.65
1990-07-24,,,25.5,,,90.9,92.65
1990-07-25,,,25.5,,,90.9,92.65
1990-07-26,,,25.5,,,90.9,92.65
1990-07-27,,,25.5,,,90.9,92.65
1990-07-28,,,25.5,,,90.9,92.65
1990-07-29,,,25.5,,,90.9,92.65
1990-07-30,,,25.5,,,90.9,92.65
1990-07-31,6.60796262,,25.5,,,90.9,92.65
1990-08-01,,,27.0,,,90.9,92.65
1990-08-02,,,27.0,,,91.35,93.1
1990-08-03,,,27.0,,,91.35,93.1
1990-08-04,,,27.0,,,91.35,93.1
1990-08-05,,,27.0,,,91.35,93.1
1990-08-06,,,27.0,,,91.35,93.1
1990-08-07,,,27.0,,,91.35,93.1
1990-08-08,,,27.0,,,91.35,93.1
1990-08-09,,,27.0,,,91.8,93.55
1990-08-10,,,27.0,,,91.8,93.55
1990-08-11,,,27.0,,,91.8,93.55
1990-08-12,,,27.0,,,91.8,93.55
1990-08-13,,,27.0,,,91.8,93.55
1990-08-14,,,27.0,,,91.8,93.55
1990-08-15,,,27.0,,,92.25,94.0
1990-08-16,,,27.0,,,92.25,94.0
1990-08-17,,,27.0,,,92.25,94.0
1990-08-18,,,27.0,,,92.25,94.0
1990-08-19,,,27.0,,,92.25,94.0
1990-08-20,,,27.0,,,92.25,94.0
1990-08-21,,,27.0,,,92.25,94.0
1990-08-22,,,27.0,,,92.25,94.0
1990-08-23,,,27.0,,,92.7,94.45
1990-08-24,,,27.0,,,92.7,94.45
1990-08-25,,,27.0,,,92.7,94.45
1990-08-26,,,27.0,,,92.7,94.45
1990-08-27,,,27.0,,,92.7,94.45
1990-08-28,,,27.0,,,92.7,94.45
1990-08-29,,,27.0,,,92.7,94.45
1990-08-30,,,27.0,,,93.15,94.9
1990-08-31,6.74740651,,27.0,,,93.15,94.9
1990-09-01,,,28.5,,,93.6,95.35
1990-09-02,,,28.5,,,93.6,95.35
1990-09-03,,,28.5,,,93.6,95.35
1990-09-04,,,28.5,,,93.6,95.35
1990-09-05,,,28.5,,,93.6,95.35
1990-09-06,,,28.5,,,94.05,95.8
1990-09-07,,,28.5,,,94.05,95.8
1990-09-08,,,28.5,,,94.05,95.8
1990-09-09,,,28.5,,,94.05,95.8
1990-09-10,,,28.5,,,94.05,95.8
1990-09-11,,,28.5,,,94.05,95.8
1990-09-12,,,28.5,,,94.05,95.8
1990-09-13,,,28.5,,,94.5,96.25
1990-09-14,,,28.5,,,94.5,96.25
1990-09-15,,,28.5,,,94.5,96.25
1990-09-16,,,28.5,,,94.5,96.25
1990-09-17,,,28.5,,,94.5,96.25
1990-09-18,,,28.5,,,94.5,96.25
1990-09-19,,,28.5,,,94.5,96.25
1990-09-20,,,28.5,,,94.5,96.25
1990-09-21,,,28.5,,,94.95,96.7
1990-09-22,,,28.5,,,94.95,96.7
1990-09-23,,,28.5,,,94.95,96.7
1990-09-24,,,28.5,,,94.95,96.7
1990-09-25,,,28.5,,,94.95,96.7
1990-09-26,,,28.5,,,94.95,96.7
1990-09-27,,,28.5,,,94.95,96.7
1990-09-28,,,28.5,,,94.95,96.7
1990-09-29,,,28.5,,,94.95,96.7
1990-09-30,6.79733133,,28.5,,,94.95,96.7
1990-10-01,,,29.5,,,94.95,96.7
1990-10-02,,,29.5,,,94.95,96.7
1990-10-03,,,29.5,,,94.95,96.7
1990-10-04,,,29.5,,,95.4,97.15
1990-10-05,,,29.5,,,95.4,97.15
1990-10-06,,,29.5,,,95.85,97.6
1990-10-07,,,29.5,,,95.85,97.6
1990-10-08,,,29.5,,,95.85,97.6
1990-10-09,,,29.5,,,95.85,97.6
1990-10-10,,,29.5,,,95.85,97.6
1990-10-11,,,29.5,,,96.3,98.05
1990-10-12,,,29.5,,,96.3,98.05
1990-10-13,,,29.5,,,96.3,98.05
1990-10-14,,,29.5,,,96.3,98.05
1990-10-15,,,29.5,,,96.3,98.05
1990-10-16,,,29.5,,,96.3,98.05
1990-10-17,,,29.5,,,96.3,98.05
1990-10-18,,,29.5,,,96.75,98.5
1990-10-19,,,29.5,,,96.75,98.5
1990-10-20,,,29.5,,,96.75,98.5
1990-10-21,,,29.5,,,96.75,98.5
1990-10-22,,,29.5,,,96.75,98.5
1990-10-23,,,29.5,,,96.75,98.5
1990-10-24,,,29.5,,,96.75,98.5
1990-10-25,,,29.5,,,97.3,99.05
1990-10-26,,,29.5,,,97.3,99.05
1990-10-27,,,29.5,,,97.3,99.05
1990-10-28,,,29.5,,,97.3,99.05
1990-10-29,,,29.5,,,97.3,99.05
1990-10-30,,,29.5,,,97.3,99.05
1990-10-31,6.95299027,,29.5,,,97.3,99.05
1990-11-01,,,29.5,,,97.85,99.6
1990-11-02,,,29.5,,,97.85,99.6
1990-11-03,,,29.5,,,97.85,99.6
1990-11-04,,,29.5,,,97.85,99.6
1990-11-05,,,29.5,,,97.85,99.6
1990-11-06,,,29.5,,,97.85,99.6
1990-11-07,,,29.5,,,97.85,99.6
1990-11-08,,,29.5,,,98.4,100.15
1990-11-09,,,29.5,,,98.4,100.15
1990-11-10,,,29.5,,,98.4,100.15
1990-11-11,,,29.5,,,98.4,100.15
1990-11-12,,,29.5,,,98.4,100.15
1990-11-13,,,29.5,,,98.4,100.15
1990-11-14,,,29.5,,,98.4,100.15
1990-11-15,,,29.5,,,98.95,100.7
1990-11-16,,,29.5,,,98.95,100.7
1990-11-17,,,29.5,,,98.95,100.7
1990-11-18,,,29.5,,,98.95,100.7
1990-11-19,,,29.5,,,98.95,100.7
1990-11-20,,,29.5,,,98.95,100.7
1990-11-21,,,29.5,,,98.95,100.7
1990-11-22,,,29.5,,,99.5,101.25
1990-11-23,,,29.5,,,99.5,101.25
1990-11-24,,,29.5,,,99.5,101.25
1990-11-25,,,29.5,,,99.5,101.25
1990-11-26,,,34.0,,,99.5,101.25
1990-11-27,,,34.0,,,99.5,101.25
1990-11-28,,,34.0,,,99.5,101.25
1990-11-29,,,34.0,,,100.05,101.8
1990-11-30,7.15183955,,34.0,,,100.05,101.8
1990-12-01,,,34.0,,,100.05,101.8
1990-12-02,,,34.0,,,100.05,101.8
1990-12-03,,,34.0,,,100.05,101.8
1990-12-04,,,34.0,,,100.05,101.8
1990-12-05,,,34.0,,,100.05,101.8
1990-12-06,,,34.0,,,100.6,102.35
1990-12-07,,,34.0,,,100.6,102.35
1990-12-08,,,34.0,,,100.6,102.35
1990-12-09,,,34.0,,,100.6,102.35
1990-12-10,,,34.0,,,100.6,102.35
1990-12-11,,,34.0,,,100.6,102.35
1990-12-12,,,34.0,,,100.6,102.35
1990-12-13,,,34.0,,,100.9,102.9
1990-12-14,,,34.0,,,100.9,102.9
1990-12-15,,,34.0,,,101.45,103.45
1990-12-16,,,34.0,,,101.45,103.45
1990-12-17,,,34.0,,,101.45,103.45
1990-12-18,,,34.0,,,101.45,103.45
1990-12-19,,,34.0,,,101.45,103.45
1990-12-20,,,34.0,,,102.0,104.0
1990-12-21,,,34.0,,,102.0,104.0
1990-12-22,,,34.0,,,102.55,104.55
1990-12-23,,,34.0,,,102.55,104.55
1990-12-24,,,34.0,,,102.55,104.55
1990-12-25,,,34.0,,,102.55,104.55
1990-12-26,,,34.0,,,102.55,104.55
1990-12-27,,,34.0,,,102.55,104.55
1990-12-28,,,34.0,,,102.55,104.55
1990-12-29,,,34.0,,,102.55,104.55
1990-12-30,,,34.0,,,102.55,104.55
1990-12-31,7.3470834,,34.0,,,102.55,104.55
1991-01-01,,,34.0,,,102.55,104.55
1991-01-02,,,34.0,,,102.55,104.55
1991-01-03,,,34.0,,,103.25,105.3
1991-01-04,,,34.0,,,103.25,105.3
1991-01-05,,,34.0,,,103.25,105.3
1991-01-06,,,34.0,,,103.25,105.3
1991-01-07,,,34.0,,,103.25,105.3
1991-01-08,,,34.0,,,103.25,105.3
1991-01-09,,,34.0,,,103.25,105.3
1991-01-10,,,34.0,,,104.0,106.05
1991-01-11,,,34.0,,,104.0,106.05
1991-01-12,,,34.0,,,104.75,106.8
1991-01-13,,,34.0,,,104.75,106.8
1991-01-14,,,34.0,,,104.75,106.8
1991-01-15,,,34.0,,,104.75,106.8
1991-01-16,,,34.0,,,104.75,106.8
1991-01-17,,,34.0,,,105.5,107.55
1991-01-18,,,34.0,,,105.5,107.55
1991-01-19,,,34.0,,,105.5,107.55
1991-01-20,,,34.0,,,105.5,107.55
1991-01-21,,,34.0,,,105.5,107.55
1991-01-22,,,34.0,,,105.5,107.55
1991-01-23,,,34.0,,,105.5,107.55
1991-01-24,,,34.0,,,106.25,108.3
1991-01-25,,,34.0,,,106.25,108.3
1991-01-26,,,34.0,,,106.25,108.3
1991-01-27,,,34.0,,,106.25,108.3
1991-01-28,,,34.0,,,106.25,108.3
1991-01-29,,,34.0,,,106.25,108.3
1991-01-30,,,34.0,,,106.25,108.3
1991-01-31,7.53222087,,34.0,,,107.0,109.05
1991-02-01,,,35.0,,,107.0,109.05
1991-02-02,,,35.0,,,107.0,109.05
1991-02-03,,,35.0,,,107.0,109.05
1991-02-04,,,35.0,,,107.0,109.05
1991-02-05,,,35.0,,,107.0,109.05
1991-02-06,,,35.0,,,107.0,109.05
1991-02-07,,,35.0,,,107.7,109.75
1991-02-08,,,35.0,,,107.7,109.75
1991-02-09,,,35.0,,,108.4,110.45
1991-02-10,,,35.0,,,108.4,110.45
1991-02-11,,,35.0,,,108.4,110.45
1991-02-12,,,35.0,,,108.4,110.45
1991-02-13,,,35.0,,,108.4,110.45
1991-02-14,,,35.0,,,108.4,110.45
1991-02-15,,,35.0,,,108.4,110.45
1991-02-16,,,35.0,,,108.4,110.45
1991-02-17,,,35.0,,,108.4,110.45
1991-02-18,,,35.0,,,108.4,110.45
1991-02-19,,,35.0,,,109.05,111.15
1991-02-20,,,35.0,,,109.05,111.15
1991-02-21,,,35.0,,,109.75,111.85
1991-02-22,,,35.0,,,109.75,111.85
1991-02-23,,,35.0,,,109.75,111.85
1991-02-24,,,35.0,,,109.75,111.85
1991-02-25,,,35.0,,,109.75,111.85
1991-02-26,,,35.0,,,109.75,111.85
1991-02-27,,,35.0,,,109.75,111.85
1991-02-28,7.75443067,,35.0,,,110.45,112.55
1991-03-01,,,35.0,,,110.45,112.55
1991-03-02,,,35.0,,,111.15,113.25
1991-03-03,,,35.0,,,111.15,113.25
1991-03-04,,,33.0,,,111.15,113.25
1991-03-05,,,33.0,,,111.15,113.25
1991-03-06,,,33.0,,,111.15,113.25
1991-03-07,,,33.0,,,111.8,113.9
1991-03-08,,,33.0,,,111.8,113.9
1991-03-09,,,33.0,,,111.8,113.9
1991-03-10,,,33.0,,,111.8,113.9
1991-03-11,,,33.0,,,111.8,113.9
1991-03-12,,,33.0,,,112.45,113.9
1991-03-13,,,33.0,,,112.45,113.9
1991-03-14,,,33.0,,,112.45,114.55
1991-03-15,,,33.0,,,112.45,114.55
1991-03-16,,,33.0,,,112.45,114.55
1991-03-17,,,33.0,,,112.45,114.55
1991-03-18,,,33.0,,,113.1,115.2
1991-03-19,,,33.0,,,113.1,115.2
1991-03-20,,,33.0,,,113.1,115.2
1991-03-21,,,33.0,,,113.75,115.2
1991-03-22,,,33.0,,,113.75,115.2
1991-03-23,,,33.0,,,113.75,115.2
1991-03-24,,,33.0,,,113.75,115.2
1991-03-25,,,33.0,,,113.75,115.2
1991-03-26,,,33.0,,,113.75,115.2
1991-03-27,,,33.0,,,113.75,115.2
1991-03-28,,,33.0,,,114.4,116.5
1991-03-29,,,33.0,,,114.4,116.5
1991-03-30,,,33.0,,,114.4,116.5
1991-03-31,7.85292593,,33.0,,,114.4,116.5
1991-04-01,,,33.0,,,114.4,116.5
1991-04-02,,,33.0,,,114.4,116.5
1991-04-03,,,33.0,,,114.4,116.5
1991-04-04,,,33.0,,,115.0,117.1
1991-04-05,,,33.0,,,115.0,117.1
1991-04-06,,,33.0,,,115.0,117.1
1991-04-07,,,33.0,,,115.0,117.1
1991-04-08,,,33.0,,,115.0,117.1
1991-04-09,,,33.0,,,115.0,117.1
1991-04-10,,,33.0,,,115.6,117.7
1991-04-11,,,33.0,,,115.6,117.7
1991-04-12,,,33.0,,,115.6,117.7
1991-04-13,,,33.0,,,116.2,118.3
1991-04-14,,,33.0,,,116.2,118.3
1991-04-15,,,33.0,,,116.2,118.3
1991-04-16,,,33.0,,,116.2,118.3
1991-04-17,,,33.0,,,116.2,118.3
1991-04-18,,,33.0,,,116.8,118.9
1991-04-19,,,33.0,,,116.8,118.9
1991-04-20,,,33.0,,,116.8,118.9
1991-04-21,,,33.0,,,116.8,118.9
1991-04-22,,,33.0,,,116.8,118.9
1991-04-23,,,33.0,,,116.8,118.9
1991-04-24,,,33.0,,,116.8,118.9
1991-04-25,,,33.0,,,117.4,119.5
1991-04-26,,,33.0,,,117.4,119.5
1991-04-27,,,33.0,,,117.4,119.5
1991-04-28,,,33.0,,,117.4,119.5
1991-04-29,,,33.0,,,117.4,119.5
1991-04-30,8.07436047,,33.0,,,117.4,119.5
1991-05-01,,,32.5,,,117.4,119.5
1991-05-02,,,32.5,,,117.4,119.5
1991-05-03,,,32.5,,,117.95,120.05
1991-05-04,,,32.5,,,117.95,120.05
1991-05-05,,,32.5,,,117.95,120.05
1991-05-06,,,32.5,,,117.95,120.05
1991-05-07,,,32.5,,,117.95,120.05
1991-05-08,,,32.5,,,117.95,120.05
1991-05-09,,,32.5,,,118.5,120.6
1991-05-10,,,32.5,,,118.5,120.6
1991-05-11,,,32.5,,,118.5,120.6
1991-05-12,,,32.5,,,118.5,120.6
1991-05-13,,,32.5,,,118.5,120.6
1991-05-14,,,32.5,,,118.5,120.6
1991-05-15,,,32.5,,,118.5,120.6
1991-05-16,,,32.5,,,119.05,121.15
1991-05-17,,,32.5,,,119.05,121.15
1991-05-18,,,32.5,,,119.05,121.15
1991-05-19,,,32.5,,,119.05,121.15
1991-05-20,,,32.5,,,119.05,121.15
1991-05-21,,,32.5,,,119.05,121.15
1991-05-22,,,32.5,,,119.05,121.15
1991-05-23,,,32.5,,,119.6,121.7
1991-05-24,,,32.5,,,119.6,121.7
1991-05-25,,,32.5,,,119.6,121.7
1991-05-26,,,32.5,,,119.6,121.7
1991-05-27,,,32.5,,,119.6,121.7
1991-05-28,,,32.5,,,119.6,121.7
1991-05-29,,,32.5,,,119.6,121.7
1991-05-30,,,32.5,,,120.15,122.25
1991-05-31,8.21403786,,32.5,,,120.15,122.25
1991-06-01,,,31.5,,,120.65,122.75
1991-06-02,,,31.5,,,120.65,122.75
1991-06-03,,,31.5,,,120.65,122.75
1991-06-04,,,31.5,,,120.65,122.75
1991-06-05,,,31.5,,,120.65,122.75
1991-06-06,,,31.5,,,121.15,123.25
1991-06-07,,,31.5,,,121.15,123.25
1991-06-08,,,31.5,,,121.15,123.25
1991-06-09,,,31.5,,,121.15,123.25
1991-06-10,,,31.5,,,121.15,123.25
1991-06-11,,,31.5,,,121.15,123.25
1991-06-12,,,31.5,,,121.15,123.25
1991-06-13,,,31.5,,,121.65,123.75
1991-06-14,,,31.5,,,121.65,123.75
1991-06-15,,,31.5,,,121.65,123.75
1991-06-16,,,31.5,,,121.65,123.75
1991-06-17,,,31.5,,,121.65,123.75
1991-06-18,,,31.5,,,121.65,123.75
1991-06-19,,,31.5,,,121.65,123.75
1991-06-20,,,31.5,,,122.15,124.25
1991-06-21,,,31.5,,,122.15,124.25
1991-06-22,,,31.5,,,122.15,124.25
1991-06-23,,,31.5,,,122.15,124.25
1991-06-24,,,31.5,,,122.15,124.25
1991-06-25,,,31.5,,,122.15,124.25
1991-06-26,,,31.5,,,122.15,124.25
1991-06-27,,,31.5,,,122.3,124.75
1991-06-28,,,31.5,,,122.3,124.75
1991-06-29,,,31.5,,,122.3,124.75
1991-06-30,8.38654701,,31.5,,,122.3,124.75
1991-07-01,,,30.5,,,122.3,124.75
1991-07-02,,,30.5,,,122.3,124.75
1991-07-03,,,30.5,,,122.3,124.75
1991-07-04,,,30.5,,,122.8,125.25
1991-07-05,,,30.5,,,122.8,125.25
1991-07-06,,,30.5,,,122.8,125.25
1991-07-07,,,30.5,,,122.8,125.25
1991-07-08,,,30.5,,,122.8,125.25
1991-07-09,,,30.5,,,122.8,125.25
1991-07-10,,,30.5,,,122.8,125.25
1991-07-11,,,30.5,,,123.3,125.75
1991-07-12,,,30.5,,,123.3,125.75
1991-07-13,,,30.5,,,123.3,125.75
1991-07-14,,,30.5,,,123.3,125.75
1991-07-15,,,30.5,,,123.3,125.75
1991-07-16,,,30.5,,,123.3,125.75
1991-07-17,,,30.5,,,123.3,125.75
1991-07-18,,,30.5,,,123.8,126.25
1991-07-19,,,30.5,,,123.8,126.25
1991-07-20,,,30.5,,,123.8,126.25
1991-07-21,,,30.5,,,123.8,126.25
1991-07-22,,,30.5,,,124.3,126.75
1991-07-23,,,30.5,,,124.3,126.75
1991-07-24,,,30.5,,,124.3,126.75
1991-07-25,,,30.5,,,124.8,127.25
1991-07-26,,,30.5,,,124.8,127.25
1991-07-27,,,30.5,,,124.8,127.25
1991-07-28,,,30.5,,,124.8,127.25
1991-07-29,,,30.5,,,124.8,127.25
1991-07-30,,,30.5,,,124.8,127.25
1991-07-31,8.56853674,,30.5,,,124.8,127.25
1991-08-01,,,30.5,,,125.3,127.75
1991-08-02,,,30.5,,,125.3,127.75
1991-08-03,,,30.5,,,125.3,127.75
1991-08-04,,,30.5,,,125.3,127.75
1991-08-05,,,30.5,,,125.3,127.75
1991-08-06,,,30.5,,,125.3,127.75
1991-08-07,,,30.5,,,125.3,127.75
1991-08-08,,,30.5,,,125.8,128.25
1991-08-09,,,30.5,,,125.8,128.25
1991-08-10,,,30.5,,,125.8,128.25
1991-08-11,,,30.5,,,125.8,128.25
1991-08-12,,,30.5,,,125.8,128.25
1991-08-13,,,30.5,,,125.8,128.25
1991-08-14,,,30.5,,,125.8,128.25
1991-08-15,,,30.5,,,126.3,128.75
1991-08-16,,,30.5,,,126.3,128.75
1991-08-17,,,30.5,,,126.3,128.75
1991-08-18,,,30.5,,,126.3,128.75
1991-08-19,,,30.5,,,126.3,128.75
1991-08-20,,,30.5,,,126.3,128.75
1991-08-21,,,30.5,,,126.3,128.75
1991-08-22,,,30.5,,,126.8,129.25
1991-08-23,,,30.5,,,126.8,129.25
1991-08-24,,,30.5,,,126.8,129.25
1991-08-25,,,30.5,,,126.8,129.25
1991-08-26,,,30.5,,,126.8,129.25
1991-08-27,,,30.5,,,126.8,129.25
1991-08-28,,,30.5,,,126.8,129.25
1991-08-29,,,30.5,,,127.25,129.75
1991-08-30,,,30.5,,,127.25,129.75
1991-08-31,8.68848707,,30.5,,,127.25,129.75
1991-09-01,,,30.5,,,127.25,129.75
1991-09-02,,,30.5,,,127.25,129.75
1991-09-03,,,30.5,,,127.25,129.75
1991-09-04,,,30.5,,,127.25,129.75
1991-09-05,,,30.5,,,127.7,130.2
1991-09-06,,,30.5,,,127.7,130.2
1991-09-07,,,30.5,,,127.7,130.2
1991-09-08,,,30.5,,,127.7,130.2
1991-09-09,,,30.5,,,127.7,130.2
1991-09-10,,,30.5,,,127.7,130.2
1991-09-11,,,30.5,,,127.7,130.2
1991-09-12,,,30.5,,,128.15,130.65
1991-09-13,,,30.5,,,128.15,130.65
1991-09-14,,,30.5,,,128.15,130.65
1991-09-15,,,30.5,,,128.15,130.65
1991-09-16,,,30.5,,,128.15,130.65
1991-09-17,,,30.5,,,128.15,130.65
1991-09-18,,,30.5,,,128.15,130.65
1991-09-19,,,30.5,,,128.55,131.1
1991-09-20,,,30.5,,,128.55,131.1
1991-09-21,,,30.5,,,128.55,131.1
1991-09-22,,,30.5,,,128.55,131.1
1991-09-23,,,30.5,,,128.55,131.1
1991-09-24,,,30.5,,,128.55,131.1
1991-09-25,,,30.5,,,128.55,131.1
1991-09-26,,,30.5,,,128.55,131.1
1991-09-27,,,30.5,,,129.0,131.55
1991-09-28,,,30.5,,,129.0,131.55
1991-09-29,,,30.5,,,129.0,131.55
1991-09-30,8.82751997,,30.5,,,129.0,131.55
1991-10-01,,,31.0,,,129.0,131.55
1991-10-02,,,31.0,,,129.0,131.55
1991-10-03,,,31.0,,,129.4,131.95
1991-10-04,,,31.0,,,129.4,131.95
1991-10-05,,,31.0,,,129.4,131.95
1991-10-06,,,31.0,,,129.4,131.95
1991-10-07,,,31.0,,,129.4,131.95
1991-10-08,,,31.0,,,129.4,131.95
1991-10-09,,,31.0,,,129.8,132.35
1991-10-10,,,31.0,,,129.8,132.35
1991-10-11,,,31.0,,,129.8,132.35
1991-10-12,,,31.0,,,129.8,132.35
1991-10-13,,,31.0,,,129.8,132.35
1991-10-14,,,31.0,,,129.8,132.35
1991-10-15,,,31.0,,,129.8,132.35
1991-10-16,,,31.0,,,129.8,132.35
1991-10-17,,,31.0,,,129.8,132.35
1991-10-18,,,31.0,,,130.15,132.75
1991-10-19,,,31.0,,,130.15,132.75
1991-10-20,,,31.0,,,130.15,132.75
1991-10-21,,,31.0,,,130.15,132.75
1991-10-22,,,31.0,,,130.15,132.75
1991-10-23,,,31.0,,,130.15,132.75
1991-10-24,,,31.0,,,130.55,133.15
1991-10-25,,,31.0,,,130.55,133.15
1991-10-26,,,31.0,,,130.55,133.15
1991-10-27,,,31.0,,,130.55,133.15
1991-10-28,,,31.0,,,130.55,133.15
1991-10-29,,,31.0,,,130.55,133.15
1991-10-30,,,31.0,,,130.55,133.15
1991-10-31,8.92991955,,31.0,,,130.95,133.55
1991-11-01,,,30.5,,,130.95,133.55
1991-11-02,,,30.5,,,130.95,133.55
1991-11-03,,,30.5,,,130.95,133.55
1991-11-04,,,30.5,,,130.95,133.55
1991-11-05,,,30.5,,,130.95,133.55
1991-11-06,,,30.5,,,130.95,133.55
1991-11-07,,,30.5,,,130.95,133.55
1991-11-08,,,30.5,,,131.35,133.95
1991-11-09,,,30.5,,,131.35,133.95
1991-11-10,,,30.5,,,131.35,133.95
1991-11-11,,,30.5,,,131.35,133.95
1991-11-12,,,30.5,,,131.35,133.95
1991-11-13,,,30.5,,,131.35,133.95
1991-11-14,,,30.5,,,131.75,134.35
1991-11-15,,,30.5,,,131.75,134.35
1991-11-16,,,30.5,,,131.75,134.35
1991-11-17,,,30.5,,,131.75,134.35
1991-11-18,,,30.5,,,131.75,134.35
1991-11-19,,,30.5,,,131.75,134.35
1991-11-20,,,30.5,,,131.75,134.35
1991-11-21,,,30.5,,,132.15,134.75
1991-11-22,,,30.5,,,132.15,134.75
1991-11-23,,,30.5,,,132.15,134.75
1991-11-24,,,30.5,,,132.15,134.75
1991-11-25,,,30.5,,,132.15,134.75
1991-11-26,,,30.5,,,132.15,134.75
1991-11-27,,,30.5,,,132.15,134.75
1991-11-28,,,30.5,,,132.5,135.15
1991-11-29,,,30.5,,,132.5,135.15
1991-11-30,9.06030318,,30.5,,,132.5,135.15
1991-12-01,,,30.5,,,132.5,135.15
1991-12-02,,,30.5,,,132.5,135.15
1991-12-03,,,30.5,,,132.5,135.15
1991-12-04,,,30.5,,,132.5,135.15
1991-12-05,,,30.5,,,132.9,135.55
1991-12-06,,,30.5,,,132.9,135.55
1991-12-07,,,30.5,,,132.9,135.55
1991-12-08,,,30.5,,,132.9,135.55
1991-12-09,,,30.5,,,132.9,135.55
1991-12-10,,,30.5,,,132.9,135.55
1991-12-11,,,30.5,,,132.9,135.55
1991-12-12,,,30.5,,,133.3,135.95
1991-12-13,,,30.5,,,133.3,135.95
1991-12-14,,,30.5,,,133.3,135.95
1991-12-15,,,30.5,,,133.3,135.95
1991-12-16,,,30.5,,,133.3,135.95
1991-12-17,,,30.5,,,133.3,135.95
1991-12-18,,,30.5,,,133.3,135.95
1991-12-19,,,30.5,,,133.7,136.35
1991-12-20,,,30.5,,,133.7,136.35
1991-12-21,,,30.5,,,133.7,136.35
1991-12-22,,,30.5,,,133.7,136.35
1991-12-23,,,30.5,,,133.7,136.35
1991-12-24,,,30.5,,,133.7,136.35
1991-12-25,,,30.5,,,134.1,136.75
1991-12-26,,,30.5,,,134.1,136.75
1991-12-27,,,30.5,,,134.1,136.75
1991-12-28,,,30.5,,,134.1,136.75
1991-12-29,,,30.5,,,134.1,136.75
1991-12-30,,,30.5,,,134.1,136.75
1991-12-31,9.20707933,,30.5,,,134.1,136.75
1992-01-01,,,29.5,,,134.1,136.75
1992-01-02,,,29.5,,,134.1,136.75
1992-01-03,,,29.5,,,134.1,136.75
1992-01-04,,,29.5,,,134.5,137.15
1992-01-05,,,29.5,,,134.5,137.15
1992-01-06,,,29.5,,,134.5,137.15
1992-01-07,,,29.5,,,134.5,137.15
1992-01-08,,,29.5,,,134.5,137.15
1992-01-09,,,29.5,,,134.5,137.15
1992-01-10,,,29.5,,,134.5,137.15
1992-01-11,,,29.5,,,134.5,137.15
1992-01-12,,,29.5,,,134.5,137.15
1992-01-13,,,29.5,,,134.5,137.15
1992-01-14,,,29.5,,,134.9,137.55
1992-01-15,,,29.5,,,134.9,137.55
1992-01-16,,,29.5,,,135.3,137.95
1992-01-17,,,29.5,,,135.3,137.95
1992-01-18,,,29.5,,,135.3,137.95
1992-01-19,,,29.5,,,135.3,137.95
1992-01-20,,,29.5,,,135.3,137.95
1992-01-21,,,29.5,,,135.3,137.95
1992-01-22,,,29.5,,,135.3,137.95
1992-01-23,,,29.5,,,135.65,138.3
1992-01-24,,,29.5,,,135.65,138.3
1992-01-25,,,29.5,,,135.65,138.3
1992-01-26,,,29.5,,,135.65,138.3
1992-01-27,,,29.5,,,135.65,138.3
1992-01-28,,,29.5,,,135.65,138.3
1992-01-29,,,29.5,,,135.65,138.3
1992-01-30,,,29.5,,,136.0,138.65
1992-01-31,9.57074122,,29.5,,,136.0,138.65
1992-02-01,,,27.5,,,136.0,138.65
1992-02-02,,,27.5,,,136.0,138.65
1992-02-03,,,27.5,,,136.0,138.65
1992-02-04,,,27.5,,,136.0,138.65
1992-02-05,,,27.5,,,136.0,138.65
1992-02-06,,,27.5,,,136.0,138.65
1992-02-07,,,27.5,,,136.0,138.65
1992-02-08,,,27.5,,,136.0,138.65
1992-02-09,,,27.5,,,136.0,138.65
1992-02-10,,,27.5,,,136.0,138.65
1992-02-11,,,27.5,,,136.0,138.65
1992-02-12,,,27.5,,,136.0,138.65
1992-02-13,,,27.5,,,136.0,138.65
1992-02-14,,,27.5,,,136.0,138.5
1992-02-15,,,27.5,,,136.0,138.5
1992-02-16,,,27.5,,,136.0,138.5
1992-02-17,,,27.5,,,136.0,138.5
1992-02-18,,,27.5,,,136.0,138.5
1992-02-19,,,27.5,,,136.0,138.5
1992-02-20,,,27.5,,,136.0,138.5
1992-02-21,,,27.5,,,136.0,138.5
1992-02-22,,,27.5,,,136.0,138.5
1992-02-23,,,27.5,,,136.0,138.5
1992-02-24,,,27.5,,,136.0,138.5
1992-02-25,,,27.5,,,136.0,138.5
1992-02-26,,,27.5,,,136.0,138.5
1992-02-27,,,27.5,,,136.0,138.5
1992-02-28,,,27.5,,,136.0,138.5
1992-02-29,9.78702915,,27.5,,,136.0,138.5
1992-03-01,,,26.0,,,136.0,138.5
1992-03-02,,,26.0,,,136.25,137.6
1992-03-03,,,26.0,,,136.27,137.6
1992-03-04,,,26.0,,,136.25,137.6
1992-03-05,,,26.0,,,136.14,137.5
1992-03-06,,,26.0,,,135.85,137.19
1992-03-07,,,26.0,,,135.44,136.71
1992-03-08,,,26.0,,,135.44,136.71
1992-03-09,,,26.0,,,135.44,136.71
1992-03-10,,,26.0,,,135.48,136.73
1992-03-11,,,26.0,,,135.49,136.76
1992-03-12,,,26.0,,,135.26,136.61
1992-03-13,,,26.0,,,135.0,136.35
1992-03-14,,,26.0,,,134.6,135.95
1992-03-15,,,26.0,,,134.6,135.95
1992-03-16,,,26.0,,,134.6,135.95
1992-03-17,,,26.0,,,134.57,135.87
1992-03-18,,,26.0,,,134.57,135.87
1992-03-19,,,26.0,,,134.15,135.48
1992-03-20,,,26.0,,,134.15,135.48
1992-03-21,,,26.0,,,133.33,134.66
1992-03-22,,,26.0,,,133.33,134.66
1992-03-23,,,21.5,,,133.33,134.66
1992-03-24,,,21.5,,,132.38,133.64
1992-03-25,,,21.5,,,132.28,133.59
1992-03-26,,,21.5,,,132.27,133.58
1992-03-27,,,21.5,,,132.31,133.62
1992-03-28,,,21.5,,,132.33,133.62
1992-03-29,,,21.5,,,132.33,133.62
1992-03-30,,,21.5,,,132.33,133.62
1992-03-31,9.90351416,,21.5,,,132.34,133.64
1992-04-01,,,20.5,,,132.36,133.64
1992-04-02,,,20.5,,,132.39,133.67
1992-04-03,,,20.5,,,132.42,133.7
1992-04-04,,,20.5,,,132.45,133.72
1992-04-05,,,20.5,,,132.45,133.72
1992-04-06,,,20.5,,,132.45,133.72
1992-04-07,,,20.5,,,132.47,133.76
1992-04-08,,,20.5,,,132.5,133.8
1992-04-09,,,20.5,,,132.6,133.92
1992-04-10,,,20.5,,,132.68,133.97
1992-04-11,,,20.5,,,132.72,134.0
1992-04-12,,,20.5,,,132.72,134.0
1992-04-13,,,20.5,,,132.72,134.0
1992-04-14,,,20.5,,,132.67,133.97
1992-04-15,,,20.5,,,132.6,133.91
1992-04-16,,,20.5,,,132.48,133.78
1992-04-17,,,20.5,,,132.48,133.78
1992-04-18,,,20.5,,,132.48,133.78
1992-04-19,,,20.5,,,132.48,133.78
1992-04-20,,,20.5,,,132.48,133.78
1992-04-21,,,20.5,,,132.48,133.78
1992-04-22,,,20.5,,,132.49,133.79
1992-04-23,,,20.5,,,132.18,133.5
1992-04-24,,,20.5,,,131.76,133.03
1992-04-25,,,20.5,,,130.97,132.27
1992-04-26,,,20.5,,,130.97,132.27
1992-04-27,,,20.5,,,130.97,132.27
1992-04-28,,,20.5,,,130.79,132.04
1992-04-29,,,20.5,,,130.74,132.04
1992-04-30,10.09566632,,20.5,,,130.0,131.25
1992-05-01,,,19.0,,,129.99,131.22
1992-05-02,,,19.0,,,129.99,131.22
1992-05-03,,,19.0,,,129.99,131.22
1992-05-04,,,19.0,,,129.99,131.22
1992-05-05,,,19.0,,,129.99,131.21
1992-05-06,,,19.0,,,129.99,131.22
1992-05-07,,,19.0,,,129.99,131.23
1992-05-08,,,19.0,,,129.99,131.21
1992-05-09,,,19.0,,,130.0,131.24
1992-05-10,,,19.0,,,130.0,131.24
1992-05-11,,,19.0,,,130.0,131.24
1992-05-12,,,19.0,,,129.99,131.23
1992-05-13,,,16.5,,,129.99,131.22
1992-05-14,,,16.5,,,129.99,131.21
1992-05-15,,,16.5,,,129.99,131.22
1992-05-16,,,16.5,,,129.99,131.23
1992-05-17,,,16.5,,,129.99,131.23
1992-05-18,,,16.5,,,129.99,131.23
1992-05-19,,,16.5,,,130.0,131.24
1992-05-20,,,16.5,,,130.0,131.25
1992-05-21,,,16.5,,,130.0,131.26
1992-05-22,,,16.5,,,129.85,131.13
1992-05-23,,,16.5,,,129.74,130.99
1992-05-24,,,16.5,,,129.74,130.99
1992-05-25,,,16.5,,,129.74,130.99
1992-05-26,,,16.5,,,129.53,130.8
1992-05-27,,,16.5,,,129.34,130.58
1992-05-28,,,16.5,,,129.33,130.53
1992-05-29,,,16.5,,,128.45,129.68
1992-05-30,,,16.5,,,127.47,128.68
1992-05-31,10.18955673,,16.5,,,127.47,128.68
1992-06-01,,,15.0,,,127.47,128.68
1992-06-02,,,15.0,,,126.97,128.23
1992-06-03,,,15.0,,,125.94,127.17
1992-06-04,,,15.0,,,124.94,126.18
1992-06-05,,,15.0,,,123.92,125.15
1992-06-06,,,15.0,,,122.9,124.1
1992-06-07,,,15.0,,,122.9,124.1
1992-06-08,,,15.0,,,122.9,124.1
1992-06-09,,,15.0,,,122.41,123.62
1992-06-10,,,15.0,,,122.43,123.62
1992-06-11,,,15.0,,,124.05,125.28
1992-06-12,,,15.0,,,125.49,126.74
1992-06-13,,,15.0,,,125.76,127.0
1992-06-14,,,15.0,,,125.76,127.0
1992-06-15,,,15.0,,,125.76,127.0
1992-06-16,,,12.5,,,126.01,127.24
1992-06-17,,,12.5,,,126.27,127.49
1992-06-18,,,12.5,,,126.7,127.93
1992-06-19,,,12.5,,,126.7,127.93
1992-06-20,,,12.5,,,127.08,128.31
1992-06-21,,,12.5,,,127.08,128.31
1992-06-22,,,12.5,,,127.08,128.31
1992-06-23,,,12.5,,,127.37,128.62
1992-06-24,,,12.5,,,128.18,129.41
1992-06-25,,,12.5,,,130.21,131.46
1992-06-26,,,12.5,,,133.45,134.77
1992-06-27,,,12.5,,,133.65,134.98
1992-06-28,,,12.5,,,133.65,134.98
1992-06-29,,,12.5,,,133.65,134.98
1992-06-30,10.31486849,,12.5,,,133.65,134.98
1992-07-01,,,13.0,,,133.68,135.0
1992-07-02,,,13.0,,,133.68,135.0
1992-07-03,,,13.0,,,133.68,135.0
1992-07-04,,,13.0,,,133.68,135.01
1992-07-05,,,13.0,,,133.68,135.01
1992-07-06,,,15.0,,,133.68,135.01
1992-07-07,,,15.0,,,133.68,135.01
1992-07-08,,,15.0,,,133.69,135.01
1992-07-09,,,15.0,,,133.69,135.0
1992-07-10,,,15.0,,,133.69,135.0
1992-07-11,,,15.0,,,133.63,134.94
1992-07-12,,,15.0,,,133.63,134.94
1992-07-13,,,15.0,,,133.63,134.94
1992-07-14,,,15.0,,,133.64,134.93
1992-07-15,,,15.0,,,133.65,134.91
1992-07-16,,,15.0,,,133.66,134.93
1992-07-17,,,15.0,,,133.64,134.95
1992-07-18,,,15.0,,,133.62,134.93
1992-07-19,,,15.0,,,133.62,134.93
1992-07-20,,,15.0,,,133.62,134.93
1992-07-21,,,15.0,,,133.62,134.93
1992-07-22,,,15.0,,,133.75,135.08
1992-07-23,,,15.0,,,133.79,135.12
1992-07-24,,,15.0,,,133.77,135.1
1992-07-25,,,15.0,,,133.79,135.12
1992-07-26,,,15.0,,,133.79,135.12
1992-07-27,,,15.0,,,133.79,135.12
1992-07-28,,,15.0,,,133.8,135.13
1992-07-29,,,15.0,,,133.81,135.12
1992-07-30,,,15.0,,,133.78,135.11
1992-07-31,10.37573099,,15.0,,,133.5,134.83
1992-08-01,,,16.0,,,133.32,134.64
1992-08-02,,,16.0,,,133.32,134.64
1992-08-03,,,16.0,,,133.32,134.64
1992-08-04,,,16.0,,,133.36,134.67
1992-08-05,,,16.0,,,133.34,134.66
1992-08-06,,,16.0,,,133.12,134.45
1992-08-07,,,16.0,,,133.15,134.46
1992-08-08,,,16.0,,,133.25,134.58
1992-08-09,,,16.0,,,133.25,134.58
1992-08-10,,,16.0,,,133.25,134.58
1992-08-11,,,16.0,,,133.38,134.71
1992-08-12,,,16.0,,,133.67,135.0
1992-08-13,,,16.0,,,133.77,135.1
1992-08-14,,,16.0,,,133.78,135.1
1992-08-15,,,16.0,,,133.78,135.1
1992-08-16,,,16.0,,,133.78,135.1
1992-08-17,,,16.0,,,133.78,135.1
1992-08-18,,,16.0,,,133.79,135.11
1992-08-19,,,16.0,,,133.94,135.25
1992-08-20,,,16.0,,,134.25,135.54
1992-08-21,,,16.0,,,134.34,135.62
1992-08-22,,,16.0,,,134.48,135.75
1992-08-23,,,16.0,,,134.48,135.75
1992-08-24,,,16.0,,,134.48,135.75
1992-08-25,,,16.0,,,134.57,135.87
1992-08-26,,,16.0,,,134.61,135.89
1992-08-27,,,16.0,,,134.67,135.92
1992-08-28,,,16.0,,,134.71,135.96
1992-08-29,,,16.0,,,134.75,136.0
1992-08-30,,,16.0,,,134.75,136.0
1992-08-31,10.43281061,,16.0,,,134.75,136.0
1992-09-01,,,16.5,,,134.77,136.04
1992-09-02,,,16.5,,,134.8,136.06
1992-09-03,,,16.5,,,134.85,136.1
1992-09-04,,,16.5,,,134.84,136.13
1992-09-05,,,16.5,,,134.85,136.16
1992-09-06,,,16.5,,,134.85,136.16
1992-09-07,,,16.5,,,134.85,136.16
1992-09-08,,,16.5,,,134.87,136.15
1992-09-09,,,16.5,,,134.91,136.17
1992-09-10,,,16.5,,,134.98,136.24
1992-09-11,,,16.5,,,135.01,136.27
1992-09-12,,,16.5,,,134.92,136.2
1992-09-13,,,16.5,,,134.92,136.2
1992-09-14,,,16.5,,,134.92,136.2
1992-09-15,,,16.5,,,134.93,136.19
1992-09-16,,,16.5,,,134.93,136.19
1992-09-17,,,16.5,,,134.95,136.19
1992-09-18,,,16.5,,,134.95,136.2
1992-09-19,,,16.5,,,134.96,136.2
1992-09-20,,,16.5,,,134.96,136.2
1992-09-21,,,16.5,,,134.96,136.2
1992-09-22,,,16.5,,,134.96,136.19
1992-09-23,,,16.5,,,134.96,136.2
1992-09-24,,,16.5,,,134.97,136.21
1992-09-25,,,16.5,,,134.96,136.21
1992-09-26,,,16.5,,,134.99,136.23
1992-09-27,,,16.5,,,134.99,136.23
1992-09-28,,,16.5,,,134.99,136.23
1992-09-29,,,16.5,,,135.05,136.36
1992-09-30,10.4734977,,16.5,,,135.23,136.56
1992-10-01,,,17.0,,,135.26,136.58
1992-10-02,,,17.0,,,135.29,136.58
1992-10-03,,,17.0,,,135.29,136.59
1992-10-04,,,17.0,,,135.29,136.59
1992-10-05,,,17.0,,,135.29,136.59
1992-10-06,,,17.0,,,135.32,136.61
1992-10-07,,,17.0,,,135.42,136.73
1992-10-08,,,17.0,,,135.47,136.75
1992-10-09,,,17.0,,,135.49,136.75
1992-10-10,,,17.0,,,135.49,136.76
1992-10-11,,,17.0,,,135.49,136.76
1992-10-12,,,17.0,,,135.49,136.76
1992-10-13,,,17.0,,,135.49,136.76
1992-10-14,,,17.0,,,135.52,136.84
1992-10-15,,,17.0,,,135.56,136.85
1992-10-16,,,17.0,,,135.59,136.84
1992-10-17,,,17.0,,,135.59,136.85
1992-10-18,,,17.0,,,135.59,136.85
1992-10-19,,,17.0,,,135.59,136.85
1992-10-20,,,17.0,,,135.63,136.91
1992-10-21,,,17.0,,,135.7,136.97
1992-10-22,,,17.0,,,135.74,136.99
1992-10-23,,,17.0,,,135.74,137.06
1992-10-24,,,17.0,,,135.71,137.03
1992-10-25,,,17.0,,,135.71,137.03
1992-10-26,,,17.0,,,135.71,137.03
1992-10-27,,,17.0,,,135.71,137.02
1992-10-28,,,17.0,,,135.72,137.02
1992-10-29,,,17.0,,,135.72,137.02
1992-10-30,,,17.0,,,135.72,137.01
1992-10-31,10.54364463,,17.0,,,135.76,137.04
1992-11-01,,,18.5,,,135.76,137.04
1992-11-02,,,18.5,,,135.76,137.04
1992-11-03,,,18.5,,,135.78,137.07
1992-11-04,,,18.5,,,135.81,137.09
1992-11-05,,,18.5,,,135.86,137.13
1992-11-06,,,18.5,,,135.85,137.16
1992-11-07,,,18.5,,,135.86,137.17
1992-11-08,,,18.5,,,135.86,137.17
1992-11-09,,,18.5,,,135.86,137.17
1992-11-10,,,18.5,,,135.87,137.16
1992-11-11,,,18.5,,,135.92,137.17
1992-11-12,,,18.5,,,135.95,137.2
1992-11-13,,,18.5,,,135.95,137.21
1992-11-14,,,18.5,,,135.97,137.23
1992-11-15,,,18.5,,,135.97,137.23
1992-11-16,,,18.5,,,135.97,137.23
1992-11-17,,,18.5,,,136.01,137.28
1992-11-18,,,18.5,,,136.07,137.36
1992-11-19,,,18.5,,,136.13,137.41
1992-11-20,,,18.5,,,136.18,137.45
1992-11-21,,,18.5,,,136.2,137.48
1992-11-22,,,18.5,,,136.2,137.48
1992-11-23,,,18.5,,,136.2,137.48
1992-11-24,,,18.5,,,136.26,137.55
1992-11-25,,,18.5,,,136.29,137.58
1992-11-26,,,18.5,,,136.32,137.62
1992-11-27,,,18.5,,,136.31,137.58
1992-11-28,,,18.5,,,136.21,137.53
1992-11-29,,,18.5,,,136.21,137.53
1992-11-30,10.66701357,,18.5,,,136.21,137.53
1992-12-01,,,19.0,,,136.21,137.53
1992-12-02,,,19.0,,,136.26,137.54
1992-12-03,,,19.0,,,136.3,137.58
1992-12-04,,,19.0,,,136.31,137.57
1992-12-05,,,19.0,,,136.32,137.58
1992-12-06,,,19.0,,,136.32,137.58
1992-12-07,,,19.0,,,136.32,137.58
1992-12-08,,,19.0,,,136.32,137.6
1992-12-09,,,19.0,,,136.32,137.6
1992-12-10,,,19.0,,,136.32,137.6
1992-12-11,,,19.0,,,136.32,137.6
1992-12-12,,,19.0,,,136.32,137.6
1992-12-13,,,19.0,,,136.32,137.6
1992-12-14,,,19.0,,,136.32,137.6
1992-12-15,,,19.0,,,136.32,137.6
1992-12-16,,,19.0,,,136.33,137.64
1992-12-17,,,19.0,,,136.35,137.66
1992-12-18,,,19.0,,,136.37,137.66
1992-12-19,,,19.0,,,136.39,137.67
1992-12-20,,,19.0,,,136.39,137.67
1992-12-21,,,19.0,,,136.39,137.67
1992-12-22,,,19.0,,,136.43,137.72
1992-12-23,,,19.0,,,136.55,137.9
1992-12-24,,,19.0,,,136.64,137.98
1992-12-25,,,19.0,,,136.73,138.06
1992-12-26,,,19.0,,,136.73,138.06
1992-12-27,,,19.0,,,136.73,138.06
1992-12-28,,,19.0,,,136.73,138.06
1992-12-29,,,19.0,,,136.74,138.07
1992-12-30,,,19.0,,,136.74,138.07
1992-12-31,10.76941315,,19.0,,,136.74,138.07
1993-01-01,,,19.5,,,136.74,138.07
1993-01-02,,,19.5,,,136.74,138.07
1993-01-03,,,19.5,,,136.74,138.07
1993-01-04,,,19.5,,,136.74,138.07
1993-01-05,,,19.5,,,136.75,138.1
1993-01-06,,,19.5,,,136.77,138.09
1993-01-07,,,19.5,,,136.77,138.09
1993-01-08,,,19.5,,,136.79,138.11
1993-01-09,,,19.5,,,136.81,138.14
1993-01-10,,,19.5,,,136.81,138.14
1993-01-11,,,19.5,,,136.81,138.14
1993-01-12,,,19.5,,,136.82,138.15
1993-01-13,,,19.5,,,136.84,138.18
1993-01-14,,,19.5,,,136.85,138.17
1993-01-15,,,19.5,,,136.85,138.19
1993-01-16,,,19.5,,,136.85,138.17
1993-01-17,,,19.5,,,136.85,138.17
1993-01-18,,,19.5,,,136.85,138.17
1993-01-19,,,19.5,,,136.89,138.18
1993-01-20,,,19.5,,,136.91,138.24
1993-01-21,,,19.5,,,136.96,138.26
1993-01-22,,,19.5,,,137.0,138.35
1993-01-23,,,19.5,,,137.02,138.37
1993-01-24,,,19.5,,,137.02,138.37
1993-01-25,,,19.5,,,137.02,138.37
1993-01-26,,,19.5,,,137.29,138.69
1993-01-27,,,19.5,,,137.71,139.08
1993-01-28,,,19.5,,,137.73,139.09
1993-01-29,,,19.5,,,137.77,139.12
1993-01-30,,,19.5,,,137.77,139.12
1993-01-31,10.81355621,,19.5,,,137.77,139.12
1993-02-01,,,19.0,,,137.77,139.12
1993-02-02,,,19.0,,,137.78,139.12
1993-02-03,,,19.0,,,137.78,139.12
1993-02-04,,,19.0,,,137.81,139.12
1993-02-05,,,19.0,,,137.75,139.11
1993-02-06,,,19.0,,,137.71,139.04
1993-02-07,,,19.0,,,137.71,139.04
1993-02-08,,,19.0,,,137.71,139.04
1993-02-09,,,19.0,,,137.71,139.06
1993-02-10,,,19.0,,,137.7,139.05
1993-02-11,,,19.0,,,137.69,139.0
1993-02-12,,,19.0,,,137.67,138.98
1993-02-13,,,19.0,,,137.65,138.97
1993-02-14,,,19.0,,,137.65,138.97
1993-02-15,,,19.0,,,137.65,138.97
1993-02-16,,,19.0,,,137.66,138.97
1993-02-17,,,19.0,,,137.68,138.99
1993-02-18,,,19.0,,,137.66,139.01
1993-02-19,,,19.0,,,137.67,139.02
1993-02-20,,,19.0,,,137.68,139.02
1993-02-21,,,19.0,,,137.68,139.02
1993-02-22,,,19.0,,,137.68,139.02
1993-02-23,,,19.0,,,137.65,138.98
1993-02-24,,,19.0,,,137.61,138.93
1993-02-25,,,19.0,,,137.58,138.91
1993-02-26,,,19.0,,,137.55,138.9
1993-02-27,,,19.0,,,137.55,138.89
1993-02-28,10.87519398,,19.0,,,137.55,138.89
1993-03-01,,,19.0,,,137.55,138.89
1993-03-02,,,19.0,,,137.55,138.89
1993-03-03,,,19.0,,,137.54,138.88
1993-03-04,,,19.0,,,137.54,138.88
1993-03-05,,,19.0,,,137.54,138.88
1993-03-06,,,19.0,,,137.54,138.87
1993-03-07,,,19.0,,,137.54,138.87
1993-03-08,,,19.0,,,137.54,138.87
1993-03-09,,,19.0,,,137.53,138.88
1993-03-10,,,19.0,,,137.54,138.88
1993-03-11,,,19.0,,,137.56,138.88
1993-03-12,,,19.0,,,137.56,138.88
1993-03-13,,,19.0,,,137.56,138.88
1993-03-14,,,19.0,,,137.56,138.88
1993-03-15,,,19.0,,,137.56,138.88
1993-03-16,,,19.0,,,137.57,138.84
1993-03-17,,,19.0,,,137.57,138.86
1993-03-18,,,19.0,,,137.57,138.86
1993-03-19,,,19.0,,,137.57,138.86
1993-03-20,,,19.0,,,137.57,138.86
1993-03-21,,,19.0,,,137.57,138.86
1993-03-22,,,19.0,,,137.57,138.86
1993-03-23,,,19.0,,,137.57,138.86
1993-03-24,,,19.0,,,137.57,138.86
1993-03-25,,,19.0,,,137.57,138.86
1993-03-26,,,19.0,,,137.6,138.85
1993-03-27,,,19.0,,,137.57,138.85
1993-03-28,,,19.0,,,137.57,138.85
1993-03-29,,,19.0,,,137.57,138.85
1993-03-30,,,19.0,,,137.57,138.85
1993-03-31,10.91327508,,19.0,,,137.57,138.85
1993-04-01,,,17.0,,,137.55,138.85
1993-04-02,,,17.0,,,137.54,138.84
1993-04-03,,,17.0,,,137.54,138.84
1993-04-04,,,17.0,,,137.54,138.84
1993-04-05,,,17.0,,,137.54,138.84
1993-04-06,,,17.0,,,137.54,138.84
1993-04-07,,,17.0,,,137.55,138.86
1993-04-08,,,17.0,,,137.55,138.85
1993-04-09,,,17.0,,,137.55,138.85
1993-04-10,,,17.0,,,137.55,138.85
1993-04-11,,,17.0,,,137.55,138.85
1993-04-12,,,17.0,,,137.55,138.85
1993-04-13,,,17.0,,,137.55,138.85
1993-04-14,,,17.0,,,137.55,138.85
1993-04-15,,,17.0,,,137.54,138.84
1993-04-16,,,17.0,,,137.54,138.85
1993-04-17,,,17.0,,,137.55,138.85
1993-04-18,,,17.0,,,137.55,138.85
1993-04-19,,,17.0,,,137.55,138.85
1993-04-20,,,17.0,,,137.54,138.85
1993-04-21,,,17.0,,,137.57,138.85
1993-04-22,,,17.0,,,137.55,138.85
1993-04-23,,,17.0,,,137.54,138.85
1993-04-24,,,17.0,,,137.54,138.85
1993-04-25,,,17.0,,,137.54,138.85
1993-04-26,,,17.0,,,137.54,138.85
1993-04-27,,,17.0,,,137.54,138.85
1993-04-28,,,17.0,,,137.54,138.85
1993-04-29,,,17.0,,,137.54,138.85
1993-04-30,11.02242782,,17.0,,,137.54,138.85
1993-05-01,,,15.5,,,137.54,138.85
1993-05-02,,,15.5,,,137.54,138.85
1993-05-03,,,15.5,,,137.54,138.85
1993-05-04,,,15.5,,,137.54,138.85
1993-05-05,,,15.5,,,137.53,138.86
1993-05-06,,,15.5,,,137.54,138.86
1993-05-07,,,15.5,,,137.54,138.86
1993-05-08,,,15.5,,,137.53,138.86
1993-05-09,,,15.5,,,137.53,138.86
1993-05-10,,,15.5,,,137.53,138.86
1993-05-11,,,15.5,,,137.53,138.86
1993-05-12,,,15.5,,,137.53,138.86
1993-05-13,,,15.5,,,137.53,138.86
1993-05-14,,,15.5,,,137.53,138.86
1993-05-15,,,15.5,,,137.55,138.83
1993-05-16,,,15.5,,,137.55,138.83
1993-05-17,,,15.5,,,137.55,138.83
1993-05-18,,,15.5,,,137.55,138.83
1993-05-19,,,15.5,,,137.55,138.83
1993-05-20,,,15.5,,,137.55,138.83
1993-05-21,,,15.5,,,137.55,138.83
1993-05-22,,,15.5,,,137.55,138.83
1993-05-23,,,15.5,,,137.55,138.83
1993-05-24,,,15.5,,,137.55,138.83
1993-05-25,,,15.5,,,137.55,138.83
1993-05-26,,,15.5,,,137.55,138.83
1993-05-27,,,15.5,,,137.55,138.83
1993-05-28,,,15.5,,,137.55,138.83
1993-05-29,,,15.5,,,137.55,138.83
1993-05-30,,,15.5,,,137.55,138.83
1993-05-31,11.12933884,,15.5,,,137.55,138.83
1993-06-01,,,14.5,,,137.54,138.85
1993-06-02,,,14.5,,,137.56,138.88
1993-06-03,,,14.5,,,137.68,139.0
1993-06-04,,,14.5,,,137.74,139.09
1993-06-05,,,14.5,,,137.93,139.26
1993-06-06,,,14.5,,,137.93,139.26
1993-06-07,,,14.5,,,137.93,139.26
1993-06-08,,,14.5,,,138.66,140.03
1993-06-09,,,14.5,,,139.02,140.39
1993-06-10,,,14.5,,,138.97,140.34
1993-06-11,,,14.5,,,138.97,140.34
1993-06-12,,,14.5,,,138.98,140.32
1993-06-13,,,14.5,,,138.98,140.32
1993-06-14,,,14.5,,,138.98,140.32
1993-06-15,,,14.5,,,139.06,140.42
1993-06-16,,,14.5,,,139.19,140.55
1993-06-17,,,14.5,,,139.3,140.65
1993-06-18,,,14.5,,,139.45,140.8
1993-06-19,,,14.5,,,139.58,140.95
1993-06-20,,,14.5,,,139.58,140.95
1993-06-21,,,14.5,,,139.58,140.95
1993-06-22,,,14.5,,,139.75,141.14
1993-06-23,,,14.5,,,139.81,141.18
1993-06-24,,,16.5,,,139.8,141.15
1993-06-25,,,16.5,,,139.81,141.17
1993-06-26,,,16.5,,,139.82,141.17
1993-06-27,,,16.5,,,139.82,141.17
1993-06-28,,,16.5,,,139.82,141.17
1993-06-29,,,16.5,,,139.83,141.18
1993-06-30,11.27402273,,16.5,,,139.83,141.18
1993-07-01,,,17.5,,,139.87,141.24
1993-07-02,,,17.5,,,139.93,141.3
1993-07-03,,,17.5,,,139.98,141.35
1993-07-04,,,17.5,,,139.98,141.35
1993-07-05,,,17.5,,,139.98,141.35
1993-07-06,,,17.5,,,140.1,141.49
1993-07-07,,,17.5,,,140.19,141.58
1993-07-08,,,18.0,,,140.3,141.7
1993-07-09,,,18.0,,,140.39,141.79
1993-07-10,,,18.0,,,140.46,141.85
1993-07-11,,,18.0,,,140.46,141.85
1993-07-12,,,18.0,,,140.46,141.85
1993-07-13,,,18.0,,,140.61,141.98
1993-07-14,,,18.0,,,140.63,142.03
1993-07-15,,,19.0,,,140.66,142.06
1993-07-16,,,19.0,,,140.71,142.07
1993-07-17,,,19.0,,,140.71,142.06
1993-07-18,,,19.0,,,140.71,142.06
1993-07-19,,,19.0,,,140.71,142.06
1993-07-20,,,19.0,,,140.71,142.07
1993-07-21,,,19.0,,,140.84,142.18
1993-07-22,,,19.5,,,140.94,142.33
1993-07-23,,,19.5,,,141.01,142.4
1993-07-24,,,19.5,,,141.07,142.46
1993-07-25,,,19.5,,,141.07,142.46
1993-07-26,,,19.5,,,141.07,142.46
1993-07-27,,,19.5,,,141.14,142.53
1993-07-28,,,19.5,,,141.23,142.62
1993-07-29,,,19.5,,,141.32,142.7
1993-07-30,,,19.5,,,141.37,142.76
1993-07-31,11.39802682,,19.5,,,141.42,142.81
1993-08-01,,,19.5,,,141.42,142.81
1993-08-02,,,19.5,,,141.42,142.81
1993-08-03,,,19.5,,,141.42,142.81
1993-08-04,,,19.5,,,141.47,142.85
1993-08-05,,,20.0,,,141.53,142.91
1993-08-06,,,20.0,,,141.58,142.95
1993-08-07,,,20.0,,,141.66,143.03
1993-08-08,,,20.0,,,141.66,143.03
1993-08-09,,,20.0,,,141.66,143.03
1993-08-10,,,20.0,,,141.77,143.15
1993-08-11,,,20.0,,,141.88,143.26
1993-08-12,,,20.75,,,141.98,143.36
1993-08-13,,,20.75,,,142.07,143.45
1993-08-14,,,20.75,,,142.15,143.54
1993-08-15,,,20.75,,,142.15,143.54
1993-08-16,,,20.75,,,142.15,143.54
1993-08-17,,,20.75,,,142.24,143.64
1993-08-18,,,20.75,,,142.38,143.77
1993-08-19,,,21.5,,,142.5,143.9
1993-08-20,,,21.5,,,142.6,143.99
1993-08-21,,,21.5,,,142.7,144.09
1993-08-22,,,21.5,,,142.7,144.09
1993-08-23,,,21.5,,,142.7,144.09
1993-08-24,,,21.5,,,142.8,144.19
1993-08-25,,,21.5,,,142.91,144.3
1993-08-26,,,22.75,,,142.99,144.38
1993-08-27,,,22.75,,,143.07,144.46
1993-08-28,,,22.75,,,143.14,144.54
1993-08-29,,,22.75,,,143.14,144.54
1993-08-30,,,22.75,,,143.14,144.54
1993-08-31,11.44020838,,22.75,,,143.21,144.61
1993-09-01,,,22.75,,,143.3,144.69
1993-09-02,,,25.0,,,143.4,144.8
1993-09-03,,,25.0,,,143.5,144.9
1993-09-04,,,25.0,,,143.59,144.97
1993-09-05,,,25.0,,,143.59,144.97
1993-09-06,,,25.0,,,143.59,144.97
1993-09-07,,,25.0,,,143.68,145.08
1993-09-08,,,25.0,,,143.79,145.19
1993-09-09,,,25.0,,,143.86,145.25
1993-09-10,,,25.0,,,143.94,145.33
1993-09-11,,,25.0,,,144.02,145.42
1993-09-12,,,25.0,,,144.02,145.42
1993-09-13,,,25.0,,,144.02,145.42
1993-09-14,,,25.0,,,144.11,145.51
1993-09-15,,,25.0,,,144.19,145.59
1993-09-16,,,25.0,,,144.19,145.59
1993-09-17,,,25.0,,,144.27,145.67
1993-09-18,,,25.0,,,144.35,145.75
1993-09-19,,,25.0,,,144.35,145.75
1993-09-20,,,25.0,,,144.35,145.75
1993-09-21,,,25.0,,,144.43,145.83
1993-09-22,,,25.0,,,144.52,145.92
1993-09-23,,,25.0,,,144.6,146.01
1993-09-24,,,25.0,,,144.69,146.09
1993-09-25,,,25.0,,,144.77,146.18
1993-09-26,,,25.0,,,144.77,146.18
1993-09-27,,,25.0,,,144.77,146.18
1993-09-28,,,25.0,,,144.86,146.27
1993-09-29,,,25.0,,,144.98,146.39
1993-09-30,11.40472394,,25.0,,,145.07,146.5
1993-10-01,,,25.0,,,145.16,146.58
1993-10-02,,,25.0,,,145.25,146.67
1993-10-03,,,25.0,,,145.25,146.67
1993-10-04,,,25.0,,,145.25,146.67
1993-10-05,,,25.0,,,145.33,146.76
1993-10-06,,,25.0,,,145.43,146.86
1993-10-07,,,25.0,,,145.52,146.95
1993-10-08,,,25.0,,,145.61,147.02
1993-10-09,,,25.0,,,145.69,147.11
1993-10-10,,,25.0,,,145.69,147.11
1993-10-11,,,25.0,,,145.69,147.11
1993-10-12,,,25.0,,,145.76,147.19
1993-10-13,,,25.0,,,145.76,147.19
1993-10-14,,,25.0,,,145.85,147.28
1993-10-15,,,25.0,,,145.93,147.36
1993-10-16,,,25.0,,,146.01,147.44
1993-10-17,,,25.0,,,146.01,147.44
1993-10-18,,,25.0,,,146.01,147.44
1993-10-19,,,25.0,,,146.09,147.52
1993-10-20,,,25.0,,,146.19,147.62
1993-10-21,,,25.0,,,146.29,147.72
1993-10-22,,,25.0,,,146.39,147.82
1993-10-23,,,25.0,,,146.49,147.92
1993-10-24,,,25.0,,,146.49,147.92
1993-10-25,,,25.0,,,146.49,147.92
1993-10-26,,,25.0,,,146.59,148.02
1993-10-27,,,25.0,,,146.7,148.11
1993-10-28,,,25.0,,,146.79,148.21
1993-10-29,,,25.0,,,146.89,148.3
1993-10-30,,,25.0,,,146.97,148.39
1993-10-31,11.51418491,,25.0,,,146.97,148.39
1993-11-01,,,25.0,,,146.97,148.39
1993-11-02,,,25.0,,,147.06,148.49
1993-11-03,,,25.0,,,147.16,148.59
1993-11-04,,,25.0,,,147.25,148.68
1993-11-05,,,25.0,,,147.35,148.78
1993-11-06,,,25.0,,,147.44,148.87
1993-11-07,,,25.0,,,147.44,148.87
1993-11-08,,,25.0,,,147.44,148.87
1993-11-09,,,25.0,,,147.53,148.97
1993-11-10,,,25.0,,,147.64,149.07
1993-11-11,,,25.0,,,147.73,149.16
1993-11-12,,,25.0,,,147.81,149.24
1993-11-13,,,25.0,,,147.91,149.35
1993-11-14,,,25.0,,,147.91,149.35
1993-11-15,,,25.0,,,147.91,149.35
1993-11-16,,,25.0,,,148.01,149.44
1993-11-17,,,25.0,,,148.1,149.53
1993-11-18,,,25.0,,,148.19,149.62
1993-11-19,,,25.0,,,148.3,149.73
1993-11-20,,,25.0,,,148.39,149.82
1993-11-21,,,25.0,,,148.39,149.82
1993-11-22,,,25.0,,,148.39,149.82
1993-11-23,,,25.0,,,148.49,149.93
1993-11-24,,,25.0,,,148.58,150.01
1993-11-25,,,25.0,,,148.66,150.08
1993-11-26,,,25.0,,,148.75,150.18
1993-11-27,,,25.0,,,148.84,150.27
1993-11-28,,,25.0,,,148.84,150.27
1993-11-29,,,25.0,,,148.84,150.27
1993-11-30,11.63855328,,25.0,,,148.92,150.35
1993-12-01,,,25.0,,,149.0,150.43
1993-12-02,,,25.0,,,149.09,150.53
1993-12-03,,,25.0,,,149.17,150.61
1993-12-04,,,25.0,,,149.26,150.7
1993-12-05,,,25.0,,,149.26,150.7
1993-12-06,,,25.0,,,149.26,150.7
1993-12-07,,,25.0,,,149.34,150.78
1993-12-08,,,25.0,,,149.43,150.87
1993-12-09,,,25.0,,,149.43,150.87
1993-12-10,,,25.0,,,149.53,150.97
1993-12-11,,,25.0,,,149.61,151.06
1993-12-12,,,25.0,,,149.61,151.06
1993-12-13,,,25.0,,,149.61,151.06
1993-12-14,,,25.0,,,149.71,151.14
1993-12-15,,,25.0,,,149.8,151.24
1993-12-16,,,25.0,,,149.9,151.34
1993-12-17,,,25.0,,,149.99,151.43
1993-12-18,,,25.0,,,150.09,151.54
1993-12-19,,,25.0,,,150.09,151.54
1993-12-20,,,25.0,,,150.09,151.54
1993-12-21,,,25.0,,,150.17,151.63
1993-12-22,,,25.0,,,150.26,151.72
1993-12-23,,,25.0,,,150.35,151.82
1993-12-24,,,25.0,,,150.44,151.91
1993-12-25,,,25.0,,,150.53,152.0
1993-12-26,,,25.0,,,150.53,152.0
1993-12-27,,,25.0,,,150.53,152.0
1993-12-28,,,25.0,,,150.61,152.08
1993-12-29,,,25.0,,,150.71,152.17
1993-12-30,,,25.0,,,150.71,152.17
1993-12-31,11.74327863,,25.0,,,150.71,152.17
1994-01-01,,,25.0,,,150.71,152.17
1994-01-02,,,25.0,,,150.71,152.17
1994-01-03,,,25.0,,,150.71,152.17
1994-01-04,,,25.0,,,150.8,152.28
1994-01-05,,,25.0,,,150.89,152.36
1994-01-06,,,25.0,,,150.75,152.2
1994-01-07,,,24.75,,,150.71,152.19
1994-01-08,,,24.75,,,150.75,152.21
1994-01-09,,,24.75,,,150.75,152.21
1994-01-10,,,24.75,,,150.75,152.21
1994-01-11,,,24.75,,,150.8,152.28
1994-01-12,,,24.75,,,150.86,152.35
1994-01-13,,,24.25,,,150.93,152.41
1994-01-14,,,24.25,,,151.0,152.49
1994-01-15,,,24.25,,,151.08,152.56
1994-01-16,,,24.25,,,151.08,152.56
1994-01-17,,,24.25,,,151.08,152.56
1994-01-18,,,24.25,,,151.16,152.64
1994-01-19,,,24.25,,,151.23,152.71
1994-01-20,,,24.25,,,151.29,152.77
1994-01-21,,,24.25,,,151.34,152.83
1994-01-22,,,24.25,,,151.39,152.88
1994-01-23,,,24.25,,,151.39,152.88
1994-01-24,,,24.25,,,151.39,152.88
1994-01-25,,,24.25,,,151.44,152.93
1994-01-26,,,24.25,,,151.49,152.97
1994-01-27,,,23.75,,,151.54,153.03
1994-01-28,,,23.75,,,151.59,153.08
1994-01-29,,,23.75,,,151.64,153.12
1994-01-30,,,23.75,,,151.64,153.12
1994-01-31,11.84546338,,23.75,,,151.64,153.12
1994-02-01,,,23.75,,,151.68,153.17
1994-02-02,,,23.75,,,151.74,153.22
1994-02-03,,,23.75,,,151.8,153.28
1994-02-04,,,23.75,,,151.84,153.32
1994-02-05,,,23.75,,,151.89,153.37
1994-02-06,,,23.75,,,151.89,153.37
1994-02-07,,,23.75,,,151.89,153.37
1994-02-08,,,23.75,,,151.94,153.42
1994-02-09,,,23.75,,,151.97,153.45
1994-02-10,,,23.25,,,151.99,153.48
1994-02-11,,,23.25,,,152.05,153.33
1994-02-12,,,23.25,,,152.07,153.34
1994-02-13,,,23.25,,,152.07,153.34
1994-02-14,,,23.25,,,152.07,153.34
1994-02-15,,,23.25,,,152.09,153.37
1994-02-16,,,23.25,,,152.12,153.4
1994-02-17,,,23.25,,,152.15,153.43
1994-02-18,,,23.25,,,152.17,153.45
1994-02-19,,,23.25,,,152.2,153.47
1994-02-20,,,23.25,,,152.2,153.47
1994-02-21,,,23.25,,,152.2,153.47
1994-02-22,,,23.25,,,152.22,153.5
1994-02-23,,,23.25,,,152.26,153.54
1994-02-24,,,23.25,,,152.29,153.56
1994-02-25,,,23.25,,,152.32,153.59
1994-02-26,,,23.25,,,152.35,153.62
1994-02-27,,,23.25,,,152.35,153.62
1994-02-28,11.98758798,,23.25,,,152.35,153.62
1994-03-01,,,23.25,,,152.37,153.64
1994-03-02,,,23.25,,,152.41,153.68
1994-03-03,,,23.25,,,152.44,153.71
1994-03-04,,,23.25,,,152.47,153.74
1994-03-05,,,23.25,,,152.51,153.78
1994-03-06,,,23.25,,,152.51,153.78
1994-03-07,,,23.25,,,152.51,153.78
1994-03-08,,,23.25,,,152.55,153.83
1994-03-09,,,23.25,,,152.6,153.87
1994-03-10,,,23.25,,,152.65,153.91
1994-03-11,,,23.25,,,152.7,153.83
1994-03-12,,,23.25,,,152.74,153.87
1994-03-13,,,23.25,,,152.74,153.87
1994-03-14,,,23.25,,,152.74,153.87
1994-03-15,,,23.25,,,152.79,153.92
1994-03-16,,,23.25,,,152.84,153.97
1994-03-17,,,23.25,,,152.9,154.03
1994-03-18,,,23.25,,,152.95,154.07
1994-03-19,,,23.25,,,153.0,154.13
1994-03-20,,,23.25,,,153.0,154.13
1994-03-21,,,23.25,,,153.0,154.13
1994-03-22,,,23.25,,,153.05,154.18
1994-03-23,,,23.25,,,153.1,154.24
1994-03-24,,,23.25,,,153.16,154.29
1994-03-25,,,23.25,,,153.21,154.34
1994-03-26,,,23.25,,,153.26,154.39
1994-03-27,,,23.25,,,153.26,154.39
1994-03-28,,,23.25,,,153.26,154.39
1994-03-29,,,23.25,,,153.31,154.44
1994-03-30,,,23.25,,,153.36,154.49
1994-03-31,12.14343373,,23.25,,,153.4,154.53
1994-04-01,,,23.25,,,153.4,154.53
1994-04-02,,,23.25,,,153.4,154.53
1994-04-03,,,23.25,,,153.4,154.53
1994-04-04,,,23.0,,,153.4,154.53
1994-04-05,,,23.0,,,153.44,154.58
1994-04-06,,,23.0,,,153.48,154.61
1994-04-07,,,23.0,,,153.52,154.66
1994-04-08,,,23.0,,,153.55,154.69
1994-04-09,,,23.0,,,153.57,154.71
1994-04-10,,,23.0,,,153.57,154.71
1994-04-11,,,23.0,,,153.57,154.71
1994-04-12,,,23.0,,,153.57,154.71
1994-04-13,,,23.0,,,153.6,154.74
1994-04-14,,,23.0,,,153.61,154.75
1994-04-15,,,23.0,,,153.62,154.68
1994-04-16,,,23.0,,,153.63,154.69
1994-04-17,,,23.0,,,153.63,154.69
1994-04-18,,,23.0,,,153.63,154.69
1994-04-19,,,23.0,,,153.64,154.69
1994-04-20,,,23.0,,,153.66,154.72
1994-04-21,,,23.0,,,153.68,154.74
1994-04-22,,,23.0,,,153.71,154.77
1994-04-23,,,23.0,,,153.72,154.79
1994-04-24,,,23.0,,,153.72,154.79
1994-04-25,,,23.0,,,153.72,154.79
1994-04-26,,,23.0,,,153.73,154.79
1994-04-27,,,23.0,,,153.76,154.81
1994-04-28,,,23.0,,,153.77,154.83
1994-04-29,,,23.0,,,153.79,154.85
1994-04-30,12.26123575,,23.0,,,153.79,154.85
1994-05-01,,,23.0,,,153.79,154.85
1994-05-02,,,23.0,,,153.79,154.85
1994-05-03,,,23.0,,,153.8,154.86
1994-05-04,,,23.0,,,153.81,154.88
1994-05-05,,,23.0,,,153.86,154.92
1994-05-06,,,23.0,,,153.91,154.98
1994-05-07,,,23.0,,,153.97,155.02
1994-05-08,,,23.0,,,153.97,155.02
1994-05-09,,,23.0,,,153.97,155.02
1994-05-10,,,23.0,,,154.02,155.08
1994-05-11,,,23.0,,,154.06,155.12
1994-05-12,,,23.0,,,154.1,155.17
1994-05-13,,,23.0,,,154.15,155.22
1994-05-14,,,23.0,,,154.19,155.26
1994-05-15,,,23.0,,,154.19,155.26
1994-05-16,,,23.0,,,154.19,155.26
1994-05-17,,,23.0,,,154.22,155.28
1994-05-18,,,23.0,,,154.25,155.32
1994-05-19,,,23.0,,,154.28,155.35
1994-05-20,,,23.0,,,154.3,155.37
1994-05-21,,,23.0,,,154.33,155.4
1994-05-22,,,23.0,,,154.33,155.4
1994-05-23,,,23.0,,,154.33,155.4
1994-05-24,,,23.0,,,154.4,155.48
1994-05-25,,,23.0,,,154.46,155.53
1994-05-26,,,23.0,,,154.51,155.58
1994-05-27,,,23.0,,,154.55,155.62
1994-05-28,,,23.0,,,154.59,155.66
1994-05-29,,,23.0,,,154.59,155.66
1994-05-30,,,23.0,,,154.59,155.66
1994-05-31,12.42800985,,23.0,,,154.64,155.71
1994-06-01,,,23.25,,,154.69,155.75
1994-06-02,,,23.25,,,154.74,155.8
1994-06-03,,,23.25,,,154.74,155.8
1994-06-04,,,23.25,,,154.77,155.83
1994-06-05,,,23.25,,,154.77,155.83
1994-06-06,,,23.25,,,154.77,155.83
1994-06-07,,,23.25,,,154.8,155.87
1994-06-08,,,23.25,,,154.83,155.9
1994-06-09,,,23.25,,,154.86,155.92
1994-06-10,,,23.25,,,154.87,155.94
1994-06-11,,,23.25,,,154.88,155.94
1994-06-12,,,23.25,,,154.88,155.94
1994-06-13,,,23.25,,,154.88,155.94
1994-06-14,,,23.25,,,154.88,155.95
1994-06-15,,,23.25,,,154.9,155.97
1994-06-16,,,23.25,,,154.94,156.01
1994-06-17,,,23.25,,,154.98,156.04
1994-06-18,,,23.25,,,155.03,156.09
1994-06-19,,,23.25,,,155.03,156.09
1994-06-20,,,23.25,,,155.03,156.09
1994-06-21,,,23.25,,,155.11,156.17
1994-06-22,,,23.25,,,155.18,156.25
1994-06-23,,,23.25,,,155.27,156.33
1994-06-24,,,23.25,,,155.34,156.4
1994-06-25,,,23.25,,,155.41,156.46
1994-06-26,,,23.25,,,155.41,156.46
1994-06-27,,,23.25,,,155.41,156.46
1994-06-28,,,23.25,,,155.47,156.53
1994-06-29,,,23.25,,,155.54,156.6
1994-06-30,12.63059532,,23.25,,,155.54,156.6
1994-07-01,,,23.25,,,155.6,156.66
1994-07-02,,,23.25,,,155.65,156.72
1994-07-03,,,23.25,,,155.65,156.72
1994-07-04,,,23.25,,,155.65,156.72
1994-07-05,,,23.25,,,155.71,156.77
1994-07-06,,,23.25,,,155.77,156.84
1994-07-07,,,23.25,,,155.84,156.9
1994-07-08,,,23.25,,,155.9,156.97
1994-07-09,,,23.25,,,155.96,157.03
1994-07-10,,,23.25,,,155.96,157.03
1994-07-11,,,23.25,,,155.96,157.03
1994-07-12,,,23.25,,,156.02,157.09
1994-07-13,,,23.25,,,156.08,157.15
1994-07-14,,,23.25,,,156.14,157.21
1994-07-15,,,23.25,,,156.2,157.27
1994-07-16,,,23.25,,,156.26,157.32
1994-07-17,,,23.25,,,156.26,157.32
1994-07-18,,,23.25,,,156.26,157.32
1994-07-19,,,23.25,,,156.33,157.39
1994-07-20,,,23.25,,,156.39,157.46
1994-07-21,,,23.25,,,156.46,157.52
1994-07-22,,,23.25,,,156.51,157.57
1994-07-23,,,23.25,,,156.57,157.64
1994-07-24,,,23.25,,,156.57,157.64
1994-07-25,,,23.25,,,156.57,157.64
1994-07-26,,,23.25,,,156.57,157.64
1994-07-27,,,23.25,,,156.62,157.69
1994-07-28,,,23.25,,,156.68,157.75
1994-07-29,,,23.25,,,156.74,157.81
1994-07-30,,,23.25,,,156.8,157.87
1994-07-31,12.74680011,,23.25,,,156.8,157.87
1994-08-01,,,23.25,,,156.8,157.87
1994-08-02,,,23.25,,,156.85,157.93
1994-08-03,,,23.25,,,156.85,157.93
1994-08-04,,,23.25,,,156.91,157.99
1994-08-05,,,23.25,,,156.98,158.05
1994-08-06,,,23.25,,,157.04,158.11
1994-08-07,,,23.25,,,157.04,158.11
1994-08-08,,,23.25,,,157.04,158.11
1994-08-09,,,23.25,,,157.1,158.17
1994-08-10,,,23.25,,,157.16,158.23
1994-08-11,,,23.25,,,157.22,158.29
1994-08-12,,,23.25,,,157.28,158.36
1994-08-13,,,23.25,,,157.34,158.41
1994-08-14,,,23.25,,,157.34,158.41
1994-08-15,,,23.25,,,157.34,158.41
1994-08-16,,,23.25,,,157.34,158.41
1994-08-17,,,23.25,,,157.4,158.48
1994-08-18,,,23.25,,,157.47,158.54
1994-08-19,,,23.25,,,157.53,158.6
1994-08-20,,,23.25,,,157.59,158.67
1994-08-21,,,23.25,,,157.59,158.67
1994-08-22,,,23.25,,,157.59,158.67
1994-08-23,,,23.25,,,157.65,158.73
1994-08-24,,,23.25,,,157.72,158.79
1994-08-25,,,23.25,,,157.78,158.85
1994-08-26,,,23.25,,,157.85,158.92
1994-08-27,,,23.25,,,157.91,158.99
1994-08-28,,,23.25,,,157.91,158.99
1994-08-29,,,23.25,,,157.91,158.99
1994-08-30,,,23.25,,,157.98,159.05
1994-08-31,12.98136735,,23.25,,,158.05,159.12
1994-09-01,,,23.5,,,158.11,159.19
1994-09-02,,,23.5,,,158.18,159.26
1994-09-03,,,23.5,,,158.24,159.32
1994-09-04,,,23.5,,,158.24,159.32
1994-09-05,,,23.5,,,158.24,159.32
1994-09-06,,,23.5,,,158.3,159.39
1994-09-07,,,23.5,,,158.38,159.46
1994-09-08,,,23.5,,,158.45,159.53
1994-09-09,,,23.5,,,158.52,159.6
1994-09-10,,,23.5,,,158.59,159.67
1994-09-11,,,23.5,,,158.59,159.67
1994-09-12,,,23.5,,,158.59,159.67
1994-09-13,,,23.5,,,158.65,159.73
1994-09-14,,,23.5,,,158.71,159.8
1994-09-15,,,23.5,,,158.77,159.85
1994-09-16,,,24.0,,,158.77,159.85
1994-09-17,,,24.0,,,158.82,159.91
1994-09-18,,,24.0,,,158.82,159.91
1994-09-19,,,24.0,,,158.82,159.91
1994-09-20,,,24.0,,,158.89,159.97
1994-09-21,,,24.0,,,158.95,160.04
1994-09-22,,,24.0,,,159.01,160.1
1994-09-23,,,24.0,,,159.08,160.16
1994-09-24,,,24.0,,,159.15,160.23
1994-09-25,,,24.0,,,159.15,160.23
1994-09-26,,,24.0,,,159.15,160.23
1994-09-27,,,24.0,,,159.22,160.3
1994-09-28,,,24.0,,,159.29,160.37
1994-09-29,,,24.5,,,159.35,160.44
1994-09-30,13.25915295,,24.5,,,159.43,160.51
1994-10-01,,,24.5,,,159.51,160.59
1994-10-02,,,24.5,,,159.51,160.59
1994-10-03,,,24.5,,,159.51,160.59
1994-10-04,,,24.5,,,159.59,160.68
1994-10-05,,,24.5,,,159.68,160.77
1994-10-06,,,25.0,,,159.77,160.85
1994-10-07,,,25.0,,,159.86,160.94
1994-10-08,,,25.0,,,159.93,161.02
1994-10-09,,,25.0,,,159.93,161.02
1994-10-10,,,25.0,,,159.93,161.02
1994-10-11,,,25.0,,,160.01,161.11
1994-10-12,,,25.0,,,160.09,161.19
1994-10-13,,,25.5,,,160.09,161.19
1994-10-14,,,25.5,,,160.18,161.27
1994-10-15,,,25.5,,,160.27,161.36
1994-10-16,,,25.5,,,160.27,161.36
1994-10-17,,,25.5,,,160.27,161.36
1994-10-18,,,25.5,,,160.35,161.46
1994-10-19,,,25.5,,,160.44,161.54
1994-10-20,,,25.5,,,160.53,161.63
1994-10-21,,,25.5,,,160.62,161.72
1994-10-22,,,25.5,,,160.71,161.81
1994-10-23,,,25.5,,,160.71,161.81
1994-10-24,,,25.5,,,160.71,161.81
1994-10-25,,,25.5,,,160.8,161.9
1994-10-26,,,25.5,,,160.89,162.0
1994-10-27,,,26.75,,,160.99,162.09
1994-10-28,,,26.75,,,161.08,162.18
1994-10-29,,,26.75,,,161.17,162.27
1994-10-30,,,26.75,,,161.17,162.27
1994-10-31,13.45007217,,26.75,,,161.17,162.27
1994-11-01,,,26.75,,,161.26,162.36
1994-11-02,,,26.75,,,161.35,162.45
1994-11-03,,,27.75,,,161.44,162.54
1994-11-04,,,27.75,,,161.52,162.62
1994-11-05,,,27.75,,,161.59,162.7
1994-11-06,,,27.75,,,161.59,162.7
1994-11-07,,,27.75,,,161.59,162.7
1994-11-08,,,27.75,,,161.67,162.78
1994-11-09,,,27.75,,,161.75,162.86
1994-11-10,,,27.75,,,161.83,162.94
1994-11-11,,,27.75,,,161.91,163.02
1994-11-12,,,27.75,,,161.99,163.1
1994-11-13,,,27.75,,,161.99,163.1
1994-11-14,,,27.75,,,161.99,163.1
1994-11-15,,,27.75,,,162.06,163.17
1994-11-16,,,27.75,,,162.14,163.25
1994-11-17,,,27.75,,,162.21,163.32
1994-11-18,,,27.75,,,162.28,163.39
1994-11-19,,,27.75,,,162.35,163.47
1994-11-20,,,27.75,,,162.35,163.47
1994-11-21,,,27.75,,,162.35,163.47
1994-11-22,,,27.75,,,162.44,163.55
1994-11-23,,,27.75,,,162.52,163.63
1994-11-24,,,27.75,,,162.61,163.72
1994-11-25,,,27.75,,,162.7,163.82
1994-11-26,,,27.75,,,162.78,163.9
1994-11-27,,,27.75,,,162.78,163.9
1994-11-28,,,27.75,,,162.78,163.9
1994-11-29,,,27.75,,,162.87,163.99
1994-11-30,13.65183567,,27.75,,,162.95,164.07
1994-12-01,,,27.75,,,163.03,164.14
1994-12-02,,,27.75,,,163.1,164.22
1994-12-03,,,27.75,,,163.17,164.29
1994-12-04,,,27.75,,,163.17,164.29
1994-12-05,,,27.75,,,163.17,164.29
1994-12-06,,,27.75,,,163.25,164.37
1994-12-07,,,27.75,,,163.33,164.45
1994-12-08,,,27.75,,,163.39,164.51
1994-12-09,,,27.75,,,163.39,164.51
1994-12-10,,,27.75,,,163.46,164.58
1994-12-11,,,27.75,,,163.46,164.58
1994-12-12,,,27.75,,,163.46,164.58
1994-12-13,,,27.75,,,163.53,164.65
1994-12-14,,,27.75,,,163.61,164.73
1994-12-15,,,27.75,,,163.69,164.81
1994-12-16,,,27.75,,,163.77,164.89
1994-12-17,,,27.75,,,163.84,164.97
1994-12-18,,,27.75,,,163.84,164.97
1994-12-19,,,27.75,,,163.84,164.97
1994-12-20,,,27.75,,,163.92,165.05
1994-12-21,,,27.75,,,164.01,165.14
1994-12-22,,,27.75,,,164.11,165.24
1994-12-23,,,27.75,,,164.21,165.34
1994-12-24,,,27.75,,,164.31,165.44
1994-12-25,,,27.75,,,164.31,165.44
1994-12-26,,,27.75,,,164.31,165.44
1994-12-27,,,27.75,,,164.4,165.53
1994-12-28,,,27.75,,,164.51,165.63
1994-12-29,,,27.75,,,164.51,165.63
1994-12-30,,,27.75,,,164.51,165.63
1994-12-31,14.07503371,,27.75,,,164.51,165.63
1995-01-01,,,27.75,,,164.51,165.63
1995-01-02,,,27.75,,,164.51,165.63
1995-01-03,,,27.75,,,164.6,165.74
1995-01-04,,,27.75,,,164.7,165.83
1995-01-05,,,27.75,,,164.82,165.95
1995-01-06,,,27.75,,,164.93,166.06
1995-01-07,,,27.75,,,165.03,166.16
1995-01-08,,,27.75,,,165.03,166.16
1995-01-09,,,27.75,,,165.03,166.16
1995-01-10,,,27.75,,,165.13,166.26
1995-01-11,,,27.75,,,165.23,166.37
1995-01-12,,,27.75,,,165.33,166.47
1995-01-13,,,27.75,,,165.42,166.56
1995-01-14,,,27.75,,,165.52,166.65
1995-01-15,,,27.75,,,165.52,166.65
1995-01-16,,,27.75,,,165.52,166.65
1995-01-17,,,27.75,,,165.62,166.75
1995-01-18,,,27.75,,,165.71,166.84
1995-01-19,,,27.75,,,165.8,166.93
1995-01-20,,,27.75,,,165.89,167.02
1995-01-21,,,27.75,,,165.99,167.13
1995-01-22,,,27.75,,,165.99,167.13
1995-01-23,,,27.75,,,165.99,167.13
1995-01-24,,,27.75,,,166.08,167.22
1995-01-25,,,27.75,,,166.17,167.31
1995-01-26,,,27.75,,,166.26,167.4
1995-01-27,,,27.75,,,166.36,167.49
1995-01-28,,,27.75,,,166.45,167.58
1995-01-29,,,27.75,,,166.45,167.58
1995-01-30,,,27.75,,,166.45,167.58
1995-01-31,14.66337128,,27.75,,,166.54,167.68
1995-02-01,,,27.75,,,166.64,167.77
1995-02-02,,,27.75,,,166.73,167.87
1995-02-03,,,27.75,,,166.83,167.97
1995-02-04,,,27.75,,,166.94,168.07
1995-02-05,,,27.75,,,166.94,168.07
1995-02-06,,,27.75,,,166.94,168.07
1995-02-07,,,27.75,,,167.04,168.18
1995-02-08,,,27.75,,,167.15,168.29
1995-02-09,,,27.75,,,167.26,168.4
1995-02-10,,,27.75,,,167.36,168.5
1995-02-11,,,27.75,,,167.46,168.6
1995-02-12,,,27.75,,,167.46,168.6
1995-02-13,,,27.75,,,167.46,168.6
1995-02-14,,,27.75,,,167.58,168.72
1995-02-15,,,27.75,,,167.69,168.84
1995-02-16,,,28.25,,,167.81,168.96
1995-02-17,,,28.25,,,167.94,169.09
1995-02-18,,,28.25,,,168.07,169.22
1995-02-19,,,28.25,,,168.07,169.22
1995-02-20,,,28.25,,,168.07,169.22
1995-02-21,,,28.25,,,168.19,169.35
1995-02-22,,,28.25,,,168.32,169.47
1995-02-23,,,29.25,,,168.45,169.6
1995-02-24,,,29.25,,,168.57,169.73
1995-02-25,,,29.25,,,168.7,169.86
1995-02-26,,,29.25,,,168.7,169.86
1995-02-27,,,29.25,,,168.7,169.86
1995-02-28,14.88049051,,29.25,,,168.83,169.99
1995-03-01,,,29.25,,,168.96,170.12
1995-03-02,,,30.0,,,169.09,170.25
1995-03-03,,,30.0,,,169.22,170.38
1995-03-04,,,30.0,,,169.34,170.5
1995-03-05,,,30.0,,,169.34,170.5
1995-03-06,,,30.0,,,169.34,170.5
1995-03-07,,,30.0,,,169.46,170.62
1995-03-08,,,30.0,,,169.58,170.73
1995-03-09,,,30.0,,,169.69,170.85
1995-03-10,,,30.0,,,169.8,170.96
1995-03-11,,,30.0,,,169.91,171.07
1995-03-12,,,30.0,,,169.91,171.07
1995-03-13,,,30.0,,,169.91,171.07
1995-03-14,,,30.0,,,170.02,171.18
1995-03-15,,,30.0,,,170.13,171.3
1995-03-16,,,30.5,,,170.25,171.41
1995-03-17,,,30.5,,,170.37,171.53
1995-03-18,,,30.5,,,170.49,171.66
1995-03-19,,,30.5,,,170.49,171.66
1995-03-20,,,30.5,,,170.49,171.66
1995-03-21,,,30.5,,,170.6,171.77
1995-03-22,,,30.5,,,170.72,171.89
1995-03-23,,,31.75,,,170.84,172.01
1995-03-24,,,31.75,,,170.96,172.13
1995-03-25,,,31.75,,,171.08,172.25
1995-03-26,,,31.75,,,171.08,172.25
1995-03-27,,,31.75,,,171.08,172.25
1995-03-28,,,31.75,,,171.2,172.37
1995-03-29,,,31.75,,,171.32,172.49
1995-03-30,,,33.0,,,171.68,172.62
1995-03-31,15.00356055,,33.0,,,171.77,172.72
1995-04-01,,,33.0,,,171.89,172.83
1995-04-02,,,33.0,,,171.89,172.83
1995-04-03,,,33.0,,,171.89,172.83
1995-04-04,,,33.0,,,172.0,172.95
1995-04-05,,,33.0,,,172.13,173.07
1995-04-06,,,33.0,,,172.25,173.19
1995-04-07,,,33.0,,,172.37,173.32
1995-04-08,,,33.0,,,172.49,173.44
1995-04-09,,,33.0,,,172.49,173.44
1995-04-10,,,33.0,,,172.49,173.44
1995-04-11,,,33.0,,,172.61,173.56
1995-04-12,,,33.0,,,172.61,173.56
1995-04-13,,,33.0,,,172.74,173.69
1995-04-14,,,33.0,,,172.74,173.69
1995-04-15,,,33.0,,,172.74,173.69
1995-04-16,,,33.0,,,172.74,173.69
1995-04-17,,,33.0,,,172.74,173.69
1995-04-18,,,33.0,,,172.87,173.81
1995-04-19,,,33.0,,,172.99,173.94
1995-04-20,,,33.0,,,173.11,174.06
1995-04-21,,,33.0,,,173.23,174.18
1995-04-22,,,33.0,,,173.35,174.3
1995-04-23,,,33.0,,,173.35,174.3
1995-04-24,,,33.0,,,173.35,174.3
1995-04-25,,,33.0,,,173.47,174.42
1995-04-26,,,33.0,,,173.59,174.54
1995-04-27,,,33.0,,,173.71,174.67
1995-04-28,,,33.0,,,173.84,174.79
1995-04-29,,,33.0,,,173.96,174.91
1995-04-30,15.08861488,,33.0,,,173.96,174.91
1995-05-01,,,33.0,,,173.96,174.91
1995-05-02,,,33.0,,,173.96,174.91
1995-05-03,,,33.0,,,174.08,175.03
1995-05-04,,,33.0,,,174.2,175.15
1995-05-05,,,33.0,,,174.32,175.28
1995-05-06,,,33.0,,,174.45,175.4
1995-05-07,,,33.0,,,174.45,175.4
1995-05-08,,,33.0,,,174.45,175.4
1995-05-09,,,33.0,,,174.57,175.52
1995-05-10,,,33.0,,,174.7,175.66
1995-05-11,,,33.0,,,174.83,175.78
1995-05-12,,,33.0,,,174.95,175.91
1995-05-13,,,33.0,,,175.07,176.03
1995-05-14,,,33.0,,,175.07,176.03
1995-05-15,,,33.0,,,175.07,176.03
1995-05-16,,,33.0,,,175.2,176.16
1995-05-17,,,33.0,,,175.33,176.29
1995-05-18,,,33.0,,,175.46,176.41
1995-05-19,,,33.0,,,175.58,176.54
1995-05-20,,,33.0,,,175.7,176.66
1995-05-21,,,33.0,,,175.7,176.66
1995-05-22,,,33.0,,,175.7,176.66
1995-05-23,,,33.0,,,175.82,176.78
1995-05-24,,,33.0,,,175.94,176.9
1995-05-25,,,33.0,,,176.06,177.02
1995-05-26,,,33.0,,,176.18,177.15
1995-05-27,,,33.0,,,176.31,177.27
1995-05-28,,,33.0,,,176.31,177.27
1995-05-29,,,33.0,,,176.31,177.27
1995-05-30,,,33.0,,,176.43,177.4
1995-05-31,15.22058639,,33.0,,,176.55,177.52
1995-06-01,,,33.0,,,176.68,177.64
1995-06-02,,,33.0,,,176.8,177.77
1995-06-03,,,33.0,,,176.92,177.89
1995-06-04,,,33.0,,,176.92,177.89
1995-06-05,,,33.0,,,176.92,177.89
1995-06-06,,,33.0,,,177.05,178.02
1995-06-07,,,33.0,,,177.17,178.14
1995-06-08,,,33.0,,,177.29,178.26
1995-06-09,,,33.0,,,177.42,178.39
1995-06-10,,,33.0,,,177.54,178.51
1995-06-11,,,33.0,,,177.54,178.51
1995-06-12,,,33.0,,,177.54,178.51
1995-06-13,,,33.0,,,177.66,178.63
1995-06-14,,,33.0,,,177.79,178.76
1995-06-15,,,33.0,,,177.91,178.88
1995-06-16,,,33.0,,,177.91,178.88
1995-06-17,,,33.0,,,178.03,179.0
1995-06-18,,,33.0,,,178.03,179.0
1995-06-19,,,33.0,,,178.03,179.0
1995-06-20,,,33.0,,,178.15,179.13
1995-06-21,,,33.0,,,178.27,179.25
1995-06-22,,,33.0,,,178.38,179.36
1995-06-23,,,33.0,,,178.5,179.48
1995-06-24,,,33.0,,,178.63,179.61
1995-06-25,,,33.0,,,178.63,179.61
1995-06-26,,,33.0,,,178.63,179.61
1995-06-27,,,33.0,,,178.76,179.74
1995-06-28,,,33.0,,,178.88,179.86
1995-06-29,,,33.0,,,179.0,179.99
1995-06-30,15.44786806,,33.0,,,179.0,179.99
1995-07-01,,,33.0,,,179.12,180.11
1995-07-02,,,33.0,,,179.12,180.11
1995-07-03,,,33.0,,,179.12,180.11
1995-07-04,,,33.0,,,179.24,180.22
1995-07-05,,,33.0,,,179.36,180.34
1995-07-06,,,33.0,,,179.48,180.46
1995-07-07,,,33.0,,,179.6,180.58
1995-07-08,,,33.0,,,179.72,180.7
1995-07-09,,,33.0,,,179.72,180.7
1995-07-10,,,33.0,,,179.72,180.7
1995-07-11,,,33.0,,,179.83,180.81
1995-07-12,,,33.0,,,179.94,180.93
1995-07-13,,,33.0,,,180.06,181.04
1995-07-14,,,33.0,,,180.18,181.16
1995-07-15,,,33.0,,,180.3,181.28
1995-07-16,,,33.0,,,180.3,181.28
1995-07-17,,,33.0,,,180.3,181.28
1995-07-18,,,33.0,,,180.42,181.4
1995-07-19,,,33.0,,,180.54,181.52
1995-07-20,,,33.0,,,180.65,181.64
1995-07-21,,,33.0,,,180.77,181.75
1995-07-22,,,33.0,,,180.89,181.87
1995-07-23,,,33.0,,,180.89,181.87
1995-07-24,,,33.0,,,180.89,181.87
1995-07-25,,,33.0,,,181.01,181.99
1995-07-26,,,33.0,,,181.01,181.99
1995-07-27,,,32.5,,,181.13,182.11
1995-07-28,,,32.5,,,181.25,182.23
1995-07-29,,,32.5,,,181.37,182.36
1995-07-30,,,32.5,,,181.37,182.36
1995-07-31,15.70886883,,32.5,,,181.37,182.36
1995-08-01,,,32.5,,,181.49,182.48
1995-08-02,,,32.5,,,181.61,182.6
1995-08-03,,,32.5,,,181.61,182.6
1995-08-04,,,32.5,,,181.73,182.72
1995-08-05,,,32.5,,,181.85,182.84
1995-08-06,,,32.5,,,181.85,182.84
1995-08-07,,,32.5,,,181.85,182.84
1995-08-08,,,32.5,,,181.97,182.96
1995-08-09,,,32.5,,,182.09,183.08
1995-08-10,,,32.5,,,182.21,183.2
1995-08-11,,,32.5,,,182.33,183.33
1995-08-12,,,32.5,,,182.45,183.45
1995-08-13,,,32.5,,,182.45,183.45
1995-08-14,,,32.5,,,182.45,183.45
1995-08-15,,,32.5,,,182.58,183.57
1995-08-16,,,32.5,,,182.58,183.57
1995-08-17,,,32.5,,,182.7,183.7
1995-08-18,,,32.5,,,182.82,183.82
1995-08-19,,,32.5,,,182.94,183.94
1995-08-20,,,32.5,,,182.94,183.94
1995-08-21,,,32.5,,,182.94,183.94
1995-08-22,,,32.5,,,183.06,184.06
1995-08-23,,,32.5,,,183.18,184.18
1995-08-24,,,32.5,,,183.31,184.3
1995-08-25,,,32.5,,,183.44,184.43
1995-08-26,,,32.5,,,183.56,184.56
1995-08-27,,,32.5,,,183.56,184.56
1995-08-28,,,32.5,,,183.56,184.56
1995-08-29,,,32.5,,,183.69,184.69
1995-08-30,,,32.5,,,183.81,184.81
1995-08-31,15.8833675,,32.5,,,183.94,184.94
1995-09-01,,,32.5,,,184.06,185.06
1995-09-02,,,32.5,,,184.18,185.18
1995-09-03,,,32.5,,,184.18,185.18
1995-09-04,,,32.5,,,184.18,185.18
1995-09-05,,,32.5,,,184.31,185.31
1995-09-06,,,32.5,,,184.44,185.44
1995-09-07,,,32.5,,,184.56,185.57
1995-09-08,,,32.5,,,184.69,185.7
1995-09-09,,,32.5,,,184.82,185.82
1995-09-10,,,32.5,,,184.82,185.82
1995-09-11,,,32.5,,,184.82,185.82
1995-09-12,,,32.5,,,184.95,185.95
1995-09-13,,,32.5,,,185.08,186.08
1995-09-14,,,32.5,,,185.21,186.21
1995-09-15,,,32.5,,,185.34,186.34
1995-09-16,,,32.5,,,185.34,186.34
1995-09-17,,,32.5,,,185.34,186.34
1995-09-18,,,32.5,,,185.34,186.34
1995-09-19,,,32.5,,,185.47,186.47
1995-09-20,,,32.5,,,185.6,186.6
1995-09-21,,,32.5,,,185.73,186.73
1995-09-22,,,32.5,,,185.86,186.86
1995-09-23,,,32.5,,,185.99,186.99
1995-09-24,,,32.5,,,185.99,186.99
1995-09-25,,,32.5,,,185.99,186.99
1995-09-26,,,32.5,,,186.12,187.12
1995-09-27,,,32.5,,,186.24,187.24
1995-09-28,,,31.75,,,186.36,187.37
1995-09-29,,,31.75,,,186.49,187.49
1995-09-30,16.17809671,,31.75,,,186.61,187.62
1995-10-01,,,31.75,,,186.61,187.62
1995-10-02,,,31.75,,,186.61,187.62
1995-10-03,,,31.75,,,186.74,187.74
1995-10-04,,,31.75,,,186.87,187.87
1995-10-05,,,31.25,,,186.99,188.0
1995-10-06,,,31.25,,,187.11,188.12
1995-10-07,,,31.25,,,187.24,188.24
1995-10-08,,,31.25,,,187.24,188.24
1995-10-09,,,31.25,,,187.24,188.24
1995-10-10,,,31.25,,,187.37,188.37
1995-10-11,,,31.25,,,187.5,188.5
1995-10-12,,,31.25,,,187.63,188.64
1995-10-13,,,31.25,,,187.63,188.64
1995-10-14,,,31.25,,,187.75,188.76
1995-10-15,,,31.25,,,187.75,188.76
1995-10-16,,,31.25,,,187.75,188.76
1995-10-17,,,31.25,,,187.88,188.89
1995-10-18,,,31.25,,,188.01,189.01
1995-10-19,,,31.25,,,188.14,189.14
1995-10-20,,,31.25,,,188.27,189.28
1995-10-21,,,31.25,,,188.4,189.4
1995-10-22,,,31.25,,,188.4,189.4
1995-10-23,,,31.25,,,188.4,189.4
1995-10-24,,,31.25,,,188.53,189.53
1995-10-25,,,31.25,,,188.66,189.66
1995-10-26,,,31.25,,,188.78,189.79
1995-10-27,,,31.25,,,188.9,189.92
1995-10-28,,,31.25,,,189.03,190.04
1995-10-29,,,31.25,,,189.03,190.04
1995-10-30,,,31.25,,,189.03,190.04
1995-10-31,16.66052268,,31.25,,,189.15,190.16
1995-11-01,,,31.0,,,189.28,190.29
1995-11-02,,,30.5,,,189.41,190.42
1995-11-03,,,30.5,,,189.53,190.55
1995-11-04,,,30.5,,,189.66,190.68
1995-11-05,,,30.5,,,189.66,190.68
1995-11-06,,,30.5,,,189.66,190.68
1995-11-07,,,30.5,,,189.79,190.81
1995-11-08,,,30.5,,,189.92,190.94
1995-11-09,,,30.0,,,190.05,191.07
1995-11-10,,,30.0,,,190.18,191.2
1995-11-11,,,30.0,,,190.3,191.32
1995-11-12,,,30.0,,,190.3,191.32
1995-11-13,,,30.0,,,190.3,191.32
1995-11-14,,,30.0,,,190.43,191.45
1995-11-15,,,30.0,,,190.57,191.57
1995-11-16,,,30.0,,,190.71,191.71
1995-11-17,,,30.0,,,190.84,191.85
1995-11-18,,,30.0,,,190.97,191.98
1995-11-19,,,30.0,,,190.97,191.98
1995-11-20,,,30.0,,,190.97,191.98
1995-11-21,,,30.0,,,191.11,192.12
1995-11-22,,,30.0,,,191.25,192.26
1995-11-23,,,30.0,,,191.39,192.4
1995-11-24,,,30.0,,,191.53,192.53
1995-11-25,,,30.0,,,191.67,192.68
1995-11-26,,,30.0,,,191.67,192.68
1995-11-27,,,30.0,,,191.67,192.68
1995-11-28,,,30.0,,,191.81,192.81
1995-11-29,,,30.0,,,191.95,192.96
1995-11-30,17.05497075,,30.0,,,192.07,193.06
1995-12-01,,,30.0,,,192.19,193.15
1995-12-02,,,30.0,,,192.33,193.28
1995-12-03,,,30.0,,,192.33,193.28
1995-12-04,,,30.0,,,192.33,193.28
1995-12-05,,,30.0,,,192.46,193.41
1995-12-06,,,30.0,,,192.6,193.54
1995-12-07,,,30.0,,,192.72,193.65
1995-12-08,,,30.0,,,192.83,193.76
1995-12-09,,,30.0,,,192.83,193.76
1995-12-10,,,30.0,,,192.83,193.76
1995-12-11,,,30.0,,,192.83,193.76
1995-12-12,,,30.0,,,192.97,193.88
1995-12-13,,,30.0,,,193.09,194.03
1995-12-14,,,29.25,,,193.21,194.15
1995-12-15,,,29.25,,,193.33,194.29
1995-12-16,,,29.25,,,193.46,194.4
1995-12-17,,,29.25,,,193.46,194.4
1995-12-18,,,29.25,,,193.46,194.4
1995-12-19,,,29.25,,,193.59,194.53
1995-12-20,,,29.25,,,193.73,194.66
1995-12-21,,,28.5,,,193.87,194.8
1995-12-22,,,28.5,,,194.0,194.98
1995-12-23,,,28.5,,,194.14,195.08
1995-12-24,,,28.5,,,194.14,195.08
1995-12-25,,,28.5,,,194.14,195.08
1995-12-26,,,28.5,,,194.14,195.08
1995-12-27,,,28.5,,,194.29,195.22
1995-12-28,,,28.5,,,194.43,195.37
1995-12-29,,,28.5,,,194.43,195.37
1995-12-30,,,28.5,,,194.43,195.37
1995-12-31,17.25145689,,28.5,,,194.43,195.37
1996-01-01,,,28.5,,,194.43,195.37
1996-01-02,,,28.5,,,194.43,195.37
1996-01-03,,,28.5,,,194.57,195.5
1996-01-04,,,28.5,,,194.7,195.63
1996-01-05,,,28.5,,,194.83,195.74
1996-01-06,,,28.5,,,194.96,195.85
1996-01-07,,,28.5,,,194.96,195.85
1996-01-08,,,28.5,,,194.96,195.85
1996-01-09,,,28.5,,,195.09,195.97
1996-01-10,,,28.5,,,195.21,196.1
1996-01-11,,,28.5,,,195.33,196.22
1996-01-12,,,28.5,,,195.45,196.33
1996-01-13,,,28.5,,,195.58,196.45
1996-01-14,,,28.5,,,195.58,196.45
1996-01-15,,,28.5,,,195.58,196.45
1996-01-16,,,28.5,,,195.7,196.57
1996-01-17,,,28.5,,,195.81,196.68
1996-01-18,,,27.75,,,195.92,196.79
1996-01-19,,,27.75,,,196.04,196.89
1996-01-20,,,27.75,,,196.15,197.01
1996-01-21,,,27.75,,,196.15,197.01
1996-01-22,,,27.75,,,196.15,197.01
1996-01-23,,,27.75,,,196.26,197.12
1996-01-24,,,27.75,,,196.37,197.23
1996-01-25,,,27.25,,,196.47,197.33
1996-01-26,,,27.25,,,196.58,197.43
1996-01-27,,,27.25,,,196.68,197.53
1996-01-28,,,27.25,,,196.68,197.53
1996-01-29,,,27.25,,,196.68,197.53
1996-01-30,,,27.25,,,196.79,197.63
1996-01-31,17.46993984,,27.25,,,196.89,197.73
1996-02-01,,,27.25,,,196.99,197.83
1996-02-02,,,27.25,,,197.09,197.92
1996-02-03,,,27.25,,,197.19,198.02
1996-02-04,,,27.25,,,197.19,198.02
1996-02-05,,,27.25,,,197.19,198.02
1996-02-06,,,27.25,,,197.3,198.12
1996-02-07,,,27.25,,,197.41,198.23
1996-02-08,,,27.25,,,197.52,198.33
1996-02-09,,,27.25,,,197.62,198.44
1996-02-10,,,27.25,,,197.72,198.54
1996-02-11,,,27.25,,,197.72,198.54
1996-02-12,,,27.25,,,197.72,198.54
1996-02-13,,,27.25,,,197.82,198.63
1996-02-14,,,27.25,,,197.92,198.74
1996-02-15,,,27.25,,,198.03,198.84
1996-02-16,,,27.25,,,198.13,198.94
1996-02-17,,,27.25,,,198.24,199.05
1996-02-18,,,27.25,,,198.24,199.05
1996-02-19,,,27.25,,,198.24,199.05
1996-02-20,,,27.25,,,198.34,199.15
1996-02-21,,,27.25,,,198.44,199.24
1996-02-22,,,27.25,,,198.54,199.34
1996-02-23,,,27.25,,,198.66,199.44
1996-02-24,,,27.25,,,198.76,199.55
1996-02-25,,,27.25,,,198.76,199.55
1996-02-26,,,27.25,,,198.76,199.55
1996-02-27,,,27.25,,,198.87,199.66
1996-02-28,,,27.25,,,198.97,199.76
1996-02-29,17.64883787,,26.5,,,199.07,199.86
1996-03-01,,,26.5,,,199.17,199.95
1996-03-02,,,26.5,,,199.27,200.06
1996-03-03,,,26.5,,,199.27,200.06
1996-03-04,,,26.5,,,199.27,200.06
1996-03-05,,,26.5,,,199.37,200.16
1996-03-06,,,26.5,,,199.46,200.26
1996-03-07,,,25.6,,,199.56,200.35
1996-03-08,,,25.6,,,199.65,200.44
1996-03-09,,,25.6,,,199.74,200.53
1996-03-10,,,25.6,,,199.74,200.53
1996-03-11,,,25.6,,,199.74,200.53
1996-03-12,,,25.6,,,199.84,200.63
1996-03-13,,,25.6,,,199.95,200.73
1996-03-14,,,24.9,,,200.05,200.83
1996-03-15,,,24.9,,,200.13,200.93
1996-03-16,,,24.9,,,200.24,201.03
1996-03-17,,,24.9,,,200.24,201.03
1996-03-18,,,24.9,,,200.24,201.03
1996-03-19,,,24.9,,,200.34,201.13
1996-03-20,,,24.9,,,200.34,201.13
1996-03-21,,,24.6,,,200.44,201.24
1996-03-22,,,24.6,,,200.54,201.34
1996-03-23,,,24.6,,,200.64,201.45
1996-03-24,,,24.6,,,200.64,201.45
1996-03-25,,,24.6,,,200.64,201.45
1996-03-26,,,24.6,,,200.73,201.53
1996-03-27,,,24.6,,,200.83,201.64
1996-03-28,,,24.3,,,200.93,201.74
1996-03-29,,,24.3,,,201.03,201.83
1996-03-30,,,24.3,,,201.12,201.92
1996-03-31,17.74708094,,24.3,,,201.12,201.92
1996-04-01,,,24.3,,,201.12,201.92
1996-04-02,,,24.3,,,201.22,202.03
1996-04-03,,,24.3,,,201.32,202.13
1996-04-04,,,24.3,,,201.42,202.23
1996-04-05,,,24.3,,,201.42,202.23
1996-04-06,,,24.3,,,201.42,202.23
1996-04-07,,,24.3,,,201.42,202.23
1996-04-08,,,23.9,,,201.42,202.23
1996-04-09,,,23.9,,,201.53,202.33
1996-04-10,,,23.9,,,201.62,202.43
1996-04-11,,,23.9,,,201.73,202.52
1996-04-12,,,23.4,,,201.73,202.52
1996-04-13,,,23.4,,,201.83,202.63
1996-04-14,,,23.4,,,201.83,202.63
1996-04-15,,,23.4,,,201.83,202.63
1996-04-16,,,23.4,,,201.93,202.72
1996-04-17,,,23.4,,,202.03,202.82
1996-04-18,,,23.1,,,202.13,202.91
1996-04-19,,,23.1,,,202.23,203.01
1996-04-20,,,23.1,,,202.32,203.11
1996-04-21,,,23.1,,,202.32,203.11
1996-04-22,,,23.1,,,202.32,203.11
1996-04-23,,,23.1,,,202.43,203.21
1996-04-24,,,23.1,,,202.53,203.32
1996-04-25,,,22.9,,,202.63,203.42
1996-04-26,,,22.9,,,202.73,203.52
1996-04-27,,,22.9,,,202.83,203.62
1996-04-28,,,22.9,,,202.83,203.62
1996-04-29,,,22.9,,,202.83,203.62
1996-04-30,17.88198536,,22.9,,,202.93,203.71
1996-05-01,,,22.9,,,203.03,203.82
1996-05-02,,,23.0,,,203.03,203.82
1996-05-03,,,23.0,,,203.13,203.92
1996-05-04,,,23.0,,,203.23,204.01
1996-05-05,,,23.0,,,203.23,204.01
1996-05-06,,,23.0,,,203.23,204.01
1996-05-07,,,23.0,,,203.33,204.11
1996-05-08,,,23.0,,,203.43,204.21
1996-05-09,,,22.9,,,203.53,204.31
1996-05-10,,,22.9,,,203.62,204.42
1996-05-11,,,22.9,,,203.72,204.51
1996-05-12,,,22.9,,,203.72,204.51
1996-05-13,,,22.9,,,203.72,204.51
1996-05-14,,,22.9,,,203.82,204.61
1996-05-15,,,22.9,,,203.92,204.71
1996-05-16,,,22.9,,,204.02,204.82
1996-05-17,,,22.9,,,204.12,204.91
1996-05-18,,,22.9,,,204.22,205.01
1996-05-19,,,22.9,,,204.22,205.01
1996-05-20,,,22.9,,,204.22,205.01
1996-05-21,,,22.9,,,204.32,205.11
1996-05-22,,,22.9,,,204.42,205.21
1996-05-23,,,22.8,,,204.52,205.31
1996-05-24,,,22.8,,,204.61,205.41
1996-05-25,,,22.8,,,204.71,205.51
1996-05-26,,,22.8,,,204.71,205.51
1996-05-27,,,22.8,,,204.71,205.51
1996-05-28,,,22.8,,,204.81,205.61
1996-05-29,,,22.8,,,204.92,205.7
1996-05-30,,,22.3,,,205.02,205.8
1996-05-31,18.18111393,,22.3,,,205.12,205.9
1996-06-01,,,22.3,,,205.35,205.86
1996-06-02,,,22.3,,,205.35,205.86
1996-06-03,,,22.3,,,205.35,205.86
1996-06-04,,,22.3,,,205.41,205.93
1996-06-05,,,22.3,,,205.51,206.03
1996-06-06,,,22.3,,,205.68,206.15
1996-06-07,,,22.0,,,205.68,206.15
1996-06-08,,,22.0,,,205.76,206.18
1996-06-09,,,22.0,,,205.76,206.18
1996-06-10,,,22.0,,,205.76,206.18
1996-06-11,,,22.0,,,205.85,206.28
1996-06-12,,,22.0,,,205.93,206.43
1996-06-13,,,22.0,,,206.03,206.53
1996-06-14,,,22.0,,,206.1,206.63
1996-06-15,,,22.0,,,206.26,206.69
1996-06-16,,,22.0,,,206.26,206.69
1996-06-17,,,22.0,,,206.26,206.69
1996-06-18,,,22.0,,,206.32,206.78
1996-06-19,,,22.0,,,206.45,206.89
1996-06-20,,,22.1,,,206.53,207.0
1996-06-21,,,22.1,,,206.67,207.1
1996-06-22,,,22.1,,,206.74,207.2
1996-06-23,,,22.1,,,206.74,207.2
1996-06-24,,,22.1,,,206.74,207.2
1996-06-25,,,22.1,,,206.86,207.25
1996-06-26,,,22.1,,,206.93,207.37
1996-06-27,,,21.9,,,207.05,207.45
1996-06-28,,,21.9,,,207.11,207.6
1996-06-29,,,21.9,,,207.25,207.7
1996-06-30,18.42892595,,21.9,,,207.25,207.7
1996-07-01,,,21.9,,,207.25,207.7
1996-07-02,,,21.9,,,207.36,207.86
1996-07-03,,,21.9,,,207.42,207.93
1996-07-04,,,21.9,,,207.5,208.0
1996-07-05,,,21.9,,,207.62,208.07
1996-07-06,,,21.9,,,207.71,208.26
1996-07-07,,,21.9,,,207.71,208.26
1996-07-08,,,21.9,,,207.71,208.26
1996-07-09,,,21.9,,,207.82,208.33
1996-07-10,,,21.9,,,207.9,208.39
1996-07-11,,,22.3,,,208.07,208.53
1996-07-12,,,22.3,,,208.13,208.63
1996-07-13,,,22.3,,,208.26,208.74
1996-07-14,,,22.3,,,208.26,208.74
1996-07-15,,,22.3,,,208.26,208.74
1996-07-16,,,22.3,,,208.32,208.85
1996-07-17,,,22.3,,,208.44,208.89
1996-07-18,,,22.4,,,208.5,209.02
1996-07-19,,,22.4,,,208.64,209.12
1996-07-20,,,22.4,,,208.71,209.19
1996-07-21,,,22.4,,,208.71,209.19
1996-07-22,,,22.4,,,208.71,209.19
1996-07-23,,,22.4,,,208.85,209.32
1996-07-24,,,22.4,,,208.88,209.37
1996-07-25,,,22.4,,,209.0,209.46
1996-07-26,,,22.5,,,209.0,209.46
1996-07-27,,,22.5,,,209.11,209.56
1996-07-28,,,22.5,,,209.11,209.56
1996-07-29,,,22.5,,,209.11,209.56
1996-07-30,,,22.5,,,209.25,209.67
1996-07-31,18.64447599,,22.5,,,209.39,209.8
1996-08-01,,,22.8,,,209.37,209.9
1996-08-02,,,22.8,,,209.54,210.01
1996-08-03,,,22.8,,,209.54,210.01
1996-08-04,,,22.8,,,209.54,210.01
1996-08-05,,,22.8,,,209.54,210.01
1996-08-06,,,22.8,,,209.61,210.07
1996-08-07,,,22.8,,,209.75,210.19
1996-08-08,,,22.7,,,209.82,210.31
1996-08-09,,,22.7,,,209.92,210.4
1996-08-10,,,22.7,,,209.96,210.48
1996-08-11,,,22.7,,,209.96,210.48
1996-08-12,,,22.7,,,209.96,210.48
1996-08-13,,,22.7,,,210.15,210.62
1996-08-14,,,22.7,,,210.25,210.64
1996-08-15,,,22.7,,,210.36,210.8
1996-08-16,,,22.9,,,210.36,210.8
1996-08-17,,,22.9,,,210.42,210.87
1996-08-18,,,22.9,,,210.42,210.87
1996-08-19,,,22.9,,,210.42,210.87
1996-08-20,,,22.9,,,210.52,211.02
1996-08-21,,,22.9,,,210.61,211.13
1996-08-22,,,23.1,,,210.7,211.2
1996-08-23,,,23.1,,,210.85,211.31
1996-08-24,,,23.1,,,210.97,211.44
1996-08-25,,,23.1,,,210.97,211.44
1996-08-26,,,23.1,,,210.97,211.44
1996-08-27,,,23.1,,,211.01,211.49
1996-08-28,,,23.1,,,211.19,211.57
1996-08-29,,,23.3,,,211.21,211.69
1996-08-30,,,23.3,,,211.37,211.78
1996-08-31,18.82337403,,23.3,,,211.44,211.88
1996-09-01,,,23.3,,,211.44,211.88
1996-09-02,,,23.3,,,211.44,211.88
1996-09-03,,,23.3,,,211.56,212.0
1996-09-04,,,23.3,,,211.6,212.09
1996-09-05,,,23.5,,,211.77,212.23
1996-09-06,,,23.5,,,211.86,212.27
1996-09-07,,,23.5,,,211.95,212.39
1996-09-08,,,23.5,,,211.95,212.39
1996-09-09,,,23.5,,,211.95,212.39
1996-09-10,,,23.5,,,212.03,212.49
1996-09-11,,,23.5,,,212.14,212.61
1996-09-12,,,23.9,,,212.25,212.69
1996-09-13,,,23.9,,,212.34,212.79
1996-09-14,,,23.9,,,212.49,212.93
1996-09-15,,,23.9,,,212.49,212.93
1996-09-16,,,23.9,,,212.49,212.93
1996-09-17,,,23.9,,,212.55,213.01
1996-09-18,,,23.9,,,212.64,213.08
1996-09-19,,,24.1,,,212.76,213.23
1996-09-20,,,24.1,,,212.85,213.3
1996-09-21,,,24.1,,,212.99,213.4
1996-09-22,,,24.1,,,212.99,213.4
1996-09-23,,,24.1,,,212.99,213.4
1996-09-24,,,24.1,,,212.99,213.52
1996-09-25,,,24.1,,,213.13,213.61
1996-09-26,,,24.1,,,213.27,213.71
1996-09-27,,,24.1,,,213.34,213.78
1996-09-28,,,24.1,,,213.52,213.94
1996-09-29,,,24.1,,,213.52,213.94
1996-09-30,18.99493045,,24.1,,,213.52,213.94
1996-10-01,,,24.1,,,213.59,214.04
1996-10-02,,,24.1,,,213.65,214.09
1996-10-03,,,23.9,,,213.79,214.19
1996-10-04,,,23.9,,,213.9,214.35
1996-10-05,,,23.9,,,213.91,214.42
1996-10-06,,,23.9,,,213.91,214.42
1996-10-07,,,23.9,,,213.91,214.42
1996-10-08,,,23.9,,,214.1,214.57
1996-10-09,,,23.9,,,214.13,214.59
1996-10-10,,,23.5,,,214.26,214.69
1996-10-11,,,23.5,,,214.36,214.8
1996-10-12,,,23.5,,,214.48,214.91
1996-10-13,,,23.5,,,214.48,214.91
1996-10-14,,,23.5,,,214.48,214.91
1996-10-15,,,23.5,,,214.49,214.98
1996-10-16,,,23.5,,,214.63,215.06
1996-10-17,,,23.5,,,214.76,215.23
1996-10-18,,,23.5,,,214.86,215.26
1996-10-19,,,23.5,,,214.96,215.38
1996-10-20,,,23.5,,,214.96,215.38
1996-10-21,,,23.5,,,214.96,215.38
1996-10-22,,,23.5,,,215.05,215.48
1996-10-23,,,23.5,,,215.2,215.65
1996-10-24,,,23.6,,,215.26,215.66
1996-10-25,,,23.6,,,215.33,215.79
1996-10-26,,,23.6,,,215.49,215.88
1996-10-27,,,23.6,,,215.49,215.88
1996-10-28,,,23.6,,,215.49,215.88
1996-10-29,,,23.6,,,215.53,215.99
1996-10-30,,,23.6,,,215.63,216.08
1996-10-31,19.24127602,,23.7,,,215.77,216.23
1996-11-01,,,23.7,,,215.85,216.28
1996-11-02,,,23.7,,,215.95,216.39
1996-11-03,,,23.7,,,215.95,216.39
1996-11-04,,,23.7,,,215.95,216.39
1996-11-05,,,23.7,,,216.05,216.51
1996-11-06,,,23.7,,,216.14,216.69
1996-11-07,,,23.9,,,216.26,216.73
1996-11-08,,,23.9,,,216.35,216.81
1996-11-09,,,23.9,,,216.51,216.92
1996-11-10,,,23.9,,,216.51,216.92
1996-11-11,,,23.9,,,216.51,216.92
1996-11-12,,,23.9,,,216.54,216.98
1996-11-13,,,23.9,,,216.62,217.13
1996-11-14,,,23.9,,,216.76,217.17
1996-11-15,,,23.9,,,216.8,217.29
1996-11-16,,,23.9,,,216.92,217.38
1996-11-17,,,23.9,,,216.92,217.38
1996-11-18,,,23.9,,,216.92,217.38
1996-11-19,,,23.9,,,217.06,217.52
1996-11-20,,,23.9,,,217.09,217.61
1996-11-21,,,24.0,,,217.23,217.67
1996-11-22,,,24.0,,,217.34,217.79
1996-11-23,,,24.0,,,217.48,217.9
1996-11-24,,,24.0,,,217.48,217.9
1996-11-25,,,24.0,,,217.48,217.9
1996-11-26,,,24.0,,,217.52,217.99
1996-11-27,,,24.0,,,217.68,218.1
1996-11-28,,,24.2,,,217.73,218.22
1996-11-29,,,24.2,,,217.89,218.32
1996-11-30,19.4377715,,24.2,,,217.97,218.41
1996-12-01,,,24.2,,,217.97,218.41
1996-12-02,,,24.2,,,217.97,218.41
1996-12-03,,,24.2,,,218.04,218.52
1996-12-04,,,24.2,,,218.15,218.64
1996-12-05,,,24.4,,,218.29,218.71
1996-12-06,,,24.4,,,218.34,218.78
1996-12-07,,,24.4,,,218.48,218.89
1996-12-08,,,24.4,,,218.48,218.89
1996-12-09,,,24.4,,,218.48,218.89
1996-12-10,,,24.4,,,218.57,219.01
1996-12-11,,,24.4,,,218.63,219.14
1996-12-12,,,24.4,,,218.77,219.15
1996-12-13,,,24.4,,,218.85,219.29
1996-12-14,,,24.4,,,218.95,219.42
1996-12-15,,,24.4,,,218.95,219.42
1996-12-16,,,24.4,,,218.95,219.42
1996-12-17,,,24.4,,,219.08,219.5
1996-12-18,,,24.4,,,219.15,219.62
1996-12-19,,,24.5,,,219.25,219.67
1996-12-20,,,24.5,,,219.34,219.79
1996-12-21,,,24.5,,,219.46,219.86
1996-12-22,,,24.5,,,219.46,219.86
1996-12-23,,,24.5,,,219.46,219.86
1996-12-24,,,24.5,,,219.56,220.01
1996-12-25,,,24.5,,,219.69,220.07
1996-12-26,,,24.6,,,219.69,220.07
1996-12-27,,,24.6,,,219.73,220.19
1996-12-28,,,24.6,,,219.91,220.31
1996-12-29,,,24.6,,,219.91,220.31
1996-12-30,,,24.6,,,219.91,220.31
1996-12-31,19.64745573,,24.6,,,219.91,220.31
1997-01-01,,,24.6,,,219.91,220.31
1997-01-02,,,24.6,,,219.91,220.31
1997-01-03,,,24.6,,,219.86,220.36
1997-01-04,,,24.6,,,220.04,220.37
1997-01-05,,,24.6,,,220.04,220.37
1997-01-06,,,24.6,,,220.04,220.37
1997-01-07,,,24.6,,,220.2,220.65
1997-01-08,,,24.6,,,220.23,220.69
1997-01-09,,,24.7,,,220.42,220.81
1997-01-10,,,24.7,,,220.38,220.87
1997-01-11,,,24.7,,,220.59,221.0
1997-01-12,,,24.7,,,220.59,221.0
1997-01-13,,,24.7,,,220.59,221.0
1997-01-14,,,24.7,,,220.66,221.12
1997-01-15,,,24.7,,,220.81,221.24
1997-01-16,,,24.6,,,220.91,221.28
1997-01-17,,,24.6,,,221.0,221.42
1997-01-18,,,24.6,,,221.1,221.54
1997-01-19,,,24.6,,,221.1,221.54
1997-01-20,,,24.6,,,221.1,221.54
1997-01-21,,,24.6,,,221.16,221.61
1997-01-22,,,24.6,,,221.27,221.74
1997-01-23,,,24.6,,,221.44,221.83
1997-01-24,,,24.6,,,221.49,221.94
1997-01-25,,,24.6,,,221.63,222.05
1997-01-26,,,24.6,,,221.63,222.05
1997-01-27,,,24.6,,,221.63,222.05
1997-01-28,,,24.6,,,221.69,222.17
1997-01-29,,,24.6,,,221.81,222.24
1997-01-30,,,24.6,,,221.89,222.38
1997-01-31,20.05215964,,24.6,,,222.02,222.41
1997-02-01,,,24.6,,,222.08,222.53
1997-02-02,,,24.6,,,222.08,222.53
1997-02-03,,,24.6,,,222.08,222.53
1997-02-04,,,24.6,,,222.18,222.64
1997-02-05,,,24.6,,,222.25,222.69
1997-02-06,,,24.5,,,222.45,222.83
1997-02-07,,,24.5,,,222.52,222.9
1997-02-08,,,24.5,,,222.65,223.09
1997-02-09,,,24.5,,,222.65,223.09
1997-02-10,,,24.5,,,222.65,223.09
1997-02-11,,,24.5,,,222.7,223.12
1997-02-12,,,24.5,,,222.82,223.22
1997-02-13,,,24.25,,,222.97,223.3
1997-02-14,,,24.25,,,223.02,223.45
1997-02-15,,,24.25,,,223.15,223.58
1997-02-16,,,24.25,,,223.15,223.58
1997-02-17,,,24.25,,,223.15,223.58
1997-02-18,,,24.25,,,223.2,223.67
1997-02-19,,,24.25,,,223.27,223.78
1997-02-20,,,24.25,,,223.37,223.86
1997-02-21,,,24.25,,,223.6,223.97
1997-02-22,,,24.25,,,223.63,224.04
1997-02-23,,,24.25,,,223.63,224.04
1997-02-24,,,24.25,,,223.63,224.04
1997-02-25,,,24.25,,,223.74,224.16
1997-02-26,,,24.25,,,223.82,224.3
1997-02-27,,,24.0,,,223.9,224.36
1997-02-28,20.17826533,,24.0,,,224.01,224.48
1997-03-01,,,24.0,,,224.17,224.57
1997-03-02,,,24.0,,,224.17,224.57
1997-03-03,,,24.0,,,224.17,224.57
1997-03-04,,,24.0,,,224.25,224.66
1997-03-05,,,24.0,,,224.33,224.82
1997-03-06,,,23.5,,,224.5,224.91
1997-03-07,,,23.5,,,224.54,224.95
1997-03-08,,,23.5,,,224.69,225.07
1997-03-09,,,23.5,,,224.69,225.07
1997-03-10,,,23.5,,,224.69,225.07
1997-03-11,,,23.5,,,224.76,225.25
1997-03-12,,,23.5,,,224.85,225.33
1997-03-13,,,22.5,,,225.01,225.44
1997-03-14,,,22.5,,,225.11,225.54
1997-03-15,,,22.5,,,225.2,225.66
1997-03-16,,,22.5,,,225.2,225.66
1997-03-17,,,22.5,,,225.2,225.66
1997-03-18,,,22.5,,,225.25,225.74
1997-03-19,,,22.5,,,225.42,225.88
1997-03-20,,,21.75,,,225.51,225.94
1997-03-21,,,21.75,,,225.64,226.1
1997-03-22,,,21.75,,,225.71,226.17
1997-03-23,,,21.75,,,225.71,226.17
1997-03-24,,,21.75,,,225.71,226.17
1997-03-25,,,21.75,,,225.78,226.28
1997-03-26,,,21.75,,,225.92,226.41
1997-03-27,,,21.75,,,226.01,226.47
1997-03-28,,,21.75,,,226.01,226.47
1997-03-29,,,21.75,,,226.01,226.47
1997-03-30,,,21.75,,,226.01,226.47
1997-03-31,20.39822407,,21.5,,,226.01,226.47
1997-04-01,,,21.5,,,226.14,226.62
1997-04-02,,,21.5,,,226.24,226.68
1997-04-03,,,21.25,,,226.34,226.82
1997-04-04,,,21.25,,,226.49,226.86
1997-04-05,,,21.25,,,226.59,227.02
1997-04-06,,,21.25,,,226.59,227.02
1997-04-07,,,21.25,,,226.59,227.02
1997-04-08,,,21.25,,,226.62,227.12
1997-04-09,,,21.25,,,226.71,227.26
1997-04-10,,,21.25,,,226.85,227.31
1997-04-11,,,21.25,,,226.95,227.42
1997-04-12,,,21.25,,,226.95,227.42
1997-04-13,,,21.25,,,226.95,227.42
1997-04-14,,,21.25,,,226.95,227.42
1997-04-15,,,21.25,,,227.09,227.49
1997-04-16,,,21.25,,,227.14,227.61
1997-04-17,,,21.25,,,227.26,227.76
1997-04-18,,,21.25,,,227.38,227.79
1997-04-19,,,21.25,,,227.48,227.91
1997-04-20,,,21.25,,,227.48,227.91
1997-04-21,,,21.25,,,227.48,227.91
1997-04-22,,,21.25,,,227.59,228.03
1997-04-23,,,21.25,,,227.65,228.1
1997-04-24,,,21.25,,,227.81,228.22
1997-04-25,,,21.25,,,227.88,228.31
1997-04-26,,,21.25,,,227.96,228.42
1997-04-27,,,21.25,,,227.96,228.42
1997-04-28,,,21.25,,,227.96,228.42
1997-04-29,,,21.25,,,228.05,228.51
1997-04-30,20.67095647,,21.25,,,228.14,228.6
1997-05-01,,,21.25,,,228.29,228.73
1997-05-02,,,21.0,,,228.29,228.73
1997-05-03,,,21.0,,,228.37,228.81
1997-05-04,,,21.0,,,228.37,228.81
1997-05-05,,,21.0,,,228.37,228.81
1997-05-06,,,21.0,,,228.48,228.96
1997-05-07,,,21.0,,,228.57,229.08
1997-05-08,,,21.0,,,228.64,229.12
1997-05-09,,,21.0,,,228.82,229.23
1997-05-10,,,21.0,,,228.9,229.37
1997-05-11,,,21.0,,,228.9,229.37
1997-05-12,,,21.0,,,228.9,229.37
1997-05-13,,,21.0,,,228.97,229.46
1997-05-14,,,21.0,,,229.11,229.58
1997-05-15,,,21.0,,,229.22,229.65
1997-05-16,,,21.0,,,229.36,229.76
1997-05-17,,,21.0,,,229.45,229.87
1997-05-18,,,21.0,,,229.45,229.87
1997-05-19,,,21.0,,,229.45,229.87
1997-05-20,,,21.0,,,229.49,229.96
1997-05-21,,,21.0,,,229.63,230.11
1997-05-22,,,20.75,,,229.75,230.2
1997-05-23,,,20.75,,,229.86,230.28
1997-05-24,,,20.75,,,229.93,230.4
1997-05-25,,,20.75,,,229.93,230.4
1997-05-26,,,20.75,,,229.93,230.4
1997-05-27,,,20.75,,,229.96,230.51
1997-05-28,,,20.75,,,230.13,230.6
1997-05-29,,,20.75,,,230.23,230.71
1997-05-30,,,20.75,,,230.33,230.8
1997-05-31,20.77653181,,20.75,,,230.46,230.87
1997-06-01,,,20.75,,,230.46,230.87
1997-06-02,,,20.75,,,230.46,230.87
1997-06-03,,,20.75,,,230.53,231.01
1997-06-04,,,20.75,,,230.67,231.1
1997-06-05,,,20.75,,,230.75,231.2
1997-06-06,,,20.75,,,230.88,231.34
1997-06-07,,,20.75,,,230.99,231.43
1997-06-08,,,20.75,,,230.99,231.43
1997-06-09,,,20.75,,,230.99,231.43
1997-06-10,,,20.75,,,231.03,231.54
1997-06-11,,,20.75,,,231.17,231.64
1997-06-12,,,20.75,,,231.28,231.77
1997-06-13,,,20.75,,,231.42,231.84
1997-06-14,,,20.75,,,231.47,231.94
1997-06-15,,,20.75,,,231.47,231.94
1997-06-16,,,20.75,,,231.47,231.94
1997-06-17,,,20.75,,,231.58,232.04
1997-06-18,,,20.75,,,231.73,232.16
1997-06-19,,,20.75,,,231.8,232.26
1997-06-20,,,20.75,,,231.89,232.35
1997-06-21,,,20.75,,,232.02,232.45
1997-06-22,,,20.75,,,232.02,232.45
1997-06-23,,,20.75,,,232.02,232.45
1997-06-24,,,20.75,,,232.04,232.57
1997-06-25,,,20.75,,,232.22,232.7
1997-06-26,,,20.75,,,232.29,232.77
1997-06-27,,,20.75,,,232.46,232.88
1997-06-28,,,20.75,,,232.55,232.94
1997-06-29,,,20.75,,,232.55,232.94
1997-06-30,20.93929885,,20.75,,,232.55,232.94
1997-07-01,,,20.75,,,232.62,233.07
1997-07-02,,,20.75,,,232.72,233.19
1997-07-03,,,20.75,,,232.85,233.32
1997-07-04,,,20.75,,,232.91,233.35
1997-07-05,,,20.75,,,233.05,233.51
1997-07-06,,,20.75,,,233.05,233.51
1997-07-07,,,20.75,,,233.05,233.51
1997-07-08,,,20.75,,,233.09,233.51
1997-07-09,,,20.75,,,233.23,233.7
1997-07-10,,,20.5,,,233.33,233.76
1997-07-11,,,20.5,,,233.41,233.86
1997-07-12,,,20.5,,,233.55,233.94
1997-07-13,,,20.5,,,233.55,233.94
1997-07-14,,,20.5,,,233.55,233.94
1997-07-15,,,20.5,,,233.6,234.04
1997-07-16,,,20.5,,,233.7,234.13
1997-07-17,,,20.5,,,233.81,234.21
1997-07-18,,,20.5,,,233.89,234.38
1997-07-19,,,20.5,,,234.0,234.4
1997-07-20,,,20.5,,,234.0,234.4
1997-07-21,,,20.5,,,234.0,234.4
1997-07-22,,,20.5,,,234.05,234.52
1997-07-23,,,20.5,,,234.2,234.62
1997-07-24,,,20.5,,,234.27,234.69
1997-07-25,,,20.5,,,234.37,234.78
1997-07-26,,,20.5,,,234.37,234.78
1997-07-27,,,20.5,,,234.37,234.78
1997-07-28,,,20.5,,,234.37,234.78
1997-07-29,,,20.5,,,234.42,234.9
1997-07-30,,,20.5,,,234.53,234.99
1997-07-31,21.119654,,20.5,,,234.63,235.05
1997-08-01,,,20.5,,,234.72,235.06
1997-08-02,,,20.5,,,234.78,235.25
1997-08-03,,,20.5,,,234.78,235.25
1997-08-04,,,20.5,,,234.78,235.25
1997-08-05,,,20.5,,,234.85,235.3
1997-08-06,,,20.5,,,234.97,235.48
1997-08-07,,,20.25,,,235.08,235.48
1997-08-08,,,20.25,,,235.11,235.52
1997-08-09,,,20.25,,,235.22,235.68
1997-08-10,,,20.25,,,235.22,235.68
1997-08-11,,,20.25,,,235.22,235.68
1997-08-12,,,20.25,,,235.31,235.75
1997-08-13,,,20.25,,,235.43,235.84
1997-08-14,,,20.0,,,235.51,235.98
1997-08-15,,,20.0,,,235.6,236.06
1997-08-16,,,20.0,,,235.6,236.06
1997-08-17,,,20.0,,,235.6,236.06
1997-08-18,,,20.0,,,235.6,236.06
1997-08-19,,,20.0,,,235.69,236.19
1997-08-20,,,20.0,,,235.79,236.24
1997-08-21,,,19.75,,,235.87,236.29
1997-08-22,,,19.75,,,235.98,236.4
1997-08-23,,,19.75,,,236.08,236.47
1997-08-24,,,19.75,,,236.08,236.47
1997-08-25,,,19.75,,,236.08,236.47
1997-08-26,,,19.75,,,236.11,236.56
1997-08-27,,,19.75,,,236.27,236.67
1997-08-28,,,19.5,,,236.34,236.8
1997-08-29,,,19.5,,,236.42,236.78
1997-08-30,,,19.5,,,236.51,236.91
1997-08-31,21.35426794,,19.5,,,236.51,236.91
1997-09-01,,,19.5,,,236.51,236.91
1997-09-02,,,19.5,,,236.58,237.02
1997-09-03,,,19.5,,,236.73,237.16
1997-09-04,,,19.5,,,236.81,237.21
1997-09-05,,,19.5,,,236.88,237.32
1997-09-06,,,19.5,,,236.98,237.38
1997-09-07,,,19.5,,,236.98,237.38
1997-09-08,,,19.5,,,236.98,237.38
1997-09-09,,,19.5,,,237.04,237.49
1997-09-10,,,19.5,,,237.2,237.58
1997-09-11,,,19.25,,,237.3,237.67
1997-09-12,,,19.25,,,237.31,237.81
1997-09-13,,,19.25,,,237.4,237.87
1997-09-14,,,19.25,,,237.4,237.87
1997-09-15,,,19.25,,,237.4,237.87
1997-09-16,,,19.25,,,237.4,237.87
1997-09-17,,,19.25,,,237.53,237.87
1997-09-18,,,19.25,,,237.67,237.99
1997-09-19,,,19.25,,,237.68,238.12
1997-09-20,,,19.25,,,237.8,238.18
1997-09-21,,,19.25,,,237.8,238.18
1997-09-22,,,19.25,,,237.8,238.18
1997-09-23,,,19.25,,,237.86,238.32
1997-09-24,,,19.25,,,237.95,238.38
1997-09-25,,,19.0,,,238.1,238.5
1997-09-26,,,19.0,,,238.16,238.56
1997-09-27,,,19.0,,,238.22,238.7
1997-09-28,,,19.0,,,238.22,238.7
1997-09-29,,,19.0,,,238.22,238.7
1997-09-30,21.26922295,,19.0,,,238.33,238.77
1997-10-01,,,19.0,,,238.41,238.8
1997-10-02,,,19.0,,,238.55,238.96
1997-10-03,,,19.0,,,238.6,239.02
1997-10-04,,,19.0,,,238.65,239.09
1997-10-05,,,19.0,,,238.65,239.09
1997-10-06,,,19.0,,,238.65,239.09
1997-10-07,,,19.0,,,238.75,239.21
1997-10-08,,,19.0,,,238.82,239.3
1997-10-09,,,19.0,,,238.96,239.4
1997-10-10,,,19.0,,,239.09,239.45
1997-10-11,,,19.0,,,239.11,239.54
1997-10-12,,,19.0,,,239.11,239.54
1997-10-13,,,19.0,,,239.11,239.54
1997-10-14,,,19.0,,,239.27,239.68
1997-10-15,,,19.0,,,239.32,239.76
1997-10-16,,,18.75,,,239.45,239.9
1997-10-17,,,18.75,,,239.48,239.97
1997-10-18,,,18.75,,,239.58,240.04
1997-10-19,,,18.75,,,239.58,240.04
1997-10-20,,,18.75,,,239.58,240.04
1997-10-21,,,18.75,,,239.67,240.09
1997-10-22,,,18.75,,,239.77,240.21
1997-10-23,,,18.75,,,239.82,240.28
1997-10-24,,,18.75,,,239.97,240.37
1997-10-25,,,18.75,,,240.02,240.49
1997-10-26,,,18.75,,,240.02,240.49
1997-10-27,,,18.75,,,240.02,240.49
1997-10-28,,,18.75,,,240.1,240.55
1997-10-29,,,18.75,,,240.2,240.62
1997-10-30,,,18.75,,,240.31,240.72
1997-10-31,21.3058843,,18.75,,,240.36,240.77
1997-11-01,,,18.75,,,240.51,240.96
1997-11-02,,,18.75,,,240.51,240.96
1997-11-03,,,18.75,,,240.51,240.96
1997-11-04,,,18.75,,,240.55,240.99
1997-11-05,,,18.75,,,240.68,241.1
1997-11-06,,,18.75,,,240.76,241.17
1997-11-07,,,18.75,,,240.84,241.33
1997-11-08,,,18.75,,,240.94,241.38
1997-11-09,,,18.75,,,240.94,241.38
1997-11-10,,,18.75,,,240.94,241.38
1997-11-11,,,18.75,,,240.97,241.42
1997-11-12,,,18.75,,,241.08,241.58
1997-11-13,,,18.75,,,241.15,241.67
1997-11-14,,,18.75,,,241.31,241.74
1997-11-15,,,18.75,,,241.37,241.79
1997-11-16,,,18.75,,,241.37,241.79
1997-11-17,,,18.75,,,241.37,241.79
1997-11-18,,,18.75,,,241.47,241.94
1997-11-19,,,18.75,,,241.51,241.98
1997-11-20,,,18.75,,,241.65,242.1
1997-11-21,,,18.75,,,241.74,242.13
1997-11-22,,,18.75,,,241.79,242.23
1997-11-23,,,18.75,,,241.79,242.23
1997-11-24,,,18.75,,,241.79,242.23
1997-11-25,,,18.75,,,241.88,242.34
1997-11-26,,,18.75,,,241.97,242.38
1997-11-27,,,18.75,,,242.13,242.52
1997-11-28,,,18.75,,,242.13,242.58
1997-11-29,,,18.75,,,242.28,242.7
1997-11-30,21.66367103,,18.75,,,242.28,242.7
1997-12-01,,,18.75,,,242.28,242.7
1997-12-02,,,18.75,,,242.33,242.75
1997-12-03,,,18.75,,,242.39,242.91
1997-12-04,,,18.75,,,242.57,242.88
1997-12-05,,,18.75,,,242.61,243.05
1997-12-06,,,18.75,,,242.67,243.21
1997-12-07,,,18.75,,,242.67,243.21
1997-12-08,,,18.75,,,242.67,243.21
1997-12-09,,,18.75,,,242.78,243.27
1997-12-10,,,18.75,,,242.92,243.38
1997-12-11,,,18.75,,,243.0,243.45
1997-12-12,,,18.75,,,243.04,243.48
1997-12-13,,,18.75,,,243.16,243.62
1997-12-14,,,18.75,,,243.16,243.62
1997-12-15,,,18.75,,,243.16,243.62
1997-12-16,,,18.75,,,243.23,243.75
1997-12-17,,,18.75,,,243.34,243.8
1997-12-18,,,18.75,,,243.42,243.88
1997-12-19,,,18.75,,,243.49,243.98
1997-12-20,,,18.75,,,243.6,244.04
1997-12-21,,,18.75,,,243.6,244.04
1997-12-22,,,18.75,,,243.6,244.04
1997-12-23,,,18.75,,,243.72,244.15
1997-12-24,,,18.75,,,243.69,244.28
1997-12-25,,,18.75,,,243.91,244.39
1997-12-26,,,18.5,,,243.91,244.39
1997-12-27,,,18.5,,,243.97,244.43
1997-12-28,,,18.5,,,243.97,244.43
1997-12-29,,,18.5,,,243.97,244.43
1997-12-30,,,18.5,,,244.04,244.53
1997-12-31,21.84842554,,18.5,,493989.7,244.04,244.53
1998-01-01,,,18.5,,,244.04,244.53
1998-01-02,,,18.5,,,244.04,244.53
1998-01-03,,,18.5,,,244.1,244.58
1998-01-04,,,18.5,,,244.1,244.58
1998-01-05,,,18.5,,,244.1,244.58
1998-01-06,,,18.5,,,244.22,244.72
1998-01-07,,,18.5,,,244.25,244.7
1998-01-08,,,18.5,,,244.42,244.88
1998-01-09,,,18.5,,,244.5,244.91
1998-01-10,,,18.5,,,244.57,245.07
1998-01-11,,,18.5,,,244.57,245.07
1998-01-12,,,18.5,,,244.57,245.07
1998-01-13,,,18.5,,,244.63,245.11
1998-01-14,,,18.5,,,244.74,245.22
1998-01-15,,,18.5,,,244.83,245.35
1998-01-16,,,18.5,,,244.9,245.43
1998-01-17,,,18.5,,,245.0,245.49
1998-01-18,,,18.5,,,245.0,245.49
1998-01-19,,,18.5,,,245.0,245.49
1998-01-20,,,18.5,,,245.03,245.6
1998-01-21,,,18.5,,,245.22,245.67
1998-01-22,,,18.25,,,245.26,245.75
1998-01-23,,,18.25,,,245.42,245.88
1998-01-24,,,18.25,,,245.48,245.96
1998-01-25,,,18.25,,,245.48,245.96
1998-01-26,,,18.25,,,245.48,245.96
1998-01-27,,,18.25,,,245.61,246.08
1998-01-28,,,18.25,,,245.64,246.13
1998-01-29,,,18.25,,,245.72,246.23
1998-01-30,,,18.25,,,245.8,246.32
1998-01-31,22.19594708,,18.25,,537537.7027352,245.94,246.4
1998-02-01,,,18.25,,,245.94,246.4
1998-02-02,,,18.25,,,245.94,246.4
1998-02-03,,,18.25,,,246.04,246.51
1998-02-04,,,18.25,,,246.14,246.66
1998-02-05,,,18.25,,,246.19,246.68
1998-02-06,,,18.25,,,246.35,246.81
1998-02-07,,,18.25,,,246.44,246.82
1998-02-08,,,18.25,,,246.44,246.82
1998-02-09,,,18.25,,,246.44,246.82
1998-02-10,,,18.25,,,246.49,246.98
1998-02-11,,,18.25,,,246.59,247.06
1998-02-12,,,18.25,,,246.68,247.14
1998-02-13,,,18.25,,,246.79,247.2
1998-02-14,,,18.25,,,246.88,247.38
1998-02-15,,,18.25,,,246.88,247.38
1998-02-16,,,18.25,,,246.88,247.38
1998-02-17,,,18.25,,,246.92,247.46
1998-02-18,,,18.25,,,247.04,247.54
1998-02-19,,,18.25,,,247.17,247.65
1998-02-20,,,18.25,,,247.21,247.73
1998-02-21,,,18.25,,,247.36,247.83
1998-02-22,,,18.25,,,247.36,247.83
1998-02-23,,,18.25,,,247.36,247.83
1998-02-24,,,18.25,,,247.38,247.96
1998-02-25,,,18.25,,,247.38,248.04
1998-02-26,,,18.25,,,247.62,248.12
1998-02-27,,,18.25,,,247.72,248.22
1998-02-28,22.42029585,,18.25,,558297.51781438,247.86,248.32
1998-03-01,,,18.25,,,247.86,248.32
1998-03-02,,,18.25,,,247.86,248.32
1998-03-03,,,18.25,,,247.92,248.42
1998-03-04,,,18.25,,,248.04,248.51
1998-03-05,,,18.25,,,248.17,248.58
1998-03-06,,,18.25,,,248.2,248.76
1998-03-07,,,18.25,,,248.32,248.85
1998-03-08,,,18.25,,,248.32,248.85
1998-03-09,,,18.25,,,248.32,248.85
1998-03-10,,,18.25,,,248.42,248.87
1998-03-11,,,18.25,,,248.53,249.0
1998-03-12,,,18.25,,,248.62,249.09
1998-03-13,,,18.25,,,248.71,249.2
1998-03-14,,,18.25,,,248.82,249.28
1998-03-15,,,18.25,,,248.82,249.28
1998-03-16,,,18.25,,,248.82,249.28
1998-03-17,,,18.25,,,248.86,249.39
1998-03-18,,,18.25,,,248.98,249.47
1998-03-19,,,18.25,,,249.1,249.61
1998-03-20,,,18.25,,,249.19,249.69
1998-03-21,,,18.25,,,249.33,249.78
1998-03-22,,,18.25,,,249.33,249.78
1998-03-23,,,18.25,,,249.33,249.78
1998-03-24,,,18.25,,,249.41,249.89
1998-03-25,,,18.25,,,249.51,249.97
1998-03-26,,,18.25,,,249.6,250.07
1998-03-27,,,18.25,,,249.72,250.13
1998-03-28,,,18.25,,,249.8,250.31
1998-03-29,,,18.25,,,249.8,250.31
1998-03-30,,,18.25,,,249.8,250.31
1998-03-31,22.65637624,,18.25,,565161.7418861,249.86,250.32
1998-04-01,,,18.25,,,249.99,250.49
1998-04-02,,,18.25,,,250.12,250.55
1998-04-03,,,18.25,,,250.18,250.69
1998-04-04,,,18.25,,,250.36,250.78
1998-04-05,,,18.25,,,250.36,250.78
1998-04-06,,,18.25,,,250.36,250.78
1998-04-07,,,18.25,,,250.38,250.84
1998-04-08,,,18.25,,,250.56,250.97
1998-04-09,,,18.25,,,250.7,251.06
1998-04-10,,,18.25,,,250.7,251.06
1998-04-11,,,18.25,,,250.7,251.06
1998-04-12,,,18.25,,,250.7,251.06
1998-04-13,,,18.25,,,250.7,251.06
1998-04-14,,,18.25,,,250.64,251.18
1998-04-15,,,18.25,,,250.82,251.32
1998-04-16,,,18.25,,,250.9,251.34
1998-04-17,,,18.25,,,251.0,251.46
1998-04-18,,,18.25,,,251.13,251.57
1998-04-19,,,18.25,,,251.13,251.57
1998-04-20,,,18.25,,,251.13,251.57
1998-04-21,,,18.25,,,251.16,251.62
1998-04-22,,,18.25,,,251.25,251.79
1998-04-23,,,18.25,,,251.42,251.84
1998-04-24,,,18.25,,,251.47,251.93
1998-04-25,,,18.25,,,251.58,252.01
1998-04-26,,,18.25,,,251.58,252.01
1998-04-27,,,18.25,,,251.58,252.01
1998-04-28,,,18.25,,,251.68,252.18
1998-04-29,,,18.25,,,251.78,252.23
1998-04-30,22.83820718,,18.5,,572046.23216848,251.9,252.35
1998-05-01,,,18.5,,,252.01,252.45
1998-05-02,,,18.5,,,252.01,252.45
1998-05-03,,,18.5,,,252.01,252.45
1998-05-04,,,18.5,,,252.01,252.45
1998-05-05,,,18.5,,,252.09,252.57
1998-05-06,,,18.5,,,252.18,252.65
1998-05-07,,,18.5,,,252.3,252.75
1998-05-08,,,18.5,,,252.4,252.87
1998-05-09,,,18.5,,,252.48,252.95
1998-05-10,,,18.5,,,252.48,252.95
1998-05-11,,,18.5,,,252.48,252.95
1998-05-12,,,18.5,,,252.55,253.08
1998-05-13,,,18.5,,,252.68,253.13
1998-05-14,,,18.5,,,252.81,253.27
1998-05-15,,,18.5,,,252.92,253.35
1998-05-16,,,18.5,,,252.99,253.43
1998-05-17,,,18.5,,,252.99,253.43
1998-05-18,,,18.5,,,252.99,253.43
1998-05-19,,,18.5,,,253.11,253.6
1998-05-20,,,18.5,,,253.17,253.72
1998-05-21,,,18.5,,,253.32,253.78
1998-05-22,,,18.5,,,253.53,253.81
1998-05-23,,,18.5,,,253.51,253.96
1998-05-24,,,18.5,,,253.51,253.96
1998-05-25,,,18.5,,,253.51,253.96
1998-05-26,,,18.5,,,253.6,254.05
1998-05-27,,,18.5,,,253.66,254.25
1998-05-28,,,18.5,,,253.83,254.26
1998-05-29,,,18.5,,,253.95,254.38
1998-05-30,,,18.5,,,254.08,254.44
1998-05-31,23.01123006,,18.5,,589093.59652338,254.08,254.44
1998-06-01,,,18.5,,,254.08,254.44
1998-06-02,,,18.5,,,254.18,254.64
1998-06-03,,,18.5,,,254.28,254.74
1998-06-04,,,18.75,,,254.38,254.86
1998-06-05,,,18.75,,,254.54,254.97
1998-06-06,,,18.75,,,254.6,255.09
1998-06-07,,,18.75,,,254.6,255.09
1998-06-08,,,18.75,,,254.6,255.09
1998-06-09,,,18.75,,,254.73,255.21
1998-06-10,,,18.75,,,254.85,255.29
1998-06-11,,,18.75,,,254.99,255.43
1998-06-12,,,18.75,,,255.04,255.46
1998-06-13,,,18.75,,,255.17,255.66
1998-06-14,,,18.75,,,255.17,255.66
1998-06-15,,,18.75,,,255.17,255.66
1998-06-16,,,18.75,,,255.29,255.68
1998-06-17,,,18.75,,,255.38,255.83
1998-06-18,,,18.75,,,255.48,255.94
1998-06-19,,,18.75,,,255.59,256.02
1998-06-20,,,18.75,,,255.7,256.15
1998-06-21,,,18.75,,,255.7,256.15
1998-06-22,,,18.75,,,255.7,256.15
1998-06-23,,,18.75,,,255.76,256.26
1998-06-24,,,18.75,,,255.93,256.4
1998-06-25,,,19.0,,,256.02,256.49
1998-06-26,,,19.0,,,256.19,256.62
1998-06-27,,,19.0,,,256.27,256.73
1998-06-28,,,19.0,,,256.27,256.73
1998-06-29,,,19.0,,,256.27,256.73
1998-06-30,23.19599391,,19.0,,624928.224635,256.38,256.85
1998-07-01,,,19.0,,,256.49,256.91
1998-07-02,,,19.0,,,256.59,257.09
1998-07-03,,,19.0,,,256.7,257.15
1998-07-04,,,19.0,,,256.81,257.26
1998-07-05,,,19.0,,,256.81,257.26
1998-07-06,,,19.0,,,256.81,257.26
1998-07-07,,,19.0,,,256.94,257.4
1998-07-08,,,19.0,,,257.02,257.53
1998-07-09,,,19.0,,,257.16,257.59
1998-07-10,,,19.5,,,257.33,257.71
1998-07-11,,,19.5,,,257.38,257.83
1998-07-12,,,19.5,,,257.38,257.83
1998-07-13,,,19.5,,,257.38,257.83
1998-07-14,,,19.5,,,257.47,257.94
1998-07-15,,,19.5,,,257.57,258.06
1998-07-16,,,19.75,,,257.67,258.15
1998-07-17,,,19.75,,,257.79,258.24
1998-07-18,,,19.75,,,257.9,258.38
1998-07-19,,,19.75,,,257.9,258.38
1998-07-20,,,19.75,,,257.9,258.38
1998-07-21,,,19.75,,,258.08,258.46
1998-07-22,,,19.75,,,258.07,258.62
1998-07-23,,,19.75,,,258.26,258.74
1998-07-24,,,19.75,,,258.37,258.84
1998-07-25,,,19.75,,,258.48,258.96
1998-07-26,,,19.75,,,258.48,258.96
1998-07-27,,,19.75,,,258.48,258.96
1998-07-28,,,19.75,,,258.55,259.07
1998-07-29,,,19.75,,,258.71,259.18
1998-07-30,,,19.75,,,258.81,259.3
1998-07-31,23.59043264,,19.75,,644534.49433915,258.92,259.4
1998-08-01,,,19.75,,,259.06,259.46
1998-08-02,,,19.75,,,259.06,259.46
1998-08-03,,,19.75,,,259.06,259.46
1998-08-04,,,19.75,,,259.13,259.56
1998-08-05,,,19.75,,,259.18,259.69
1998-08-06,,,20.0,,,259.35,259.84
1998-08-07,,,20.0,,,259.45,259.9
1998-08-08,,,20.0,,,259.66,260.02
1998-08-09,,,20.0,,,259.66,260.02
1998-08-10,,,20.0,,,259.66,260.02
1998-08-11,,,20.0,,,259.68,260.15
1998-08-12,,,20.0,,,259.82,260.22
1998-08-13,,,20.0,,,259.92,260.4
1998-08-14,,,20.0,,,260.02,260.45
1998-08-15,,,20.0,,,260.14,260.62
1998-08-16,,,20.0,,,260.14,260.62
1998-08-17,,,20.0,,,260.14,260.62
1998-08-18,,,20.0,,,260.16,260.67
1998-08-19,,,20.0,,,260.31,260.81
1998-08-20,,,20.0,,,260.41,260.84
1998-08-21,,,20.0,,,260.52,261.0
1998-08-22,,,20.0,,,260.67,261.08
1998-08-23,,,20.0,,,260.67,261.08
1998-08-24,,,20.0,,,260.67,261.08
1998-08-25,,,20.0,,,260.75,261.25
1998-08-26,,,20.0,,,260.84,261.34
1998-08-27,,,20.25,,,260.97,261.42
1998-08-28,,,20.25,,,261.09,261.52
1998-08-29,,,20.25,,,261.21,261.69
1998-08-30,,,20.25,,,261.21,261.69
1998-08-31,24.06699279,,20.25,,667702.83665554,261.21,261.69
1998-09-01,,,20.25,,,261.36,261.8
1998-09-02,,,20.25,,,261.42,261.88
1998-09-03,,,20.25,,,261.52,262.04
1998-09-04,,,20.25,,,261.68,262.14
1998-09-05,,,20.25,,,261.79,262.26
1998-09-06,,,20.25,,,261.79,262.26
1998-09-07,,,20.25,,,261.79,262.26
1998-09-08,,,20.25,,,261.93,262.39
1998-09-09,,,20.25,,,262.03,262.49
1998-09-10,,,20.25,,,262.12,262.61
1998-09-11,,,20.25,,,262.28,262.69
1998-09-12,,,20.25,,,262.36,262.81
1998-09-13,,,20.25,,,262.36,262.81
1998-09-14,,,20.25,,,262.36,262.81
1998-09-15,,,20.25,,,262.5,262.92
1998-09-16,,,20.25,,,262.5,262.92
1998-09-17,,,20.5,,,262.52,263.02
1998-09-18,,,20.5,,,262.71,263.17
1998-09-19,,,20.5,,,262.76,263.26
1998-09-20,,,20.5,,,262.76,263.26
1998-09-21,,,20.5,,,262.76,263.26
1998-09-22,,,20.5,,,262.93,263.39
1998-09-23,,,20.5,,,262.96,263.51
1998-09-24,,,21.25,,,263.1,263.63
1998-09-25,,,21.25,,,263.3,263.74
1998-09-26,,,21.25,,,263.38,263.83
1998-09-27,,,21.25,,,263.38,263.83
1998-09-28,,,21.25,,,263.38,263.83
1998-09-29,,,21.25,,,263.53,263.95
1998-09-30,23.97314908,,21.25,,731024.151896,263.59,264.07
1998-10-01,,,22.25,,,263.77,264.25
1998-10-02,,,22.25,,,263.84,264.32
1998-10-03,,,22.25,,,263.96,264.45
1998-10-04,,,22.25,,,263.96,264.45
1998-10-05,,,22.25,,,263.96,264.45
1998-10-06,,,22.25,,,264.07,264.56
1998-10-07,,,22.25,,,264.17,264.71
1998-10-08,,,23.25,,,264.33,264.78
1998-10-09,,,23.25,,,264.52,264.9
1998-10-10,,,23.25,,,264.55,265.0
1998-10-11,,,23.25,,,264.55,265.0
1998-10-12,,,23.25,,,264.55,265.0
1998-10-13,,,23.25,,,264.55,265.0
1998-10-14,,,23.25,,,264.68,265.15
1998-10-15,,,24.0,,,264.81,265.26
1998-10-16,,,24.0,,,264.95,265.35
1998-10-17,,,24.0,,,265.01,265.46
1998-10-18,,,24.0,,,265.01,265.46
1998-10-19,,,24.0,,,265.01,265.46
1998-10-20,,,24.0,,,265.14,265.6
1998-10-21,,,24.0,,,265.22,265.76
1998-10-22,,,24.25,,,265.4,265.84
1998-10-23,,,24.25,,,265.48,266.03
1998-10-24,,,24.25,,,265.68,266.1
1998-10-25,,,24.25,,,265.68,266.1
1998-10-26,,,24.25,,,265.68,266.1
1998-10-27,,,24.25,,,265.76,266.22
1998-10-28,,,24.25,,,265.9,266.37
1998-10-29,,,24.25,,,266.04,266.48
1998-10-30,,,24.25,,,266.17,266.58
1998-10-31,24.04792889,,24.25,,738820.67071422,266.28,266.67
1998-11-01,,,24.25,,,266.28,266.67
1998-11-02,,,24.25,,,266.28,266.67
1998-11-03,,,24.25,,,266.38,266.87
1998-11-04,,,24.25,,,266.43,266.97
1998-11-05,,,24.25,,,266.59,267.09
1998-11-06,,,24.25,,,266.79,267.21
1998-11-07,,,24.25,,,266.92,267.37
1998-11-08,,,24.25,,,266.92,267.37
1998-11-09,,,24.25,,,266.92,267.37
1998-11-10,,,24.25,,,267.02,267.45
1998-11-11,,,24.25,,,267.07,267.59
1998-11-12,,,24.25,,,267.25,267.68
1998-11-13,,,24.25,,,267.39,267.79
1998-11-14,,,24.25,,,267.52,267.92
1998-11-15,,,24.25,,,267.52,267.92
1998-11-16,,,24.25,,,267.52,267.92
1998-11-17,,,24.25,,,267.6,268.04
1998-11-18,,,24.25,,,267.71,268.15
1998-11-19,,,24.5,,,267.81,268.29
1998-11-20,,,24.5,,,268.0,268.39
1998-11-21,,,24.5,,,268.11,268.52
1998-11-22,,,24.5,,,268.11,268.52
1998-11-23,,,24.5,,,268.11,268.52
1998-11-24,,,24.5,,,268.18,268.71
1998-11-25,,,24.5,,,268.31,268.81
1998-11-26,,,24.5,,,268.49,268.9
1998-11-27,,,24.5,,,268.62,269.06
1998-11-28,,,24.5,,,268.69,269.17
1998-11-29,,,24.5,,,268.69,269.17
1998-11-30,24.36466425,,24.5,,762342.96753143,268.69,269.17
1998-12-01,,,24.5,,,268.81,269.29
1998-12-02,,,24.5,,,268.92,269.38
1998-12-03,,,24.5,,,269.05,269.49
1998-12-04,,,24.5,,,269.18,269.61
1998-12-05,,,24.5,,,269.27,269.72
1998-12-06,,,24.5,,,269.27,269.72
1998-12-07,,,24.5,,,269.27,269.72
1998-12-08,,,24.5,,,269.4,269.86
1998-12-09,,,24.5,,,269.46,270.02
1998-12-10,,,24.5,,,269.63,270.13
1998-12-11,,,24.5,,,269.75,270.22
1998-12-12,,,24.5,,,269.82,270.34
1998-12-13,,,24.5,,,269.82,270.34
1998-12-14,,,24.5,,,269.82,270.34
1998-12-15,,,24.5,,,270.0,270.39
1998-12-16,,,24.5,,,270.06,270.53
1998-12-17,,,24.5,,,270.15,270.67
1998-12-18,,,24.5,,,270.35,270.81
1998-12-19,,,24.5,,,270.4,270.91
1998-12-20,,,24.5,,,270.4,270.91
1998-12-21,,,24.5,,,270.4,270.91
1998-12-22,,,24.5,,,270.57,271.0
1998-12-23,,,24.5,,,270.7,271.17
1998-12-24,,,24.5,,,270.82,271.25
1998-12-25,,,24.5,,,270.93,271.4
1998-12-26,,,24.5,,,270.93,271.4
1998-12-27,,,24.5,,,270.93,271.4
1998-12-28,,,24.5,,,270.93,271.4
1998-12-29,,,24.5,,,271.09,271.49
1998-12-30,,,24.5,,,271.19,271.65
1998-12-31,24.5479523,,24.5,,787235.26408594,271.19,271.65
1999-01-01,,,24.5,,,271.19,271.65
1999-01-02,,,24.5,,,271.19,271.65
1999-01-03,,,24.5,,,271.19,271.65
1999-01-04,,,24.5,,,271.19,271.65
1999-01-05,,,24.5,,,271.16,271.85
1999-01-06,,,24.5,,,271.31,271.82
1999-01-07,,,24.5,,,271.44,271.98
1999-01-08,,,24.5,,,271.59,272.07
1999-01-09,,,24.5,,,271.74,272.14
1999-01-10,,,24.5,,,271.74,272.14
1999-01-11,,,24.5,,,271.74,272.14
1999-01-12,,,24.5,,,271.86,272.34
1999-01-13,,,24.5,29.17199134,,271.87,272.44
1999-01-14,,,24.5,29.17199134,,272.09,272.53
1999-01-15,,,24.5,29.17199134,,272.21,272.66
1999-01-16,,,24.5,29.17199134,,272.35,272.8
1999-01-17,,,24.5,29.17199134,,272.35,272.8
1999-01-18,,,24.5,29.17199134,,272.35,272.8
1999-01-19,,,24.5,29.17199134,,272.44,272.93
1999-01-20,,,24.5,29.17423595,,272.55,273.05
1999-01-21,,,24.5,29.17423595,,272.71,273.15
1999-01-22,,,24.5,29.17423595,,272.78,273.3
1999-01-23,,,24.5,29.17423595,,272.97,273.41
1999-01-24,,,24.5,29.17423595,,272.97,273.41
1999-01-25,,,24.5,29.17423595,,272.97,273.41
1999-01-26,,,24.5,29.17423595,,273.04,273.56
1999-01-27,,,24.5,29.17449503,,273.21,273.65
1999-01-28,,,24.5,29.17449503,,273.4,273.75
1999-01-29,,,24.5,29.17449503,,273.44,273.95
1999-01-30,,,24.5,29.17449503,,273.53,274.06
1999-01-31,24.98931756,,24.5,29.17449503,800102.67845225,273.53,274.06
1999-02-01,,,24.5,29.17449503,,273.53,274.06
1999-02-02,,,24.5,29.17449503,,273.67,274.2
1999-02-03,,,24.5,29.18298904,,273.73,274.26
1999-02-04,,,24.5,29.18298904,,273.86,274.43
1999-02-05,,,24.5,29.18298904,,274.04,274.52
1999-02-06,,,24.5,29.18298904,,274.21,274.63
1999-02-07,,,24.5,29.18298904,,274.21,274.63
1999-02-08,,,24.5,29.18298904,,274.21,274.63
1999-02-09,,,24.5,29.18298904,,274.29,274.78
1999-02-10,,,24.5,29.68564274,,274.36,274.92
1999-02-11,,,24.5,29.68564274,,274.53,275.03
1999-02-12,,,24.5,29.68564274,,274.62,275.14
1999-02-13,,,24.5,29.68564274,,274.74,275.24
1999-02-14,,,24.5,29.68564274,,274.74,275.24
1999-02-15,,,24.5,29.68564274,,274.74,275.24
1999-02-16,,,24.5,29.68564274,,274.9,275.41
1999-02-17,,,24.5,30.18050464,,274.95,275.52
1999-02-18,,,24.5,30.18050464,,275.08,275.62
1999-02-19,,,24.5,30.18050464,,275.24,275.76
1999-02-20,,,24.5,30.18050464,,275.32,275.82
1999-02-21,,,24.5,30.18050464,,275.32,275.82
1999-02-22,,,24.5,30.18050464,,275.32,275.82
1999-02-23,,,24.5,30.18050464,,275.45,275.95
1999-02-24,,,24.5,30.17766347,,275.61,276.07
1999-02-25,,,24.5,30.17766347,,275.68,276.16
1999-02-26,,,24.5,30.17766347,,275.85,276.3
1999-02-27,,,24.5,30.17766347,,275.94,276.44
1999-02-28,25.1711485,,24.5,30.17766347,816076.1814485,275.94,276.44
1999-03-01,,,24.5,30.17766347,,275.94,276.44
1999-03-02,,,24.5,30.17766347,,276.08,276.56
1999-03-03,,,24.5,30.181152,,276.2,276.69
1999-03-04,,,24.5,30.181152,,276.27,276.77
1999-03-05,,,24.5,30.181152,,276.49,276.87
1999-03-06,,,24.5,30.181152,,276.53,277.01
1999-03-07,,,24.5,30.181152,,276.53,277.01
1999-03-08,,,24.5,30.181152,,276.53,277.01
1999-03-09,,,24.5,30.181152,,276.68,277.13
1999-03-10,,,24.5,30.18140049,,276.78,277.27
1999-03-11,,,24.5,30.18140049,,276.84,277.43
1999-03-12,,,24.5,30.18140049,,277.1,277.5
1999-03-13,,,24.5,30.18140049,,277.14,277.65
1999-03-14,,,24.5,30.18140049,,277.14,277.65
1999-03-15,,,24.5,30.18140049,,277.14,277.65
1999-03-16,,,24.5,30.18140049,,277.39,277.73
1999-03-17,,,24.5,30.18382451,,277.32,277.88
1999-03-18,,,24.5,30.18382451,,277.51,278.01
1999-03-19,,,24.5,30.18382451,,277.67,278.09
1999-03-20,,,24.5,30.18382451,,277.74,278.22
1999-03-21,,,24.5,30.18382451,,277.74,278.22
1999-03-22,,,24.5,30.18382451,,277.74,278.22
1999-03-23,,,24.5,30.18382451,,277.88,278.34
1999-03-24,,,24.5,30.20000156,,277.94,278.44
1999-03-25,,,24.5,30.20000156,,278.08,278.59
1999-03-26,,,24.5,30.20000156,,278.26,278.74
1999-03-27,,,24.5,30.20000156,,278.29,278.83
1999-03-28,,,24.5,30.20000156,,278.29,278.83
1999-03-29,,,24.5,30.20000156,,278.29,278.83
1999-03-30,,,24.5,30.20000156,,278.49,278.92
1999-03-31,25.07730479,,24.5,30.20000156,838131.32622814,278.53,279.08
1999-04-01,,,24.5,30.20000156,,278.75,279.19
1999-04-02,,,24.5,30.20000156,,278.75,279.19
1999-04-03,,,24.5,30.20000156,,278.75,279.19
1999-04-04,,,24.5,30.20000156,,278.75,279.19
1999-04-05,,,24.5,30.20000156,,278.75,279.19
1999-04-06,,,24.5,30.20000156,,278.92,279.38
1999-04-07,,,24.5,30.23703065,,278.91,279.45
1999-04-08,,,24.5,30.23703065,,279.01,279.58
1999-04-09,,,24.5,30.23703065,,279.24,279.68
1999-04-10,,,24.5,30.23703065,,279.35,279.83
1999-04-11,,,24.5,30.23703065,,279.35,279.83
1999-04-12,,,24.5,30.23703065,,279.35,279.83
1999-04-13,,,24.5,30.23703065,,279.49,279.96
1999-04-14,,,24.5,30.23703065,,279.55,280.05
1999-04-15,,,24.5,30.23703065,,279.68,280.16
1999-04-16,,,24.5,30.23703065,,279.82,280.27
1999-04-17,,,24.5,30.23703065,,279.94,280.43
1999-04-18,,,24.5,30.23703065,,279.94,280.43
1999-04-19,,,24.5,30.23703065,,279.94,280.43
1999-04-20,,,24.5,30.23703065,,280.11,280.54
1999-04-21,,,24.5,30.26519879,,280.09,280.65
1999-04-22,,,24.5,30.26519879,,280.27,280.82
1999-04-23,,,24.5,30.26519879,,280.53,280.95
1999-04-24,,,24.5,30.26519879,,280.5,281.01
1999-04-25,,,24.5,30.26519879,,280.5,281.01
1999-04-26,,,24.5,30.26519879,,280.5,281.01
1999-04-27,,,24.5,30.26519879,,280.65,281.15
1999-04-28,,,24.5,30.40665005,,280.79,281.28
1999-04-29,,,24.5,30.40665005,,280.88,281.34
1999-04-30,25.10809099,,24.5,30.40665005,840744.67398437,281.04,281.5
1999-05-01,,,24.5,30.40665005,,281.12,281.62
1999-05-02,,,24.5,30.40665005,,281.12,281.62
1999-05-03,,,24.5,30.40665005,,281.12,281.62
1999-05-04,,,24.5,30.40665005,,281.22,281.72
1999-05-05,,,24.5,30.43523529,,281.3,281.84
1999-05-06,,,24.5,30.43523529,,281.41,281.96
1999-05-07,,,24.5,30.43523529,,281.64,282.05
1999-05-08,,,24.5,30.43523529,,281.67,282.17
1999-05-09,,,24.5,30.43523529,,281.67,282.17
1999-05-10,,,24.5,30.43523529,,281.67,282.17
1999-05-11,,,24.5,30.43523529,,281.8,282.31
1999-05-12,,,24.5,30.53586552,,281.88,282.39
1999-05-13,,,24.25,30.53586552,,282.02,282.6
1999-05-14,,,24.25,30.53586552,,282.25,282.67
1999-05-15,,,24.25,30.53586552,,282.26,282.74
1999-05-16,,,24.25,30.53586552,,282.26,282.74
1999-05-17,,,24.25,30.53586552,,282.26,282.74
1999-05-18,,,24.25,30.53586552,,282.44,282.93
1999-05-19,,,24.25,30.56073491,,282.51,283.11
1999-05-20,,,23.75,30.56073491,,282.7,283.19
1999-05-21,,,23.75,30.56073491,,282.83,283.26
1999-05-22,,,23.75,30.56073491,,282.93,283.41
1999-05-23,,,23.75,30.56073491,,282.93,283.41
1999-05-24,,,23.75,30.56073491,,282.93,283.41
1999-05-25,,,23.75,30.56073491,,283.12,283.52
1999-05-26,,,23.75,30.54181744,,283.25,283.66
1999-05-27,,,23.25,30.54181744,,283.27,283.78
1999-05-28,,,23.25,30.54181744,,283.41,283.87
1999-05-29,,,23.25,30.54181744,,283.51,283.99
1999-05-30,,,23.25,30.54181744,,283.51,283.99
1999-05-31,25.31191873,,23.25,30.54181744,842072.90257535,283.51,283.99
1999-06-01,,,23.25,30.54181744,,283.63,284.15
1999-06-02,,,23.25,30.54385881,,283.69,284.18
1999-06-03,,,22.75,30.54385881,,283.86,284.36
1999-06-04,,,22.75,30.54385881,,284.01,284.49
1999-06-05,,,22.75,30.54385881,,284.07,284.59
1999-06-06,,,22.75,30.54385881,,284.07,284.59
1999-06-07,,,22.75,30.54385881,,284.07,284.59
1999-06-08,,,22.75,30.54385881,,284.22,284.73
1999-06-09,,,22.75,30.42189139,,284.26,284.85
1999-06-10,,,22.25,30.42189139,,284.42,285.03
1999-06-11,,,22.25,30.42189139,,284.63,285.08
1999-06-12,,,22.25,30.42189139,,284.73,285.21
1999-06-13,,,22.25,30.42189139,,284.73,285.21
1999-06-14,,,22.25,30.42189139,,284.73,285.21
1999-06-15,,,22.25,30.42189139,,284.86,285.34
1999-06-16,,,22.25,30.18701822,,284.94,285.48
1999-06-17,,,22.25,30.18701822,,285.05,285.57
1999-06-18,,,22.25,30.18701822,,285.23,285.7
1999-06-19,,,22.25,30.18701822,,285.26,285.85
1999-06-20,,,22.25,30.18701822,,285.26,285.85
1999-06-21,,,22.25,30.18701822,,285.26,285.85
1999-06-22,,,22.25,30.18701822,,285.37,285.94
1999-06-23,,,22.25,30.18701822,,285.52,286.05
1999-06-24,,,22.0,30.18701822,,285.66,286.14
1999-06-25,,,22.0,30.18701822,,285.75,286.31
1999-06-26,,,22.0,30.18701822,,285.95,286.39
1999-06-27,,,22.0,30.18701822,,285.95,286.39
1999-06-28,,,22.0,30.18701822,,285.95,286.39
1999-06-29,,,22.0,30.18701822,,286.02,286.54
1999-06-30,25.66383965,,22.0,29.8956872,851351.70202896,286.11,286.64
1999-07-01,,,21.5,29.8956872,,286.24,286.76
1999-07-02,,,21.5,29.8956872,,286.36,286.87
1999-07-03,,,21.5,29.8956872,,286.46,286.95
1999-07-04,,,21.5,29.8956872,,286.46,286.95
1999-07-05,,,21.5,29.8956872,,286.46,286.95
1999-07-06,,,21.5,29.8956872,,286.55,287.08
1999-07-07,,,21.5,29.82658185,,286.71,287.18
1999-07-08,,,21.25,29.82658185,,286.71,287.27
1999-07-09,,,21.25,29.82658185,,286.89,287.35
1999-07-10,,,21.25,29.82658185,,287.02,287.47
1999-07-11,,,21.25,29.82658185,,287.02,287.47
1999-07-12,,,21.25,29.82658185,,287.02,287.47
1999-07-13,,,21.25,29.82658185,,287.06,287.57
1999-07-14,,,21.25,29.82037916,,287.07,287.64
1999-07-15,,,21.25,29.82037916,,287.24,287.8
1999-07-16,,,21.25,29.82037916,,287.45,287.84
1999-07-17,,,21.25,29.82037916,,287.42,287.94
1999-07-18,,,21.25,29.82037916,,287.42,287.94
1999-07-19,,,21.25,29.82037916,,287.42,287.94
1999-07-20,,,21.25,29.82037916,,287.56,288.08
1999-07-21,,,21.25,29.791152,,287.68,288.2
1999-07-22,,,21.25,29.791152,,287.76,288.29
1999-07-23,,,21.25,29.791152,,287.83,288.38
1999-07-24,,,21.25,29.791152,,287.98,288.52
1999-07-25,,,21.25,29.791152,,287.98,288.52
1999-07-26,,,21.25,29.791152,,287.98,288.52
1999-07-27,,,21.25,29.791152,,288.08,288.55
1999-07-28,,,21.25,29.80964322,,288.19,288.71
1999-07-29,,,21.0,29.80964322,,288.28,288.78
1999-07-30,,,21.0,29.80964322,,288.36,288.78
1999-07-31,25.72835428,,21.0,29.80964322,853836.8557,288.47,288.97
1999-08-01,,,21.0,29.80964322,,288.47,288.97
1999-08-02,,,21.0,29.80964322,,288.47,288.97
1999-08-03,,,21.0,29.80964322,,288.47,288.97
1999-08-04,,,21.0,29.64986191,,288.54,289.08
1999-08-05,,,20.75,29.64986191,,288.63,289.13
1999-08-06,,,20.75,29.64986191,,288.79,289.23
1999-08-07,,,20.75,29.64986191,,288.84,289.34
1999-08-08,,,20.75,29.64986191,,288.84,289.34
1999-08-09,,,20.75,29.64986191,,288.84,289.34
1999-08-10,,,20.75,29.64986191,,288.91,289.41
1999-08-11,,,20.75,29.58718535,,288.97,289.54
1999-08-12,,,20.5,29.58718535,,289.1,289.58
1999-08-13,,,20.5,29.58718535,,289.21,289.6
1999-08-14,,,20.5,29.58718535,,289.23,289.68
1999-08-15,,,20.5,29.58718535,,289.23,289.68
1999-08-16,,,20.5,29.58718535,,289.23,289.68
1999-08-17,,,20.5,29.58718535,,289.43,289.82
1999-08-18,,,20.5,29.58559006,,289.38,289.91
1999-08-19,,,20.5,29.58559006,,289.54,290.05
1999-08-20,,,20.5,29.58559006,,289.61,290.09
1999-08-21,,,20.5,29.58559006,,289.69,290.23
1999-08-22,,,20.5,29.58559006,,289.69,290.23
1999-08-23,,,20.5,29.58559006,,289.69,290.23
1999-08-24,,,20.5,29.58559006,,289.81,290.28
1999-08-25,,,20.5,29.60713807,,289.85,290.41
1999-08-26,,,20.0,29.60713807,,289.97,290.49
1999-08-27,,,20.0,29.60713807,,290.14,290.61
1999-08-28,,,20.0,29.60713807,,290.17,290.66
1999-08-29,,,20.0,29.60713807,,290.17,290.66
1999-08-30,,,20.0,29.60713807,,290.17,290.66
1999-08-31,25.88085614,,20.0,29.60713807,865754.25947229,290.25,290.78
1999-09-01,,,20.0,29.54641383,,290.27,290.85
1999-09-02,,,20.0,29.54641383,,290.52,290.94
1999-09-03,,,20.0,29.54641383,,290.53,291.06
1999-09-04,,,20.0,29.54641383,,290.63,291.14
1999-09-05,,,20.0,29.54641383,,290.63,291.14
1999-09-06,,,20.0,29.54641383,,290.63,291.14
1999-09-07,,,20.0,29.54641383,,290.7,291.21
1999-09-08,,,20.0,29.53408634,,290.72,291.34
1999-09-09,,,20.0,29.53408634,,290.91,291.33
1999-09-10,,,20.0,29.53408634,,290.95,291.46
1999-09-11,,,20.0,29.53408634,,291.05,291.51
1999-09-12,,,20.0,29.53408634,,291.05,291.51
1999-09-13,,,20.0,29.53408634,,291.05,291.51
1999-09-14,,,20.0,29.53408634,,291.22,291.66
1999-09-15,,,20.0,29.53408634,,291.2,291.77
1999-09-16,,,20.0,29.53408634,,291.2,291.77
1999-09-17,,,20.0,29.53408634,,291.3,291.8
1999-09-18,,,20.0,29.53408634,,291.43,291.83
1999-09-19,,,20.0,29.53408634,,291.43,291.83
1999-09-20,,,20.0,29.53408634,,291.43,291.83
1999-09-21,,,20.0,29.53408634,,291.47,291.97
1999-09-22,,,20.0,29.53408634,,291.51,292.07
1999-09-23,,,20.0,29.53408634,,291.66,292.15
1999-09-24,,,20.0,29.53408634,,291.73,292.26
1999-09-25,,,20.0,29.53408634,,291.89,292.4
1999-09-26,,,20.0,29.53408634,,291.89,292.4
1999-09-27,,,20.0,29.53408634,,291.89,292.4
1999-09-28,,,20.0,29.53408634,,291.97,292.44
1999-09-29,,,20.0,29.54257818,,291.97,292.56
1999-09-30,26.05094611,,20.0,29.54257818,880299.48169464,292.16,292.62
1999-10-01,,,20.0,29.54257818,,292.27,292.69
1999-10-02,,,20.0,29.54257818,,292.31,292.79
1999-10-03,,,20.0,29.54257818,,292.31,292.79
1999-10-04,,,20.0,29.54257818,,292.31,292.79
1999-10-05,,,20.0,29.54257818,,292.38,292.93
1999-10-06,,,20.0,29.52921155,,292.48,292.99
1999-10-07,,,20.0,29.52921155,,292.59,293.03
1999-10-08,,,20.0,29.52921155,,292.79,293.14
1999-10-09,,,20.0,29.52921155,,292.76,293.27
1999-10-10,,,20.0,29.52921155,,292.76,293.27
1999-10-11,,,20.0,29.52921155,,292.76,293.27
1999-10-12,,,20.0,29.52921155,,292.88,293.38
1999-10-13,,,20.0,29.52309783,,292.99,293.49
1999-10-14,,,20.0,29.52309783,,293.04,293.53
1999-10-15,,,20.0,29.52309783,,293.11,293.54
1999-10-16,,,20.0,29.52309783,,293.19,293.68
1999-10-17,,,20.0,29.52309783,,293.19,293.68
1999-10-18,,,20.0,29.52309783,,293.19,293.68
1999-10-19,,,20.0,29.52309783,,293.19,293.68
1999-10-20,,,20.0,29.52309783,,293.31,293.8
1999-10-21,,,20.0,29.52309783,,293.36,293.9
1999-10-22,,,20.0,29.52309783,,293.48,293.98
1999-10-23,,,20.0,29.52309783,,293.54,294.05
1999-10-24,,,20.0,29.52309783,,293.54,294.05
1999-10-25,,,20.0,29.52309783,,293.54,294.05
1999-10-26,,,20.0,29.52309783,,293.66,294.13
1999-10-27,,,20.0,29.52309783,,293.75,294.21
1999-10-28,,,20.0,29.52309783,,293.87,294.32
1999-10-29,,,20.0,29.52309783,,293.98,294.36
1999-10-30,,,20.0,29.52309783,,294.07,294.55
1999-10-31,26.43366255,,20.0,29.52309783,883190.264345,294.07,294.55
1999-11-01,,,20.0,29.52309783,,294.07,294.55
1999-11-02,,,20.0,29.52309783,,294.11,294.57
1999-11-03,,,20.0,29.45123699,,294.21,294.69
1999-11-04,,,19.5,29.45123699,,294.34,294.8
1999-11-05,,,19.5,29.45123699,,294.42,294.92
1999-11-06,,,19.5,29.45123699,,294.5,294.99
1999-11-07,,,19.5,29.45123699,,294.5,294.99
1999-11-08,,,19.5,29.45123699,,294.5,294.99
1999-11-09,,,19.5,29.45123699,,294.64,295.07
1999-11-10,,,19.5,29.45123699,,294.69,295.14
1999-11-11,,,19.25,29.45123699,,294.83,295.22
1999-11-12,,,19.25,29.45123699,,294.9,295.28
1999-11-13,,,19.25,29.45123699,,294.97,295.5
1999-11-14,,,19.25,29.45123699,,294.97,295.5
1999-11-15,,,19.25,29.45123699,,294.97,295.5
1999-11-16,,,19.25,29.45123699,,295.07,295.53
1999-11-17,,,19.25,29.45123699,,295.1,295.63
1999-11-18,,,19.25,29.45123699,,295.25,295.71
1999-11-19,,,19.25,29.45123699,,295.3,295.72
1999-11-20,,,19.25,29.45123699,,295.39,295.83
1999-11-21,,,19.25,29.45123699,,295.39,295.83
1999-11-22,,,19.25,29.45123699,,295.39,295.83
1999-11-23,,,19.25,29.45123699,,295.48,295.97
1999-11-24,,,19.25,29.69876014,,295.61,296.02
1999-11-25,,,19.0,29.69876014,,295.64,296.16
1999-11-26,,,19.0,29.69876014,,295.85,296.25
1999-11-27,,,19.0,29.69876014,,295.81,296.33
1999-11-28,,,19.0,29.69876014,,295.81,296.33
1999-11-29,,,19.0,29.69876014,,295.81,296.33
1999-11-30,26.68147458,,19.0,29.69876014,908397.54631868,295.96,296.42
1999-12-01,,,19.0,29.46973751,,296.05,296.5
1999-12-02,,,18.75,29.46973751,,296.11,296.63
1999-12-03,,,18.75,29.46973751,,296.24,296.71
1999-12-04,,,18.75,29.46973751,,296.32,296.75
1999-12-05,,,18.75,29.46973751,,296.32,296.75
1999-12-06,,,18.75,29.46973751,,296.32,296.75
1999-12-07,,,18.75,29.46973751,,296.42,296.85
1999-12-08,,,18.75,29.45123699,,296.55,296.99
1999-12-09,,,18.75,29.45123699,,296.62,297.08
1999-12-10,,,18.75,29.45123699,,296.74,297.22
1999-12-11,,,18.75,29.45123699,,296.76,297.26
1999-12-12,,,18.75,29.45123699,,296.76,297.26
1999-12-13,,,18.75,29.45123699,,296.76,297.26
1999-12-14,,,18.75,29.45123699,,296.85,297.36
1999-12-15,,,18.75,29.45123699,,296.96,297.48
1999-12-16,,,18.5,29.45123699,,296.99,297.5
1999-12-17,,,18.5,29.45123699,,297.14,297.63
1999-12-18,,,18.5,29.45123699,,297.16,297.65
1999-12-19,,,18.5,29.45123699,,297.16,297.65
1999-12-20,,,18.5,29.45123699,,297.16,297.65
1999-12-21,,,18.5,29.45123699,,297.31,297.76
1999-12-22,,,18.5,29.45123699,,297.35,297.91
1999-12-23,,,18.25,29.45123699,,297.46,297.94
1999-12-24,,,18.25,29.45123699,,297.56,298.02
1999-12-25,,,18.25,29.45123699,,297.7,298.11
1999-12-26,,,18.25,29.45123699,,297.7,298.11
1999-12-27,,,18.25,29.45123699,,297.7,298.11
1999-12-28,,,18.25,29.45123699,,297.77,298.18
1999-12-29,,,18.25,29.45123699,,297.83,298.36
1999-12-30,,,18.25,29.45123699,,297.96,298.41
1999-12-31,27.03046258,,18.25,29.45123699,923376.26391528,297.96,298.41
2000-01-01,,,18.25,29.45123699,,297.96,298.41
2000-01-02,,,18.25,29.45123699,,297.96,298.41
2000-01-03,,,18.25,29.45123699,,297.96,298.41
2000-01-04,,,18.25,29.45123699,,297.95,298.64
2000-01-05,,,18.25,29.61715215,,298.08,298.58
2000-01-06,,,18.0,29.61715215,,298.13,298.69
2000-01-07,,,18.0,29.61715215,,298.23,298.76
2000-01-08,,,18.0,29.61715215,,298.35,298.78
2000-01-09,,,18.0,29.61715215,,298.35,298.78
2000-01-10,,,18.0,29.61715215,,298.35,298.78
2000-01-11,,,18.0,29.61715215,,298.45,298.91
2000-01-12,,,18.0,29.61715215,,298.46,298.99
2000-01-13,,,17.75,29.61715215,,298.59,299.06
2000-01-14,,,17.75,29.61715215,,298.69,299.13
2000-01-15,,,17.75,29.61715215,,298.71,299.16
2000-01-16,,,17.75,29.61715215,,298.71,299.16
2000-01-17,,,17.75,29.61715215,,298.71,299.16
2000-01-18,,,17.75,29.61715215,,298.77,299.33
2000-01-19,,,17.75,29.40633055,,298.83,299.38
2000-01-20,,,17.5,29.40633055,,299.0,299.45
2000-01-21,,,17.5,29.40633055,,299.09,299.55
2000-01-22,,,17.5,29.40633055,,299.24,299.63
2000-01-23,,,17.5,29.40633055,,299.24,299.63
2000-01-24,,,17.5,29.40633055,,299.24,299.63
2000-01-25,,,17.5,29.40633055,,299.31,299.71
2000-01-26,,,17.5,29.23769575,,299.31,299.79
2000-01-27,,,17.5,29.23769575,,299.46,299.9
2000-01-28,,,17.5,29.23769575,,299.5,299.97
2000-01-29,,,17.5,29.23769575,,299.4,299.95
2000-01-30,,,17.5,29.23769575,,299.4,299.95
2000-01-31,27.51142209,,17.5,29.23769575,937674.31008898,299.4,299.95
2000-02-01,,,17.5,29.23769575,,299.56,300.07
2000-02-02,,,17.5,28.98006822,,299.63,300.16
2000-02-03,,,17.5,28.98006822,,299.74,300.21
2000-02-04,,,17.5,28.98006822,,299.93,300.36
2000-02-05,,,17.5,28.98006822,,299.94,300.41
2000-02-06,,,17.5,28.98006822,,299.94,300.41
2000-02-07,,,17.5,28.98006822,,299.94,300.41
2000-02-08,,,17.5,28.98006822,,299.98,300.5
2000-02-09,,,17.5,28.89618959,,300.09,300.57
2000-02-10,,,17.5,28.89618959,,300.14,300.6
2000-02-11,,,17.5,28.89618959,,300.28,300.73
2000-02-12,,,17.5,28.89618959,,300.28,300.78
2000-02-13,,,17.5,28.89618959,,300.28,300.78
2000-02-14,,,17.5,28.89618959,,300.28,300.78
2000-02-15,,,17.5,28.89618959,,300.39,300.87
2000-02-16,,,17.5,28.84904788,,300.43,300.92
2000-02-17,,,17.5,28.84904788,,300.5,300.99
2000-02-18,,,17.5,28.84904788,,300.65,301.07
2000-02-19,,,17.5,28.84904788,,300.67,301.15
2000-02-20,,,17.5,28.84904788,,300.67,301.15
2000-02-21,,,17.5,28.84904788,,300.67,301.15
2000-02-22,,,17.5,28.84904788,,300.8,301.25
2000-02-23,,,17.5,28.54972073,,300.81,301.35
2000-02-24,,,17.5,28.54972073,,300.89,301.41
2000-02-25,,,17.5,28.54972073,,301.05,301.48
2000-02-26,,,17.5,28.54972073,,301.1,301.49
2000-02-27,,,17.5,28.54972073,,301.1,301.49
2000-02-28,,,17.5,28.54972073,,301.1,301.49
2000-02-29,27.91026953,,17.5,28.54972073,959418.51664755,301.18,301.67
2000-03-01,,,17.5,28.40575374,,301.25,301.72
2000-03-02,,,17.25,28.40575374,,301.32,301.8
2000-03-03,,,17.25,28.40575374,,301.5,301.92
2000-03-04,,,17.25,28.40575374,,301.56,302.02
2000-03-05,,,17.25,28.40575374,,301.56,302.02
2000-03-06,,,17.25,28.40575374,,301.56,302.02
2000-03-07,,,17.25,28.40575374,,301.61,302.13
2000-03-08,,,17.25,28.36005549,,301.61,302.13
2000-03-09,,,17.25,28.36005549,,301.75,302.23
2000-03-10,,,17.25,28.36005549,,301.84,302.36
2000-03-11,,,17.25,28.36005549,,301.99,302.41
2000-03-12,,,17.25,28.36005549,,301.99,302.41
2000-03-13,,,17.25,28.36005549,,301.99,302.41
2000-03-14,,,17.25,28.36005549,,301.98,302.56
2000-03-15,,,17.25,28.11970961,,302.02,302.62
2000-03-16,,,17.25,28.11970961,,302.09,302.65
2000-03-17,,,17.25,28.11970961,,302.21,302.66
2000-03-18,,,17.25,28.11970961,,302.26,302.81
2000-03-19,,,17.25,28.11970961,,302.26,302.81
2000-03-20,,,17.25,28.11970961,,302.26,302.81
2000-03-21,,,17.25,28.11970961,,302.32,302.88
2000-03-22,,,17.25,28.04610303,,302.41,302.98
2000-03-23,,,17.25,28.04610303,,302.57,302.96
2000-03-24,,,17.25,28.04610303,,302.64,303.15
2000-03-25,,,17.25,28.04610303,,302.72,303.16
2000-03-26,,,17.25,28.04610303,,302.72,303.16
2000-03-27,,,17.25,28.04610303,,302.72,303.16
2000-03-28,,,17.25,28.04610303,,302.8,303.27
2000-03-29,,,17.25,28.04610303,,302.89,303.38
2000-03-30,,,17.25,28.04610303,,302.96,303.42
2000-03-31,28.0994234,,17.25,28.04610303,973625.51836,303.09,303.55
2000-04-01,,,17.25,28.04610303,,303.14,303.56
2000-04-02,,,17.25,28.04610303,,303.14,303.56
2000-04-03,,,17.25,28.04610303,,303.14,303.56
2000-04-04,,,17.25,28.04610303,,303.21,303.62
2000-04-05,,,17.25,28.04610303,,303.27,303.76
2000-04-06,,,17.25,28.04610303,,303.32,303.86
2000-04-07,,,17.25,28.04610303,,303.41,303.91
2000-04-08,,,17.25,28.04610303,,303.46,303.98
2000-04-09,,,17.25,28.04610303,,303.46,303.98
2000-04-10,,,17.25,28.04610303,,303.46,303.98
2000-04-11,,,17.25,28.04610303,,303.55,304.11
2000-04-12,,,17.25,28.04010064,,303.55,304.11
2000-04-13,,,17.25,28.04010064,,303.62,304.14
2000-04-14,,,17.25,28.04010064,,303.75,304.14
2000-04-15,,,17.25,28.04010064,,303.77,304.25
2000-04-16,,,17.25,28.04010064,,303.77,304.25
2000-04-17,,,17.25,28.04010064,,303.77,304.25
2000-04-18,,,17.25,28.04010064,,303.9,304.37
2000-04-19,,,17.25,28.04610103,,303.92,304.44
2000-04-20,,,17.25,28.04610103,,304.04,304.58
2000-04-21,,,17.25,28.04610103,,304.04,304.58
2000-04-22,,,17.25,28.04610103,,304.04,304.58
2000-04-23,,,17.25,28.04610103,,304.04,304.58
2000-04-24,,,17.25,28.04610103,,304.04,304.58
2000-04-25,,,17.25,28.04610103,,304.11,304.6
2000-04-26,,,17.25,28.03121516,,304.13,304.67
2000-04-27,,,17.25,28.03121516,,304.28,304.78
2000-04-28,,,17.25,28.03121516,,304.38,304.87
2000-04-29,,,17.25,28.03121516,,304.42,304.92
2000-04-30,28.00118033,,17.25,28.03121516,986256.084723,304.42,304.92
2000-05-01,,,17.25,28.03121516,,304.42,304.92
2000-05-02,,,17.25,28.03121516,,304.42,304.92
2000-05-03,,,17.25,28.03121516,,304.45,305.04
2000-05-04,,,17.25,28.03121516,,304.59,305.04
2000-05-05,,,17.25,28.03121516,,304.69,305.15
2000-05-06,,,17.25,28.03121516,,304.8,305.3
2000-05-07,,,17.25,28.03121516,,304.8,305.3
2000-05-08,,,17.25,28.03121516,,304.8,305.3
2000-05-09,,,17.25,28.03121516,,304.77,305.34
2000-05-10,,,17.25,28.00950927,,304.88,305.46
2000-05-11,,,17.25,28.00950927,,304.99,305.52
2000-05-12,,,17.25,28.00950927,,305.2,305.61
2000-05-13,,,17.25,28.00950927,,305.18,305.66
2000-05-14,,,17.25,28.00950927,,305.18,305.66
2000-05-15,,,17.25,28.00950927,,305.18,305.66
2000-05-16,,,17.25,28.00950927,,305.28,305.74
2000-05-17,,,17.25,28.00870825,,305.31,305.83
2000-05-18,,,17.25,28.00870825,,305.38,305.91
2000-05-19,,,17.25,28.00870825,,305.48,305.95
2000-05-20,,,17.25,28.00870825,,305.53,306.0
2000-05-21,,,17.25,28.00870825,,305.53,306.0
2000-05-22,,,17.25,28.00870825,,305.53,306.0
2000-05-23,,,17.25,28.00870825,,305.64,306.12
2000-05-24,,,17.25,28.00870825,,305.7,306.21
2000-05-25,,,17.25,28.00870825,,305.74,306.27
2000-05-26,,,17.25,28.00870825,,305.88,306.37
2000-05-27,,,17.25,28.00870825,,305.95,306.43
2000-05-28,,,17.25,28.00870825,,305.95,306.43
2000-05-29,,,17.25,28.00870825,,305.95,306.43
2000-05-30,,,17.25,28.00870825,,306.03,306.53
2000-05-31,27.97918352,,17.25,27.9402167,1007610.56219077,306.08,306.63
2000-06-01,,,17.25,27.9402167,,306.17,306.69
2000-06-02,,,17.25,27.9402167,,306.3,306.74
2000-06-03,,,17.25,27.9402167,,306.31,306.9
2000-06-04,,,17.25,27.9402167,,306.31,306.9
2000-06-05,,,17.25,27.9402167,,306.31,306.9
2000-06-06,,,17.25,27.9402167,,306.43,306.96
2000-06-07,,,17.25,27.95616351,,306.5,307.02
2000-06-08,,,17.5,27.95616351,,306.61,307.09
2000-06-09,,,17.5,27.95616351,,306.72,307.2
2000-06-10,,,17.5,27.95616351,,306.95,307.28
2000-06-11,,,17.5,27.95616351,,306.95,307.28
2000-06-12,,,17.5,27.95616351,,306.95,307.28
2000-06-13,,,17.5,27.95616351,,306.82,307.39
2000-06-14,,,17.5,27.95616351,,306.89,307.49
2000-06-15,,,17.75,27.95616351,,307.01,307.54
2000-06-16,,,17.75,27.95616351,,307.11,307.49
2000-06-17,,,17.75,27.95616351,,307.1,307.67
2000-06-18,,,17.75,27.95616351,,307.1,307.67
2000-06-19,,,17.75,27.95616351,,307.1,307.67
2000-06-20,,,17.75,27.95616351,,307.2,307.74
2000-06-21,,,17.75,27.91867474,,307.27,307.83
2000-06-22,,,17.75,27.91867474,,307.32,307.92
2000-06-23,,,17.75,27.91867474,,307.49,308.02
2000-06-24,,,17.75,27.91867474,,307.51,308.03
2000-06-25,,,17.75,27.91867474,,307.51,308.03
2000-06-26,,,17.75,27.91867474,,307.51,308.03
2000-06-27,,,17.75,27.91867474,,307.67,308.14
2000-06-28,,,17.75,27.89297109,,307.67,308.27
2000-06-29,,,17.75,27.89297109,,307.77,308.34
2000-06-30,28.3575006,,17.75,27.89297109,1038766.62925648,307.87,308.42
2000-07-01,,,17.75,27.89297109,,307.95,308.51
2000-07-02,,,17.75,27.89297109,,307.95,308.51
2000-07-03,,,17.75,27.89297109,,307.95,308.51
2000-07-04,,,17.75,27.89297109,,308.05,308.58
2000-07-05,,,17.75,27.89317856,,308.07,308.69
2000-07-06,,,17.75,27.89317856,,308.12,308.77
2000-07-07,,,17.75,27.89317856,,308.3,308.82
2000-07-08,,,17.75,27.89317856,,308.43,308.85
2000-07-09,,,17.75,27.89317856,,308.43,308.85
2000-07-10,,,17.75,27.89317856,,308.43,308.85
2000-07-11,,,17.75,27.89317856,,308.45,308.98
2000-07-12,,,17.75,27.60840329,,308.51,309.1
2000-07-13,,,17.75,27.60840329,,308.61,309.12
2000-07-14,,,17.75,27.60840329,,308.71,309.2
2000-07-15,,,17.75,27.60840329,,308.73,309.21
2000-07-16,,,17.75,27.60840329,,308.73,309.21
2000-07-17,,,17.75,27.60840329,,308.73,309.21
2000-07-18,,,17.75,27.60840329,,308.82,309.43
2000-07-19,,,17.75,27.60840329,,308.89,309.53
2000-07-20,,,17.75,27.60840329,,308.98,309.53
2000-07-21,,,17.75,27.60840329,,309.1,309.55
2000-07-22,,,17.75,27.60840329,,309.09,309.66
2000-07-23,,,17.75,27.60840329,,309.09,309.66
2000-07-24,,,17.75,27.60840329,,309.09,309.66
2000-07-25,,,17.75,27.60840329,,309.2,309.77
2000-07-26,,,17.75,27.5866974,,309.2,309.77
2000-07-27,,,17.75,27.5866974,,309.29,309.86
2000-07-28,,,17.75,27.5866974,,309.34,309.95
2000-07-29,,,17.75,27.5866974,,309.45,310.0
2000-07-30,,,17.75,27.5866974,,309.45,310.0
2000-07-31,28.73141832,,17.75,27.5866974,1052256.30885099,309.45,310.0
2000-08-01,,,17.75,27.5866974,,309.58,310.09
2000-08-02,,,17.75,27.5866974,,309.64,310.19
2000-08-03,,,18.0,27.5866974,,309.64,310.19
2000-08-04,,,18.0,27.5866974,,309.77,310.27
2000-08-05,,,18.0,27.5866974,,309.85,310.35
2000-08-06,,,18.0,27.5866974,,309.85,310.35
2000-08-07,,,18.0,27.5866974,,309.85,310.35
2000-08-08,,,18.0,27.5866974,,309.87,310.42
2000-08-09,,,18.0,27.5866974,,309.96,310.51
2000-08-10,,,18.0,27.5866974,,310.05,310.61
2000-08-11,,,18.0,27.5866974,,310.22,310.69
2000-08-12,,,18.0,27.5866974,,310.3,310.7
2000-08-13,,,18.0,27.5866974,,310.3,310.7
2000-08-14,,,18.0,27.5866974,,310.3,310.7
2000-08-15,,,18.0,27.5866974,,310.29,310.84
2000-08-16,,,18.0,27.5866974,,310.29,310.84
2000-08-17,,,18.0,27.5866974,,310.38,310.93
2000-08-18,,,18.0,27.5866974,,310.45,310.89
2000-08-19,,,18.0,27.5866974,,310.49,311.08
2000-08-20,,,18.0,27.5866974,,310.49,311.08
2000-08-21,,,18.0,27.5866974,,310.49,311.08
2000-08-22,,,18.0,27.5866974,,310.59,311.15
2000-08-23,,,18.0,27.5866974,,310.63,311.29
2000-08-24,,,18.0,27.5866974,,310.75,311.32
2000-08-25,,,18.0,27.5866974,,310.85,311.32
2000-08-26,,,18.0,27.5866974,,310.88,311.48
2000-08-27,,,18.0,27.5866974,,310.88,311.48
2000-08-28,,,18.0,27.5866974,,310.88,311.48
2000-08-29,,,18.0,27.5866974,,311.0,311.56
2000-08-30,,,18.0,27.5733632,,311.05,311.63
2000-08-31,28.92057219,,18.0,27.5733632,1066055.9059046,311.11,311.74
2000-09-01,,,18.0,27.5733632,,311.23,311.73
2000-09-02,,,18.0,27.5733632,,311.3,311.9
2000-09-03,,,18.0,27.5733632,,311.3,311.9
2000-09-04,,,18.0,27.5733632,,311.3,311.9
2000-09-05,,,18.0,27.5733632,,311.36,311.95
2000-09-06,,,18.0,27.83951133,,311.43,312.02
2000-09-07,,,18.0,27.83951133,,311.54,312.13
2000-09-08,,,18.0,27.83951133,,311.71,312.19
2000-09-09,,,18.0,27.83951133,,311.78,312.25
2000-09-10,,,18.0,27.83951133,,311.78,312.25
2000-09-11,,,18.0,27.83951133,,311.78,312.25
2000-09-12,,,18.0,27.83951133,,311.77,312.3
2000-09-13,,,18.0,27.84244398,,311.88,312.43
2000-09-14,,,18.0,27.84244398,,311.99,312.44
2000-09-15,,,18.0,27.84244398,,312.04,312.59
2000-09-16,,,18.0,27.84244398,,312.04,312.59
2000-09-17,,,18.0,27.84244398,,312.04,312.59
2000-09-18,,,18.0,27.84244398,,312.04,312.59
2000-09-19,,,18.0,27.84244398,,312.09,312.65
2000-09-20,,,18.0,27.84244398,,312.13,312.78
2000-09-21,,,17.0,27.84244398,,312.29,312.86
2000-09-22,,,17.0,27.84244398,,312.35,312.88
2000-09-23,,,17.0,27.84244398,,312.45,313.01
2000-09-24,,,17.0,27.84244398,,312.45,313.01
2000-09-25,,,17.0,27.84244398,,312.45,313.01
2000-09-26,,,17.0,27.84244398,,312.46,313.03
2000-09-27,,,17.0,27.86446605,,312.61,313.18
2000-09-28,,,16.25,27.86446605,,312.57,313.17
2000-09-29,,,16.25,27.86446605,,312.73,313.3
2000-09-30,29.03054689,,16.25,27.86446605,1095176.98736232,312.82,313.35
2000-10-01,,,16.25,27.86446605,,312.82,313.35
2000-10-02,,,16.25,27.86446605,,312.82,313.35
2000-10-03,,,16.25,27.86446605,,312.93,313.44
2000-10-04,,,16.25,27.89477861,,313.02,313.56
2000-10-05,,,16.0,27.89477861,,313.07,313.6
2000-10-06,,,16.0,27.89477861,,313.24,313.71
2000-10-07,,,16.0,27.89477861,,313.36,313.79
2000-10-08,,,16.0,27.89477861,,313.36,313.79
2000-10-09,,,16.0,27.89477861,,313.36,313.79
2000-10-10,,,16.0,27.89477861,,313.33,313.81
2000-10-11,,,16.0,27.89273029,,313.44,313.93
2000-10-12,,,16.0,27.89273029,,313.47,314.01
2000-10-13,,,16.0,27.89273029,,313.56,314.05
2000-10-14,,,16.0,27.89273029,,313.67,314.2
2000-10-15,,,16.0,27.89273029,,313.67,314.2
2000-10-16,,,16.0,27.89273029,,313.67,314.2
2000-10-17,,,16.0,27.89273029,,313.67,314.2
2000-10-18,,,16.0,27.89273029,,313.73,314.29
2000-10-19,,,15.75,27.89273029,,313.76,314.35
2000-10-20,,,15.75,27.89273029,,313.85,314.47
2000-10-21,,,15.75,27.89273029,,313.92,314.48
2000-10-22,,,15.75,27.89273029,,313.92,314.48
2000-10-23,,,15.75,27.89273029,,313.92,314.48
2000-10-24,,,15.75,27.89273029,,314.07,314.57
2000-10-25,,,15.75,27.89273029,,314.13,314.67
2000-10-26,,,15.75,27.89273029,,314.18,314.72
2000-10-27,,,15.75,27.89273029,,314.3,314.85
2000-10-28,,,15.75,27.89273029,,314.33,314.82
2000-10-29,,,15.75,27.89273029,,314.33,314.82
2000-10-30,,,15.75,27.89273029,,314.33,314.82
2000-10-31,29.21384428,,15.75,27.89273029,1137615.65534,314.47,315.01
2000-11-01,,,15.75,27.696652,,314.57,315.05
2000-11-02,,,15.75,27.696652,,314.63,315.13
2000-11-03,,,15.75,27.696652,,314.67,315.21
2000-11-04,,,15.75,27.696652,,314.74,315.37
2000-11-05,,,15.75,27.696652,,314.74,315.37
2000-11-06,,,15.75,27.696652,,314.74,315.37
2000-11-07,,,15.75,27.696652,,314.78,315.39
2000-11-08,,,15.75,27.696652,,314.93,315.45
2000-11-09,,,15.75,27.696652,,315.01,315.56
2000-11-10,,,15.75,27.696652,,315.09,315.65
2000-11-11,,,15.75,27.696652,,315.18,315.64
2000-11-12,,,15.75,27.696652,,315.18,315.64
2000-11-13,,,15.75,27.696652,,315.18,315.64
2000-11-14,,,15.75,27.696652,,315.26,315.82
2000-11-15,,,15.75,27.69512701,,315.32,315.8
2000-11-16,,,15.75,27.69512701,,315.42,315.97
2000-11-17,,,15.75,27.69512701,,315.47,315.98
2000-11-18,,,15.75,27.69512701,,315.51,316.05
2000-11-19,,,15.75,27.69512701,,315.51,316.05
2000-11-20,,,15.75,27.69512701,,315.51,316.05
2000-11-21,,,15.75,27.69512701,,315.62,316.16
2000-11-22,,,15.75,27.69135505,,315.66,316.22
2000-11-23,,,15.75,27.69135505,,315.78,316.31
2000-11-24,,,15.75,27.69135505,,315.9,316.39
2000-11-25,,,15.75,27.69135505,,315.89,316.5
2000-11-26,,,15.75,27.69135505,,315.89,316.5
2000-11-27,,,15.75,27.69135505,,315.89,316.5
2000-11-28,,,15.75,27.69135505,,316.05,316.62
2000-11-29,,,15.75,27.69135505,,316.07,316.67
2000-11-30,29.45579049,,15.5,27.69135505,1160137.12678247,316.24,316.79
2000-12-01,,,15.5,27.69135505,,316.28,316.85
2000-12-02,,,15.5,27.69135505,,316.34,316.91
2000-12-03,,,15.5,27.69135505,,316.34,316.91
2000-12-04,,,15.5,27.69135505,,316.34,316.91
2000-12-05,,,15.5,27.69135505,,316.43,317.02
2000-12-06,,,15.5,27.78873243,,316.52,317.05
2000-12-07,,,15.5,27.78873243,,316.65,317.19
2000-12-08,,,15.5,27.78873243,,316.71,317.21
2000-12-09,,,15.5,27.78873243,,316.76,317.29
2000-12-10,,,15.5,27.78873243,,316.76,317.29
2000-12-11,,,15.5,27.78873243,,316.76,317.29
2000-12-12,,,15.5,27.78873243,,316.91,317.4
2000-12-13,,,15.5,27.78526111,,316.92,317.44
2000-12-14,,,15.5,27.78526111,,317.12,317.54
2000-12-15,,,15.5,27.78526111,,317.06,317.59
2000-12-16,,,15.5,27.78526111,,317.12,317.63
2000-12-17,,,15.5,27.78526111,,317.12,317.63
2000-12-18,,,15.5,27.78526111,,317.12,317.63
2000-12-19,,,15.5,27.78526111,,317.24,317.8
2000-12-20,,,15.5,27.78526111,,317.33,317.87
2000-12-21,,,15.5,27.78526111,,317.45,317.96
2000-12-22,,,15.5,27.78526111,,317.49,318.0
2000-12-23,,,15.5,27.78526111,,317.54,318.08
2000-12-24,,,15.5,27.78526111,,317.54,318.08
2000-12-25,,,15.5,27.78526111,,317.54,318.08
2000-12-26,,,15.5,27.78526111,,317.54,318.08
2000-12-27,,,15.5,27.79,,317.66,318.16
2000-12-28,,,15.5,27.79,,317.7,318.31
2000-12-29,,,15.5,27.79,,317.74,318.3
2000-12-30,,,15.5,27.79,,317.74,318.3
2000-12-31,29.80037913,,15.5,27.79,1188421.42931063,317.74,318.3
2001-01-01,,,15.5,27.79,,317.74,318.3
2001-01-02,,,15.5,27.79,,317.74,318.3
2001-01-03,,,15.5,27.52179076,,317.87,318.4
2001-01-04,,,15.5,27.52179076,,317.9,318.53
2001-01-05,,,15.5,27.52179076,,318.05,318.66
2001-01-06,,,15.5,27.52179076,,318.12,318.62
2001-01-07,,,15.5,27.52179076,,318.12,318.62
2001-01-08,,,15.5,27.52179076,,318.12,318.62
2001-01-09,,,15.5,27.52179076,,318.15,318.71
2001-01-10,,,15.5,27.52179076,,318.31,318.8
2001-01-11,,,15.5,27.52179076,,318.35,318.86
2001-01-12,,,15.5,27.52179076,,318.44,318.86
2001-01-13,,,15.5,27.52179076,,318.5,319.06
2001-01-14,,,15.5,27.52179076,,318.5,319.06
2001-01-15,,,15.5,27.52179076,,318.5,319.06
2001-01-16,,,15.5,27.52179076,,318.61,319.03
2001-01-17,,,15.5,27.52179076,,318.63,319.2
2001-01-18,,,15.5,27.52179076,,318.79,319.33
2001-01-19,,,15.5,27.52179076,,318.88,319.42
2001-01-20,,,15.5,27.52179076,,318.91,319.48
2001-01-21,,,15.5,27.52179076,,318.91,319.48
2001-01-22,,,15.5,27.52179076,,318.91,319.48
2001-01-23,,,15.5,27.52179076,,319.0,319.53
2001-01-24,,,15.5,27.50558031,,319.08,319.68
2001-01-25,,,15.5,27.50558031,,319.17,319.68
2001-01-26,,,15.5,27.50558031,,319.31,319.77
2001-01-27,,,15.5,27.50558031,,319.31,319.84
2001-01-28,,,15.5,27.50558031,,319.31,319.84
2001-01-29,,,15.5,27.50558031,,319.31,319.84
2001-01-30,,,15.5,27.50558031,,319.45,319.92
2001-01-31,30.21445154,,15.5,27.50558031,1202714.163045,319.45,320.02
2001-02-01,,,15.5,27.50558031,,319.58,320.11
2001-02-02,,,15.5,27.50558031,,319.68,320.14
2001-02-03,,,15.5,27.50558031,,319.71,320.25
2001-02-04,,,15.5,27.50558031,,319.71,320.25
2001-02-05,,,15.5,27.50558031,,319.71,320.25
2001-02-06,,,15.5,27.50558031,,319.79,320.32
2001-02-07,,,15.5,27.47936568,,319.77,320.4
2001-02-08,,,15.5,27.47936568,,319.92,320.41
2001-02-09,,,15.5,27.47936568,,319.99,320.58
2001-02-10,,,15.5,27.47936568,,320.13,320.62
2001-02-11,,,15.5,27.47936568,,320.13,320.62
2001-02-12,,,15.5,27.47936568,,320.13,320.62
2001-02-13,,,15.5,27.47936568,,320.21,320.73
2001-02-14,,,15.5,27.47936568,,320.2,320.78
2001-02-15,,,15.25,27.47936568,,320.36,320.9
2001-02-16,,,15.25,27.47936568,,320.44,321.02
2001-02-17,,,15.25,27.47936568,,320.49,321.06
2001-02-18,,,15.25,27.47936568,,320.49,321.06
2001-02-19,,,15.25,27.47936568,,320.49,321.06
2001-02-20,,,15.25,27.47936568,,320.55,321.14
2001-02-21,,,15.25,27.47936568,,320.65,321.28
2001-02-22,,,15.25,27.47936568,,320.67,321.25
2001-02-23,,,15.25,27.47936568,,320.8,321.39
2001-02-24,,,15.25,27.47936568,,320.85,321.43
2001-02-25,,,15.25,27.47936568,,320.85,321.43
2001-02-26,,,15.25,27.47936568,,320.85,321.43
2001-02-27,,,15.25,27.47936568,,320.96,321.47
2001-02-28,30.56298186,,15.25,27.47910532,1223171.95495417,321.0,321.57
2001-03-01,,,15.0,27.47910532,,321.13,321.6
2001-03-02,,,15.0,27.47910532,,321.2,321.7
2001-03-03,,,15.0,27.47910532,,321.21,321.78
2001-03-04,,,15.0,27.47910532,,321.21,321.78
2001-03-05,,,15.0,27.47910532,,321.21,321.78
2001-03-06,,,15.0,27.47910532,,321.4,321.9
2001-03-07,,,15.0,27.20263957,,321.42,321.99
2001-03-08,,,15.0,27.20263957,,321.53,322.11
2001-03-09,,,15.0,27.20263957,,321.61,322.15
2001-03-10,,,15.0,27.20263957,,321.72,322.2
2001-03-11,,,15.0,27.20263957,,321.72,322.2
2001-03-12,,,15.0,27.20263957,,321.72,322.2
2001-03-13,,,15.0,27.20263957,,321.8,322.33
2001-03-14,,,15.0,27.17959152,,321.89,322.41
2001-03-15,,,15.0,27.17959152,,321.98,322.54
2001-03-16,,,15.0,27.17959152,,321.98,322.6
2001-03-17,,,15.0,27.17959152,,322.08,322.69
2001-03-18,,,15.0,27.17959152,,322.08,322.69
2001-03-19,,,15.0,27.17959152,,322.08,322.69
2001-03-20,,,15.0,27.17959152,,322.2,322.8
2001-03-21,,,15.0,27.17959152,,322.25,322.88
2001-03-22,,,15.0,27.17959152,,322.39,322.83
2001-03-23,,,15.0,27.17959152,,322.43,323.0
2001-03-24,,,15.0,27.17959152,,322.54,323.07
2001-03-25,,,15.0,27.17959152,,322.54,323.07
2001-03-26,,,15.0,27.17959152,,322.54,323.07
2001-03-27,,,15.0,27.17959152,,322.58,323.09
2001-03-28,,,15.0,27.17959152,,322.6,323.21
2001-03-29,,,15.0,27.17959152,,322.76,323.29
2001-03-30,,,15.0,27.17959152,,322.82,323.33
2001-03-31,31.08528229,,15.0,27.17959152,1232299.61460217,322.88,323.45
2001-04-01,,,15.0,27.17959152,,322.88,323.45
2001-04-02,,,15.0,27.17959152,,322.88,323.45
2001-04-03,,,15.0,27.17959152,,322.96,323.53
2001-04-04,,,15.0,27.17453872,,322.99,323.64
2001-04-05,,,15.0,27.17453872,,323.1,323.71
2001-04-06,,,15.0,27.17453872,,323.21,323.77
2001-04-07,,,15.0,27.17453872,,323.27,323.89
2001-04-08,,,15.0,27.17453872,,323.27,323.89
2001-04-09,,,15.0,27.17453872,,323.27,323.89
2001-04-10,,,15.0,27.17453872,,323.35,323.96
2001-04-11,,,15.0,27.17519555,,323.41,324.12
2001-04-12,,,15.0,27.17519555,,323.41,324.12
2001-04-13,,,15.0,27.17519555,,323.41,324.12
2001-04-14,,,15.0,27.17519555,,323.41,324.12
2001-04-15,,,15.0,27.17519555,,323.41,324.12
2001-04-16,,,15.0,27.17519555,,323.41,324.12
2001-04-17,,,15.0,27.17519555,,323.63,324.12
2001-04-18,,,15.0,27.17514945,,323.61,324.21
2001-04-19,,,15.0,27.17514945,,323.71,324.27
2001-04-20,,,15.0,27.17514945,,323.77,324.29
2001-04-21,,,15.0,27.17514945,,323.85,324.43
2001-04-22,,,15.0,27.17514945,,323.85,324.43
2001-04-23,,,15.0,27.17514945,,323.85,324.43
2001-04-24,,,15.0,27.17514945,,323.93,324.46
2001-04-25,,,15.0,27.17629051,,323.95,324.56
2001-04-26,,,15.0,27.17629051,,324.11,324.61
2001-04-27,,,15.0,27.17629051,,324.1,324.71
2001-04-28,,,15.0,27.17629051,,324.2,324.75
2001-04-29,,,15.0,27.17629051,,324.2,324.75
2001-04-30,31.47529364,,15.0,27.17629051,1223789.54428136,324.2,324.75
2001-05-01,,,15.0,27.17629051,,324.31,324.91
2001-05-02,,,15.0,27.15339441,,324.31,324.91
2001-05-03,,,15.0,27.15339441,,324.35,324.98
2001-05-04,,,15.0,27.15339441,,324.48,325.0
2001-05-05,,,15.0,27.15339441,,324.56,325.06
2001-05-06,,,15.0,27.15339441,,324.56,325.06
2001-05-07,,,15.0,27.15339441,,324.56,325.06
2001-05-08,,,15.0,27.15339441,,324.69,325.17
2001-05-09,,,15.0,27.15270586,,324.7,325.29
2001-05-10,,,14.75,27.15270586,,324.86,325.37
2001-05-11,,,14.75,27.15270586,,324.87,325.44
2001-05-12,,,14.75,27.15270586,,324.94,325.56
2001-05-13,,,14.75,27.15270586,,324.94,325.56
2001-05-14,,,14.75,27.15270586,,324.94,325.56
2001-05-15,,,14.75,27.15270586,,325.02,325.61
2001-05-16,,,14.75,27.17589943,,325.12,325.75
2001-05-17,,,14.75,27.17589943,,325.27,325.79
2001-05-18,,,14.75,27.17589943,,325.38,325.88
2001-05-19,,,14.75,27.17589943,,325.43,326.02
2001-05-20,,,14.75,27.17589943,,325.43,326.02
2001-05-21,,,14.75,27.17589943,,325.43,326.02
2001-05-22,,,14.75,27.17589943,,325.48,326.12
2001-05-23,,,14.75,27.14997093,,325.49,326.18
2001-05-24,,,14.75,27.14997093,,325.64,326.22
2001-05-25,,,14.75,27.14997093,,325.72,326.28
2001-05-26,,,14.75,27.14997093,,325.8,326.38
2001-05-27,,,14.75,27.14997093,,325.8,326.38
2001-05-28,,,14.75,27.14997093,,325.8,326.38
2001-05-29,,,14.75,27.14997093,,325.85,326.42
2001-05-30,,,14.75,26.7035554,,325.91,326.55
2001-05-31,31.69070357,,14.75,26.7035554,1253199.97825199,325.99,326.54
2001-06-01,,,14.75,26.7035554,,326.13,326.64
2001-06-02,,,14.75,26.7035554,,326.17,326.76
2001-06-03,,,14.75,26.7035554,,326.17,326.76
2001-06-04,,,14.75,26.7035554,,326.17,326.76
2001-06-05,,,14.75,26.7035554,,326.25,326.83
2001-06-06,,,14.75,26.70276639,,326.34,326.91
2001-06-07,,,14.75,26.70276639,,326.41,326.97
2001-06-08,,,14.75,26.70276639,,326.54,327.12
2001-06-09,,,14.75,26.70276639,,326.52,327.14
2001-06-10,,,14.75,26.70276639,,326.52,327.14
2001-06-11,,,14.75,26.70276639,,326.52,327.14
2001-06-12,,,14.75,26.70276639,,326.64,327.22
2001-06-13,,,14.75,26.88648379,,326.72,327.4
2001-06-14,,,14.75,26.88648379,,326.81,327.44
2001-06-15,,,14.75,26.88648379,,326.86,327.45
2001-06-16,,,14.75,26.88648379,,326.99,327.55
2001-06-17,,,14.75,26.88648379,,326.99,327.55
2001-06-18,,,14.75,26.88648379,,326.99,327.55
2001-06-19,,,14.75,26.88648379,,326.97,327.6
2001-06-20,,,14.75,26.9274776,,327.11,327.7
2001-06-21,,,14.75,26.9274776,,327.18,327.77
2001-06-22,,,14.75,26.9274776,,327.27,327.83
2001-06-23,,,14.75,26.9274776,,327.33,327.91
2001-06-24,,,14.75,26.9274776,,327.33,327.91
2001-06-25,,,14.75,26.9274776,,327.33,327.91
2001-06-26,,,14.75,26.9274776,,327.44,328.0
2001-06-27,,,14.75,26.54980421,,327.49,328.16
2001-06-28,,,14.75,26.54980421,,327.62,328.19
2001-06-29,,,14.75,26.54980421,,327.74,328.28
2001-06-30,31.77884959,,14.75,26.54980421,1282721.18968716,327.85,328.35
2001-07-01,,,14.75,26.54980421,,327.85,328.35
2001-07-02,,,14.75,26.54980421,,327.85,328.35
2001-07-03,,,14.75,26.54980421,,327.87,328.4
2001-07-04,,,14.75,26.37765151,,327.94,328.66
2001-07-05,,,14.75,26.37765151,,328.01,328.68
2001-07-06,,,14.75,26.37765151,,328.13,328.71
2001-07-07,,,14.75,26.37765151,,328.27,328.89
2001-07-08,,,14.75,26.37765151,,328.27,328.89
2001-07-09,,,14.75,26.37765151,,328.27,328.89
2001-07-10,,,14.75,26.37765151,,328.36,329.03
2001-07-11,,,14.75,26.28365211,,328.4,329.06
2001-07-12,,,14.75,26.28365211,,328.61,329.14
2001-07-13,,,14.75,26.28365211,,328.68,329.2
2001-07-14,,,14.75,26.28365211,,328.76,329.34
2001-07-15,,,14.75,26.28365211,,328.76,329.34
2001-07-16,,,14.75,26.28365211,,328.76,329.34
2001-07-17,,,14.75,26.28365211,,328.86,329.41
2001-07-18,,,14.75,26.28357127,,328.94,329.54
2001-07-19,,,14.75,26.28357127,,329.06,329.62
2001-07-20,,,14.75,26.28357127,,329.2,329.68
2001-07-21,,,14.75,26.28357127,,329.22,329.78
2001-07-22,,,14.75,26.28357127,,329.22,329.78
2001-07-23,,,14.75,26.28357127,,329.22,329.78
2001-07-24,,,14.75,26.28357127,,329.4,329.9
2001-07-25,,,14.75,26.41777421,,329.44,330.01
2001-07-26,,,14.75,26.41777421,,329.44,330.01
2001-07-27,,,14.75,26.41777421,,329.56,330.09
2001-07-28,,,14.75,26.41777421,,329.65,330.26
2001-07-29,,,14.75,26.41777421,,329.65,330.26
2001-07-30,,,14.75,26.41777421,,329.65,330.26
2001-07-31,31.97216931,,14.75,26.41777421,1300643.58805606,329.72,330.38
2001-08-01,,,14.75,26.4189521,,329.83,330.45
2001-08-02,,,14.75,26.4189521,,329.93,330.48
2001-08-03,,,14.75,26.4189521,,329.93,330.48
2001-08-04,,,14.75,26.4189521,,330.06,330.65
2001-08-05,,,14.75,26.4189521,,330.06,330.65
2001-08-06,,,14.75,26.4189521,,330.06,330.65
2001-08-07,,,14.75,26.4189521,,330.18,330.71
2001-08-08,,,14.75,26.4189521,,330.27,330.86
2001-08-09,,,14.75,26.4189521,,330.44,330.95
2001-08-10,,,14.75,26.4189521,,330.54,331.05
2001-08-11,,,14.75,26.4189521,,330.58,331.18
2001-08-12,,,14.75,26.4189521,,330.58,331.18
2001-08-13,,,14.75,26.4189521,,330.58,331.18
2001-08-14,,,14.75,26.4189521,,330.66,331.28
2001-08-15,,,14.75,26.4189521,,330.76,331.34
2001-08-16,,,14.75,26.4189521,,330.76,331.34
2001-08-17,,,14.75,26.4189521,,330.89,331.38
2001-08-18,,,14.75,26.4189521,,330.93,331.53
2001-08-19,,,14.75,26.4189521,,330.93,331.53
2001-08-20,,,14.75,26.4189521,,330.93,331.53
2001-08-21,,,14.75,26.4189521,,331.07,331.64
2001-08-22,,,14.75,26.40170644,,331.14,331.75
2001-08-23,,,15.0,26.40170644,,331.28,331.85
2001-08-24,,,15.0,26.40170644,,331.34,331.94
2001-08-25,,,15.0,26.40170644,,331.41,332.03
2001-08-26,,,15.0,26.40170644,,331.41,332.03
2001-08-27,,,15.0,26.40170644,,331.41,332.03
2001-08-28,,,15.0,26.40170644,,331.58,332.15
2001-08-29,,,15.0,26.3245908,,331.66,332.23
2001-08-30,,,14.75,26.3245908,,331.78,332.33
2001-08-31,32.22640758,,14.75,26.3245908,1329453.42948796,331.8,332.36
2001-09-01,,,14.75,26.3245908,,331.9,332.56
2001-09-02,,,14.75,26.3245908,,331.9,332.56
2001-09-03,,,14.75,26.3245908,,331.9,332.56
2001-09-04,,,14.75,26.3245908,,332.02,332.67
2001-09-05,,,14.75,26.20468565,,332.19,332.73
2001-09-06,,,15.0,26.20468565,,332.3,332.86
2001-09-07,,,15.0,26.20468565,,332.4,332.94
2001-09-08,,,15.0,26.20468565,,332.52,333.11
2001-09-09,,,15.0,26.20468565,,332.52,333.11
2001-09-10,,,15.0,26.20468565,,332.52,333.11
2001-09-11,,,15.0,26.20468565,,332.63,333.18
2001-09-12,,,15.0,26.12979797,,332.61,333.26
2001-09-13,,,15.0,26.12979797,,332.77,333.32
2001-09-14,,,15.0,26.12979797,,332.82,333.45
2001-09-15,,,15.0,26.12979797,,332.92,333.54
2001-09-16,,,15.0,26.12979797,,332.92,333.54
2001-09-17,,,15.0,26.12979797,,332.92,333.54
2001-09-18,,,15.0,26.12979797,,333.07,333.63
2001-09-19,,,15.0,26.11718814,,333.07,333.72
2001-09-20,,,15.0,26.11718814,,333.25,333.9
2001-09-21,,,15.0,26.11718814,,333.36,333.98
2001-09-22,,,15.0,26.11718814,,333.44,334.08
2001-09-23,,,15.0,26.11718814,,333.44,334.08
2001-09-24,,,15.0,26.11718814,,333.44,334.08
2001-09-25,,,15.0,26.11718814,,333.56,334.17
2001-09-26,,,15.0,26.11988756,,333.64,334.21
2001-09-27,,,15.0,26.11988756,,333.77,334.35
2001-09-28,,,15.0,26.11988756,,333.89,334.4
2001-09-29,,,15.0,26.11988756,,333.99,334.58
2001-09-30,32.42228659,,15.0,26.11988756,1359017.85957344,333.99,334.58
2001-10-01,,,15.0,26.11988756,,333.99,334.58
2001-10-02,,,15.0,26.11988756,,334.08,334.67
2001-10-03,,,15.0,26.12009655,,334.11,334.84
2001-10-04,,,15.0,26.12009655,,334.29,334.84
2001-10-05,,,15.0,26.12009655,,334.39,335.02
2001-10-06,,,15.0,26.12009655,,334.52,335.05
2001-10-07,,,15.0,26.12009655,,334.52,335.05
2001-10-08,,,15.0,26.12009655,,334.52,335.05
2001-10-09,,,15.0,26.12009655,,334.64,335.18
2001-10-10,,,15.0,25.92168252,,334.65,335.4
2001-10-11,,,15.0,25.92168252,,334.84,335.56
2001-10-12,,,15.0,25.92168252,,334.97,335.63
2001-10-13,,,15.0,25.92168252,,335.03,335.62
2001-10-14,,,15.0,25.92168252,,335.03,335.62
2001-10-15,,,15.0,25.92168252,,335.03,335.62
2001-10-16,,,15.0,25.92168252,,335.03,335.62
2001-10-17,,,15.0,25.92168252,,335.15,335.72
2001-10-18,,,15.0,25.92168252,,335.3,335.85
2001-10-19,,,15.0,25.92168252,,335.39,335.99
2001-10-20,,,15.0,25.92168252,,335.5,336.11
2001-10-21,,,15.0,25.92168252,,335.5,336.11
2001-10-22,,,15.0,25.92168252,,335.5,336.11
2001-10-23,,,15.0,25.92168252,,335.56,336.22
2001-10-24,,,15.0,25.86267483,,335.77,336.33
2001-10-25,,,15.0,25.86267483,,335.87,336.44
2001-10-26,,,15.0,25.86267483,,336.0,336.59
2001-10-27,,,15.0,25.86267483,,336.13,336.71
2001-10-28,,,15.0,25.86267483,,336.13,336.71
2001-10-29,,,15.0,25.86267483,,336.13,336.71
2001-10-30,,,15.0,25.86267483,,336.28,336.81
2001-10-31,32.41938171,,15.0,25.8574011,1393003.454441,336.38,336.96
2001-11-01,,,15.0,25.8574011,,336.47,337.1
2001-11-02,,,15.0,25.8574011,,336.6,337.16
2001-11-03,,,15.0,25.8574011,,336.74,337.28
2001-11-04,,,15.0,25.8574011,,336.74,337.28
2001-11-05,,,15.0,25.8574011,,336.74,337.28
2001-11-06,,,15.0,25.8574011,,336.81,337.46
2001-11-07,,,15.0,25.8574011,,336.96,337.59
2001-11-08,,,15.0,25.8574011,,337.13,337.69
2001-11-09,,,15.0,25.8574011,,337.26,337.78
2001-11-10,,,15.0,25.8574011,,337.34,337.95
2001-11-11,,,15.0,25.8574011,,337.34,337.95
2001-11-12,,,15.0,25.8574011,,337.34,337.95
2001-11-13,,,15.0,25.8574011,,337.42,338.05
2001-11-14,,,15.0,25.83729808,,337.61,338.14
2001-11-15,,,15.0,25.83729808,,337.67,338.26
2001-11-16,,,15.0,25.83729808,,337.83,338.36
2001-11-17,,,15.0,25.83729808,,337.91,338.52
2001-11-18,,,15.0,25.83729808,,337.91,338.52
2001-11-19,,,15.0,25.83729808,,337.91,338.52
2001-11-20,,,15.0,25.83729808,,338.04,338.61
2001-11-21,,,15.0,25.83719358,,338.22,338.84
2001-11-22,,,15.0,25.83719358,,338.34,338.85
2001-11-23,,,15.0,25.83719358,,338.5,339.06
2001-11-24,,,15.0,25.83719358,,338.53,339.15
2001-11-25,,,15.0,25.83719358,,338.53,339.15
2001-11-26,,,15.0,25.83719358,,338.53,339.15
2001-11-27,,,15.0,25.83719358,,338.66,339.26
2001-11-28,,,15.0,25.83719358,,338.81,339.43
2001-11-29,,,15.5,25.83719358,,338.93,339.5
2001-11-30,32.70765665,,15.5,25.83719358,1422555.06816203,339.15,339.56
2001-12-01,,,15.5,25.83719358,,339.2,339.74
2001-12-02,,,15.5,25.83719358,,339.2,339.74
2001-12-03,,,15.5,25.83719358,,339.2,339.74
2001-12-04,,,15.5,25.83719358,,339.24,339.83
2001-12-05,,,15.5,25.83476473,,339.35,340.0
2001-12-06,,,16.0,25.83476473,,339.51,340.09
2001-12-07,,,16.0,25.83476473,,339.62,340.21
2001-12-08,,,16.0,25.83476473,,339.76,340.27
2001-12-09,,,16.0,25.83476473,,339.76,340.27
2001-12-10,,,16.0,25.83476473,,339.76,340.27
2001-12-11,,,16.0,25.83476473,,339.89,340.41
2001-12-12,,,16.0,25.84132365,,339.94,340.58
2001-12-13,,,16.0,25.84132365,,340.12,340.6
2001-12-14,,,16.0,25.84132365,,340.2,340.76
2001-12-15,,,16.0,25.84132365,,340.28,340.88
2001-12-16,,,16.0,25.84132365,,340.28,340.88
2001-12-17,,,16.0,25.84132365,,340.28,340.88
2001-12-18,,,16.0,25.84132365,,340.49,340.98
2001-12-19,,,16.0,25.84132365,,340.48,341.12
2001-12-20,,,16.0,25.84132365,,340.68,341.23
2001-12-21,,,16.0,25.84132365,,340.83,341.38
2001-12-22,,,16.0,25.84132365,,340.92,341.53
2001-12-23,,,16.0,25.84132365,,340.92,341.53
2001-12-24,,,16.0,25.84132365,,340.92,341.53
2001-12-25,,,16.0,25.84132365,,341.13,341.61
2001-12-26,,,16.0,25.84366659,,341.13,341.61
2001-12-27,,,16.0,25.84366659,,341.13,341.79
2001-12-28,,,16.0,25.84366659,,341.29,341.86
2001-12-29,,,16.0,25.84366659,,341.4,341.94
2001-12-30,,,16.0,25.84366659,,341.4,341.94
2001-12-31,33.06532195,,16.0,25.84366659,1476669.55621051,341.4,341.94
2002-01-01,,,16.0,25.84366659,,341.4,341.94
2002-01-02,,,16.0,25.98934968,,341.4,341.94
2002-01-03,,,16.0,25.98934968,,341.42,342.03
2002-01-04,,,16.0,25.98934968,,341.65,342.25
2002-01-05,,,16.0,25.98934968,,341.78,342.38
2002-01-06,,,16.0,25.98934968,,341.78,342.38
2002-01-07,,,16.0,25.98934968,,341.78,342.38
2002-01-08,,,16.0,25.98934968,,341.87,342.47
2002-01-09,,,16.0,25.80744786,,341.94,342.62
2002-01-10,,,16.25,25.80744786,,342.1,342.74
2002-01-11,,,16.25,25.80744786,,342.15,342.79
2002-01-12,,,16.25,25.80744786,,342.36,342.94
2002-01-13,,,16.25,25.80744786,,342.36,342.94
2002-01-14,,,16.25,25.80744786,,342.36,342.94
2002-01-15,,,16.25,25.80744786,,342.49,343.09
2002-01-16,,,16.25,25.49116138,,342.56,343.27
2002-01-17,,,16.25,25.49116138,,342.75,343.4
2002-01-18,,,16.25,25.49116138,,342.89,343.51
2002-01-19,,,16.25,25.49116138,,343.07,343.71
2002-01-20,,,16.25,25.49116138,,343.07,343.71
2002-01-21,,,16.25,25.49116138,,343.07,343.71
2002-01-22,,,16.25,25.49116138,,343.2,343.82
2002-01-23,,,16.25,25.59786621,,343.21,343.99
2002-01-24,,,16.25,25.59786621,,343.46,344.13
2002-01-25,,,16.25,25.59786621,,343.59,344.23
2002-01-26,,,16.25,25.59786621,,343.74,344.35
2002-01-27,,,16.25,25.59786621,,343.74,344.35
2002-01-28,,,16.25,25.59786621,,343.74,344.35
2002-01-29,,,16.25,25.59786621,,343.8,344.47
2002-01-30,,,16.25,25.59360367,,343.93,344.66
2002-01-31,33.43545678,,16.25,25.59360367,1504498.61206315,344.14,344.79
2002-02-01,,,16.25,25.59360367,,344.21,344.85
2002-02-02,,,16.25,25.59360367,,344.34,345.02
2002-02-03,,,16.25,25.59360367,,344.34,345.02
2002-02-04,,,16.25,25.59360367,,344.34,345.02
2002-02-05,,,16.25,25.59360367,,344.59,345.13
2002-02-06,,,16.25,25.89020402,,344.65,345.3
2002-02-07,,,16.25,25.89020402,,344.8,345.49
2002-02-08,,,16.25,25.89020402,,344.99,345.62
2002-02-09,,,16.25,25.89020402,,345.06,345.75
2002-02-10,,,16.25,25.89020402,,345.06,345.75
2002-02-11,,,16.25,25.89020402,,345.06,345.75
2002-02-12,,,16.25,25.89020402,,345.2,345.76
2002-02-13,,,16.25,26.0478035,,345.31,346.05
2002-02-14,,,16.25,26.0478035,,345.5,346.16
2002-02-15,,,16.25,26.0478035,,345.62,346.24
2002-02-16,,,16.25,26.0478035,,345.78,346.42
2002-02-17,,,16.25,26.0478035,,345.78,346.42
2002-02-18,,,16.25,26.0478035,,345.78,346.42
2002-02-19,,,16.25,26.0478035,,345.93,346.64
2002-02-20,,,16.25,26.04259808,,345.97,346.65
2002-02-21,,,16.5,26.04259808,,346.21,346.86
2002-02-22,,,16.5,26.04259808,,346.37,346.97
2002-02-23,,,16.5,26.04259808,,346.48,347.09
2002-02-24,,,16.5,26.04259808,,346.48,347.09
2002-02-25,,,16.5,26.04259808,,346.48,347.09
2002-02-26,,,16.5,26.04259808,,346.6,347.29
2002-02-27,,,16.5,26.00034683,,346.74,347.41
2002-02-28,33.58518452,,16.75,26.00034683,1519548.30441519,347.01,347.57
2002-03-01,,,16.75,26.00034683,,347.06,347.73
2002-03-02,,,16.75,26.00034683,,347.2,347.79
2002-03-03,,,16.75,26.00034683,,347.2,347.79
2002-03-04,,,16.75,26.00034683,,347.2,347.79
2002-03-05,,,16.75,26.00034683,,347.35,348.03
2002-03-06,,,16.75,26.31812938,,347.52,348.21
2002-03-07,,,16.75,26.31812938,,347.62,348.32
2002-03-08,,,16.75,26.31812938,,347.72,348.52
2002-03-09,,,16.75,26.31812938,,347.91,348.61
2002-03-10,,,16.75,26.31812938,,347.91,348.61
2002-03-11,,,16.75,26.31812938,,347.91,348.61
2002-03-12,,,16.75,26.31812938,,348.09,348.78
2002-03-13,,,16.75,26.36632481,,348.15,348.88
2002-03-14,,,16.75,26.36632481,,348.35,349.0
2002-03-15,,,16.75,26.36632481,,348.55,349.17
2002-03-16,,,16.75,26.36632481,,348.68,349.26
2002-03-17,,,16.75,26.36632481,,348.68,349.26
2002-03-18,,,16.75,26.36632481,,348.68,349.26
2002-03-19,,,16.75,26.36632481,,348.75,349.44
2002-03-20,,,16.75,26.37797367,,348.87,349.54
2002-03-21,,,16.75,26.37797367,,349.12,349.68
2002-03-22,,,16.75,26.37797367,,349.23,349.78
2002-03-23,,,16.75,26.37797367,,349.39,349.91
2002-03-24,,,16.75,26.37797367,,349.39,349.91
2002-03-25,,,16.75,26.37797367,,349.39,349.91
2002-03-26,,,16.75,26.37797367,,349.54,350.11
2002-03-27,,,16.75,26.45323875,,349.63,350.26
2002-03-28,,,16.75,26.45323875,,349.81,350.39
2002-03-29,,,16.75,26.45323875,,349.81,350.39
2002-03-30,,,16.75,26.45323875,,349.81,350.39
2002-03-31,33.84766109,,16.75,26.45323875,1553621.543031,349.81,350.39
2002-04-01,,,17.0,26.45323875,,349.81,350.39
2002-04-02,,,17.0,26.45323875,,349.96,350.54
2002-04-03,,,17.0,26.6162602,,350.04,350.7
2002-04-04,,,17.0,26.6162602,,350.26,350.81
2002-04-05,,,17.0,26.6162602,,350.37,351.04
2002-04-06,,,17.0,26.6162602,,350.52,351.1
2002-04-07,,,17.0,26.6162602,,350.52,351.1
2002-04-08,,,17.0,26.6162602,,350.52,351.1
2002-04-09,,,17.0,26.6162602,,350.64,351.33
2002-04-10,,,17.0,26.62783313,,350.7,351.55
2002-04-11,,,17.0,26.62783313,,351.03,351.66
2002-04-12,,,17.25,26.62783313,,351.03,351.66
2002-04-13,,,17.25,26.62783313,,351.21,351.76
2002-04-14,,,17.25,26.62783313,,351.21,351.76
2002-04-15,,,17.25,26.62783313,,351.21,351.76
2002-04-16,,,17.25,26.62783313,,351.27,351.94
2002-04-17,,,17.25,27.0291352,,351.37,352.1
2002-04-18,,,17.25,27.0291352,,351.56,352.23
2002-04-19,,,17.25,27.0291352,,351.73,352.36
2002-04-20,,,17.25,27.0291352,,351.81,352.53
2002-04-21,,,17.25,27.0291352,,351.81,352.53
2002-04-22,,,17.25,27.0291352,,351.81,352.53
2002-04-23,,,17.25,27.0291352,,351.99,352.64
2002-04-24,,,17.25,27.02731262,,352.13,352.85
2002-04-25,,,17.25,27.02731262,,352.31,352.98
2002-04-26,,,17.25,27.02731262,,352.52,353.12
2002-04-27,,,17.25,27.02731262,,352.63,353.25
2002-04-28,,,17.25,27.02731262,,352.63,353.25
2002-04-29,,,17.25,27.02731262,,352.63,353.25
2002-04-30,33.90666484,,17.25,27.02731262,1571919.07167656,352.82,353.46
2002-05-01,,,17.25,27.04713207,,352.93,353.58
2002-05-02,,,17.25,27.04713207,,352.93,353.58
2002-05-03,,,17.25,27.04713207,,353.06,353.7
2002-05-04,,,17.25,27.04713207,,353.14,353.85
2002-05-05,,,17.25,27.04713207,,353.14,353.85
2002-05-06,,,17.25,27.04713207,,353.14,353.85
2002-05-07,,,17.25,27.04713207,,353.39,353.98
2002-05-08,,,17.25,27.04713207,,353.5,354.22
2002-05-09,,,17.25,27.04713207,,353.66,354.31
2002-05-10,,,17.25,27.04713207,,353.67,354.47
2002-05-11,,,17.25,27.04713207,,353.86,354.58
2002-05-12,,,17.25,27.04713207,,353.86,354.58
2002-05-13,,,17.25,27.04713207,,353.86,354.58
2002-05-14,,,17.25,27.04713207,,354.11,354.7
2002-05-15,,,17.25,26.93323783,,354.29,354.86
2002-05-16,,,17.25,26.93323783,,354.45,355.02
2002-05-17,,,17.25,26.93323783,,354.53,355.24
2002-05-18,,,17.25,26.93323783,,354.64,355.43
2002-05-19,,,17.25,26.93323783,,354.64,355.43
2002-05-20,,,17.25,26.93323783,,354.64,355.43
2002-05-21,,,17.25,26.93323783,,354.86,355.57
2002-05-22,,,17.25,26.9334262,,354.88,355.67
2002-05-23,,,17.25,26.9334262,,355.23,355.74
2002-05-24,,,17.25,26.9334262,,355.44,355.96
2002-05-25,,,17.25,26.9334262,,355.52,356.11
2002-05-26,,,17.25,26.9334262,,355.52,356.11
2002-05-27,,,17.25,26.9334262,,355.52,356.11
2002-05-28,,,17.25,26.9334262,,355.62,356.35
2002-05-29,,,17.25,26.91778373,,355.79,356.41
2002-05-30,,,17.25,26.91778373,,356.04,356.52
2002-05-31,34.11932867,,17.25,26.91778373,1603087.306529,356.09,356.74
2002-06-01,,,17.25,26.91778373,,356.19,356.86
2002-06-02,,,17.25,26.91778373,,356.19,356.86
2002-06-03,,,17.25,26.91778373,,356.19,356.86
2002-06-04,,,17.25,26.91778373,,356.37,356.98
2002-06-05,,,17.25,26.91778373,,356.38,357.19
2002-06-06,,,17.25,26.91778373,,356.67,357.22
2002-06-07,,,17.25,26.91778373,,356.8,357.44
2002-06-08,,,17.25,26.91778373,,356.91,357.61
2002-06-09,,,17.25,26.91778373,,356.91,357.61
2002-06-10,,,17.25,26.91778373,,356.91,357.61
2002-06-11,,,17.25,26.91778373,,357.14,357.75
2002-06-12,,,17.25,26.85899846,,357.25,357.87
2002-06-13,,,17.25,26.85899846,,357.42,358.02
2002-06-14,,,17.25,26.85899846,,357.53,358.12
2002-06-15,,,17.25,26.85899846,,357.66,358.33
2002-06-16,,,17.25,26.85899846,,357.66,358.33
2002-06-17,,,17.25,26.85899846,,357.66,358.33
2002-06-18,,,17.25,26.85899846,,357.76,358.5
2002-06-19,,,17.25,26.90223902,,357.96,358.71
2002-06-20,,,17.25,26.90223902,,358.2,358.76
2002-06-21,,,17.25,26.90223902,,358.31,359.0
2002-06-22,,,17.25,26.90223902,,358.47,359.06
2002-06-23,,,17.25,26.90223902,,358.47,359.06
2002-06-24,,,17.25,26.90223902,,358.47,359.06
2002-06-25,,,17.25,26.90223902,,358.59,359.35
2002-06-26,,,17.25,26.92044623,,358.78,359.39
2002-06-27,,,17.25,26.92044623,,358.92,359.63
2002-06-28,,,17.25,26.92044623,,359.0,359.77
2002-06-29,,,17.25,26.92044623,,359.23,359.79
2002-06-30,34.33654132,,17.25,26.92044623,1624740.17075,359.23,359.79
2002-07-01,,,17.25,26.92044623,,359.23,359.79
2002-07-02,,,17.25,26.92044623,,359.29,359.98
2002-07-03,,,17.25,26.90311934,,359.4,360.28
2002-07-04,,,17.25,26.90311934,,359.68,360.35
2002-07-05,,,17.25,26.90311934,,359.78,360.52
2002-07-06,,,17.25,26.90311934,,359.93,360.64
2002-07-07,,,17.25,26.90311934,,359.93,360.64
2002-07-08,,,17.25,26.90311934,,359.93,360.64
2002-07-09,,,17.25,26.90311934,,360.1,360.87
2002-07-10,,,17.25,26.90714596,,360.28,360.86
2002-07-11,,,17.25,26.90714596,,360.45,360.99
2002-07-12,,,17.25,26.90714596,,360.44,361.15
2002-07-13,,,17.25,26.90714596,,360.72,361.33
2002-07-14,,,17.25,26.90714596,,360.72,361.33
2002-07-15,,,17.25,26.90714596,,360.72,361.33
2002-07-16,,,17.25,26.90714596,,360.83,361.55
2002-07-17,,,17.25,26.91687475,,360.93,361.67
2002-07-18,,,17.5,26.91687475,,361.14,361.86
2002-07-19,,,17.5,26.91687475,,361.29,361.96
2002-07-20,,,17.5,26.91687475,,361.4,362.11
2002-07-21,,,17.5,26.91687475,,361.4,362.11
2002-07-22,,,17.5,26.91687475,,361.4,362.11
2002-07-23,,,17.5,26.91687475,,361.59,362.29
2002-07-24,,,17.5,26.93643536,,361.66,362.46
2002-07-25,,,17.5,26.93643536,,361.82,362.52
2002-07-26,,,17.5,26.93643536,,361.82,362.52
2002-07-27,,,17.5,26.93643536,,362.1,362.76
2002-07-28,,,17.5,26.93643536,,362.1,362.76
2002-07-29,,,17.5,26.93643536,,362.1,362.76
2002-07-30,,,17.5,26.93643536,,362.16,362.82
2002-07-31,34.84010477,,17.5,26.91587112,1649748.26361,362.32,363.08
2002-08-01,,,17.5,26.91587112,,362.48,363.16
2002-08-02,,,17.5,26.91587112,,362.6,363.26
2002-08-03,,,17.5,26.91587112,,362.6,363.26
2002-08-04,,,17.5,26.91587112,,362.6,363.26
2002-08-05,,,17.5,26.91587112,,362.6,363.26
2002-08-06,,,17.5,26.91587112,,362.88,363.55
2002-08-07,,,17.5,26.91773477,,362.95,363.64
2002-08-08,,,17.5,26.91773477,,363.14,363.71
2002-08-09,,,17.5,26.91773477,,363.25,363.91
2002-08-10,,,17.5,26.91773477,,363.43,364.1
2002-08-11,,,17.5,26.91773477,,363.43,364.1
2002-08-12,,,17.5,26.91773477,,363.43,364.1
2002-08-13,,,17.5,26.91773477,,363.53,364.24
2002-08-14,,,17.5,26.92517206,,363.68,364.39
2002-08-15,,,17.5,26.92517206,,363.86,364.47
2002-08-16,,,17.5,26.92517206,,363.86,364.47
2002-08-17,,,17.5,26.92517206,,363.97,364.71
2002-08-18,,,17.5,26.92517206,,363.97,364.71
2002-08-19,,,17.5,26.92517206,,363.97,364.71
2002-08-20,,,17.5,26.92517206,,364.13,364.83
2002-08-21,,,17.5,26.92517206,,364.24,364.98
2002-08-22,,,17.5,26.92517206,,364.47,365.09
2002-08-23,,,17.5,26.92517206,,364.58,365.33
2002-08-24,,,17.5,26.92517206,,364.76,365.45
2002-08-25,,,17.5,26.92517206,,364.76,365.45
2002-08-26,,,17.5,26.92517206,,364.76,365.45
2002-08-27,,,17.5,26.92517206,,364.94,365.55
2002-08-28,,,17.5,27.08159731,,365.07,365.73
2002-08-29,,,17.5,27.08159731,,365.26,365.88
2002-08-30,,,17.5,27.08159731,,365.4,366.02
2002-08-31,35.25300027,,17.5,27.08159731,1672262.628746,365.48,366.11
2002-09-01,,,17.5,27.08159731,,365.48,366.11
2002-09-02,,,17.5,27.08159731,,365.48,366.11
2002-09-03,,,17.5,27.08159731,,365.63,366.34
2002-09-04,,,17.5,27.08469576,,365.68,366.52
2002-09-05,,,17.5,27.08469576,,365.95,366.65
2002-09-06,,,17.5,27.08469576,,366.23,366.76
2002-09-07,,,17.5,27.08469576,,366.23,366.95
2002-09-08,,,17.5,27.08469576,,366.23,366.95
2002-09-09,,,17.5,27.08469576,,366.23,366.95
2002-09-10,,,17.5,27.08469576,,366.39,367.11
2002-09-11,,,17.5,27.09273437,,366.54,367.29
2002-09-12,,,17.5,27.09273437,,366.69,367.37
2002-09-13,,,17.5,27.09273437,,366.93,367.5
2002-09-14,,,17.5,27.09273437,,367.02,367.63
2002-09-15,,,17.5,27.09273437,,367.02,367.63
2002-09-16,,,17.5,27.09273437,,367.02,367.63
2002-09-17,,,17.5,27.09273437,,367.16,367.81
2002-09-18,,,17.5,27.09273437,,367.23,368.03
2002-09-19,,,17.5,27.09273437,,367.44,368.2
2002-09-20,,,17.5,27.09273437,,367.64,368.29
2002-09-21,,,17.5,27.09273437,,367.72,368.36
2002-09-22,,,17.5,27.09273437,,367.72,368.36
2002-09-23,,,17.5,27.09273437,,367.72,368.36
2002-09-24,,,17.5,27.09273437,,367.91,368.56
2002-09-25,,,17.5,27.0912969,,368.07,368.8
2002-09-26,,,17.5,27.0912969,,368.24,368.92
2002-09-27,,,17.5,27.0912969,,368.38,368.98
2002-09-28,,,17.5,27.0912969,,368.57,369.12
2002-09-29,,,17.5,27.0912969,,368.57,369.12
2002-09-30,35.39304195,,17.5,27.0912969,1701711.629485,368.57,369.12
2002-10-01,,,17.5,27.0912969,,368.6,369.33
2002-10-02,,,17.5,27.23976495,,368.84,369.42
2002-10-03,,,17.5,27.23976495,,369.0,369.61
2002-10-04,,,17.5,27.23976495,,369.05,369.72
2002-10-05,,,17.5,27.23976495,,369.15,369.87
2002-10-06,,,17.5,27.23976495,,369.15,369.87
2002-10-07,,,17.5,27.23976495,,369.15,369.87
2002-10-08,,,17.5,27.23976495,,369.36,370.07
2002-10-09,,,17.5,27.23976495,,369.43,370.17
2002-10-10,,,17.5,27.23976495,,369.73,370.36
2002-10-11,,,17.5,27.23976495,,369.73,370.45
2002-10-12,,,17.5,27.23976495,,369.96,370.55
2002-10-13,,,17.5,27.23976495,,369.96,370.55
2002-10-14,,,17.5,27.23976495,,369.96,370.55
2002-10-15,,,17.5,27.23976495,,370.08,370.77
2002-10-16,,,17.5,27.85266384,,370.19,371.03
2002-10-17,,,17.5,27.85266384,,370.31,371.02
2002-10-18,,,17.5,27.85266384,,370.56,371.21
2002-10-19,,,17.5,27.85266384,,370.71,371.39
2002-10-20,,,17.5,27.85266384,,370.71,371.39
2002-10-21,,,17.5,27.85266384,,370.71,371.39
2002-10-22,,,17.5,27.85266384,,370.86,371.57
2002-10-23,,,17.5,27.45195281,,370.94,371.73
2002-10-24,,,17.5,27.45195281,,371.17,371.82
2002-10-25,,,17.5,27.45195281,,371.38,371.93
2002-10-26,,,17.5,27.45195281,,371.51,372.11
2002-10-27,,,17.5,27.45195281,,371.51,372.11
2002-10-28,,,17.5,27.45195281,,371.51,372.11
2002-10-29,,,17.5,27.45195281,,371.65,372.27
2002-10-30,,,17.5,27.60859626,,371.78,372.52
2002-10-31,35.6259279,,17.5,27.60859626,1744047.725422,371.95,372.54
2002-11-01,,,17.5,27.60859626,,372.03,372.7
2002-11-02,,,17.5,27.60859626,,372.19,372.86
2002-11-03,,,17.5,27.60859626,,372.19,372.86
2002-11-04,,,17.5,27.60859626,,372.19,372.86
2002-11-05,,,17.5,27.60859626,,372.39,373.11
2002-11-06,,,17.5,27.42610057,,372.46,373.26
2002-11-07,,,17.5,27.42610057,,372.68,373.36
2002-11-08,,,17.5,27.42610057,,372.82,373.48
2002-11-09,,,17.5,27.42610057,,373.01,373.62
2002-11-10,,,17.5,27.42610057,,373.01,373.62
2002-11-11,,,17.5,27.42610057,,373.01,373.62
2002-11-12,,,17.5,27.42610057,,373.14,373.77
2002-11-13,,,17.5,27.43038829,,373.27,373.94
2002-11-14,,,17.5,27.43038829,,373.42,374.12
2002-11-15,,,17.5,27.43038829,,373.63,374.28
2002-11-16,,,17.5,27.43038829,,373.72,374.38
2002-11-17,,,17.5,27.43038829,,373.72,374.38
2002-11-18,,,17.5,27.43038829,,373.72,374.38
2002-11-19,,,17.5,27.43038829,,373.82,374.53
2002-11-20,,,17.5,27.36474877,,373.96,374.76
2002-11-21,,,17.5,27.36474877,,374.21,374.88
2002-11-22,,,17.5,27.36474877,,374.29,374.93
2002-11-23,,,17.5,27.36474877,,374.5,375.16
2002-11-24,,,17.5,27.36474877,,374.5,375.16
2002-11-25,,,17.5,27.36474877,,374.5,375.16
2002-11-26,,,17.5,27.36474877,,374.66,375.3
2002-11-27,,,17.5,27.36924536,,374.84,375.5
2002-11-28,,,17.5,27.36924536,,374.99,375.59
2002-11-29,,,17.5,27.36924536,,375.2,375.77
2002-11-30,35.9939331,,17.5,27.36924536,1776368.225298,375.22,375.88
2002-12-01,,,17.5,27.36924536,,375.22,375.88
2002-12-02,,,17.5,27.36924536,,375.22,375.88
2002-12-03,,,17.5,27.36924536,,375.46,376.03
2002-12-04,,,17.5,27.36861782,,375.43,376.27
2002-12-05,,,17.5,27.36861782,,375.67,376.32
2002-12-06,,,17.5,27.36861782,,375.89,376.58
2002-12-07,,,17.5,27.36861782,,375.97,376.68
2002-12-08,,,17.5,27.36861782,,375.97,376.68
2002-12-09,,,17.5,27.36861782,,375.97,376.68
2002-12-10,,,17.5,27.36861782,,376.2,376.88
2002-12-11,,,17.5,27.37104455,,376.36,377.07
2002-12-12,,,17.5,27.37104455,,376.56,377.2
2002-12-13,,,17.5,27.37104455,,376.65,377.38
2002-12-14,,,17.5,27.37104455,,376.85,377.45
2002-12-15,,,17.5,27.37104455,,376.85,377.45
2002-12-16,,,17.5,27.37104455,,376.85,377.45
2002-12-17,,,17.5,27.37104455,,377.0,377.68
2002-12-18,,,17.5,27.37244373,,377.15,377.89
2002-12-19,,,17.5,27.37244373,,377.52,378.02
2002-12-20,,,17.5,27.37244373,,377.47,378.19
2002-12-21,,,17.5,27.37244373,,377.67,378.26
2002-12-22,,,17.5,27.37244373,,377.67,378.26
2002-12-23,,,17.5,27.37244373,,377.67,378.26
2002-12-24,,,17.5,27.37244373,,377.77,378.51
2002-12-25,,,17.5,27.37436542,,377.98,378.7
2002-12-26,,,17.5,27.37436542,,377.98,378.7
2002-12-27,,,17.5,27.37436542,,378.14,378.75
2002-12-28,,,17.5,27.37436542,,378.39,379.05
2002-12-29,,,17.5,27.37436542,,378.39,379.05
2002-12-30,,,17.5,27.37436542,,378.39,379.05
2002-12-31,36.26702044,,17.5,27.37436542,1793509.126864,378.39,379.05
2003-01-01,,,17.5,27.13,,378.39,379.05
2003-01-02,,,17.5,27.13,,378.39,379.05
2003-01-03,,,17.5,27.13,,378.49,379.11
2003-01-04,,,17.5,27.13,,378.6,379.31
2003-01-05,,,17.5,27.13,,378.6,379.31
2003-01-06,,,17.5,27.13,,378.6,379.31
2003-01-07,,,17.5,27.13,,378.8,379.43
2003-01-08,,,17.5,27.37,,378.85,379.6
2003-01-09,,,17.5,27.37,,379.11,379.69
2003-01-10,,,17.5,27.37,,379.24,379.83
2003-01-11,,,17.5,27.37,,379.35,379.99
2003-01-12,,,17.5,27.37,,379.35,379.99
2003-01-13,,,17.5,27.37,,379.35,379.99
2003-01-14,,,17.5,27.37,,379.58,380.23
2003-01-15,,,17.5,27.46,,379.7,380.33
2003-01-16,,,17.5,27.46,,379.88,380.54
2003-01-17,,,17.5,27.46,,379.94,380.71
2003-01-18,,,17.5,27.46,,380.23,380.86
2003-01-19,,,17.5,27.46,,380.23,380.86
2003-01-20,,,17.5,27.46,,380.23,380.86
2003-01-21,,,17.5,27.46,,380.41,381.05
2003-01-22,,,17.5,27.4,,380.49,381.18
2003-01-23,,,17.5,27.4,,380.82,381.39
2003-01-24,,,17.5,27.4,,380.93,381.52
2003-01-25,,,17.5,27.4,,381.0,381.66
2003-01-26,,,17.5,27.4,,381.0,381.66
2003-01-27,,,17.5,27.4,,381.0,381.66
2003-01-28,,,17.5,27.4,,381.28,381.81
2003-01-29,,,17.5,27.53,,381.33,382.02
2003-01-30,,,17.5,27.53,,381.49,382.08
2003-01-31,36.5019613,,17.5,27.53,1833701.96016,381.72,382.33
2003-02-01,,,17.5,27.53,,381.73,382.42
2003-02-02,,,17.5,27.53,,381.73,382.42
2003-02-03,,,17.5,27.53,,381.73,382.42
2003-02-04,,,17.5,27.53,,382.04,382.65
2003-02-05,,,17.5,27.63,,382.01,382.78
2003-02-06,,,17.25,27.63,,382.28,382.93
2003-02-07,,,17.25,27.63,,382.51,383.16
2003-02-08,,,17.25,27.63,,382.52,383.27
2003-02-09,,,17.25,27.63,,382.52,383.27
2003-02-10,,,17.25,27.63,,382.52,383.27
2003-02-11,,,17.25,27.63,,382.8,383.39
2003-02-12,,,17.25,27.61,,382.79,383.54
2003-02-13,,,17.25,27.61,,383.09,383.74
2003-02-14,,,17.25,27.61,,383.19,383.9
2003-02-15,,,17.25,27.61,,383.36,384.11
2003-02-16,,,17.25,27.61,,383.36,384.11
2003-02-17,,,17.25,27.61,,383.36,384.11
2003-02-18,,,17.25,27.61,,383.49,384.24
2003-02-19,,,17.25,27.78,,383.6,384.37
2003-02-20,,,17.25,27.78,,383.91,384.56
2003-02-21,,,17.25,27.78,,384.12,384.72
2003-02-22,,,17.25,27.78,,384.21,384.89
2003-02-23,,,17.25,27.78,,384.21,384.89
2003-02-24,,,17.25,27.78,,384.21,384.89
2003-02-25,,,17.25,27.78,,384.46,385.06
2003-02-26,,,17.25,27.78,,384.5,385.3
2003-02-27,,,17.25,27.78,,384.78,385.34
2003-02-28,36.79867068,,17.25,27.78,1867020.578234,384.89,385.55
2003-03-01,,,17.25,27.78,,385.06,385.59
2003-03-02,,,17.25,27.78,,385.06,385.59
2003-03-03,,,17.25,27.78,,385.06,385.59
2003-03-04,,,17.25,27.78,,385.11,385.87
2003-03-05,,,17.25,27.78,,385.23,386.02
2003-03-06,,,17.25,27.78,,385.48,386.22
2003-03-07,,,17.25,27.78,,385.71,386.31
2003-03-08,,,17.25,27.78,,385.82,386.54
2003-03-09,,,17.25,27.78,,385.82,386.54
2003-03-10,,,17.25,27.78,,385.82,386.54
2003-03-11,,,17.25,27.78,,385.9,386.65
2003-03-12,,,17.25,27.85,,386.02,386.82
2003-03-13,,,17.25,27.85,,386.29,386.97
2003-03-14,,,17.25,27.85,,386.42,387.14
2003-03-15,,,17.25,27.85,,386.6,387.3
2003-03-16,,,17.25,27.85,,386.6,387.3
2003-03-17,,,17.25,27.85,,386.6,387.3
2003-03-18,,,17.25,27.85,,386.73,387.44
2003-03-19,,,17.25,27.85,,386.77,387.6
2003-03-20,,,17.0,27.85,,387.1,387.79
2003-03-21,,,17.0,27.85,,387.24,387.98
2003-03-22,,,17.0,27.85,,387.38,388.03
2003-03-23,,,17.0,27.85,,387.38,388.03
2003-03-24,,,17.0,27.85,,387.38,388.03
2003-03-25,,,17.0,27.85,,387.58,388.31
2003-03-26,,,17.0,28.08,,387.66,388.39
2003-03-27,,,16.75,28.08,,387.91,388.58
2003-03-28,,,16.75,28.08,,388.04,388.73
2003-03-29,,,16.75,28.08,,388.22,388.83
2003-03-30,,,16.75,28.08,,388.22,388.83
2003-03-31,37.03689939,,16.75,28.08,1872623.934475,388.22,388.83
2003-04-01,,,16.75,28.08,,388.41,389.01
2003-04-02,,,16.75,27.79,,388.46,389.12
2003-04-03,,,16.75,27.79,,388.7,389.34
2003-04-04,,,16.75,27.79,,388.92,389.61
2003-04-05,,,16.75,27.79,,389.06,389.67
2003-04-06,,,16.75,27.79,,389.06,389.67
2003-04-07,,,16.75,27.79,,389.06,389.67
2003-04-08,,,16.75,27.79,,389.16,389.9
2003-04-09,,,16.75,27.82,,389.2,389.97
2003-04-10,,,16.75,27.82,,389.34,390.19
2003-04-11,,,16.75,27.82,,389.59,390.3
2003-04-12,,,16.75,27.82,,389.59,390.3
2003-04-13,,,16.75,27.82,,389.59,390.3
2003-04-14,,,16.75,27.82,,389.59,390.3
2003-04-15,,,16.75,27.82,,389.8,390.48
2003-04-16,,,16.75,27.76,,389.78,390.69
2003-04-17,,,16.75,27.76,,390.1,390.82
2003-04-18,,,16.75,27.76,,390.1,390.82
2003-04-19,,,16.75,27.76,,390.1,390.82
2003-04-20,,,16.75,27.76,,390.1,390.82
2003-04-21,,,16.75,27.76,,390.1,390.82
2003-04-22,,,16.75,27.76,,390.35,391.02
2003-04-23,,,16.75,27.72,,390.4,391.17
2003-04-24,,,16.75,27.72,,390.54,391.26
2003-04-25,,,16.75,27.72,,390.81,391.55
2003-04-26,,,16.75,27.72,,390.92,391.62
2003-04-27,,,16.75,27.72,,390.92,391.62
2003-04-28,,,16.75,27.72,,390.92,391.62
2003-04-29,,,16.75,27.72,,391.09,391.8
2003-04-30,37.39346251,,16.75,27.77,1889132.681235,391.1,391.99
2003-05-01,,,16.75,27.77,,391.37,392.02
2003-05-02,,,16.75,27.77,,391.37,392.02
2003-05-03,,,16.75,27.77,,391.6,392.24
2003-05-04,,,16.75,27.77,,391.6,392.24
2003-05-05,,,16.75,27.77,,391.6,392.24
2003-05-06,,,16.75,27.77,,391.56,392.47
2003-05-07,,,16.75,27.63,,391.79,392.6
2003-05-08,,,16.75,27.63,,391.98,392.74
2003-05-09,,,16.75,27.63,,392.24,392.87
2003-05-10,,,16.75,27.63,,392.36,393.09
2003-05-11,,,16.75,27.63,,392.36,393.09
2003-05-12,,,16.75,27.63,,392.36,393.09
2003-05-13,,,16.75,27.63,,392.49,393.23
2003-05-14,,,16.75,27.63,,392.63,393.43
2003-05-15,,,16.75,27.63,,392.86,393.52
2003-05-16,,,16.75,27.63,,392.96,393.73
2003-05-17,,,16.75,27.63,,393.1,393.77
2003-05-18,,,16.75,27.63,,393.1,393.77
2003-05-19,,,16.75,27.63,,393.1,393.77
2003-05-20,,,16.75,27.63,,393.22,394.05
2003-05-21,,,16.75,27.51,,393.45,394.17
2003-05-22,,,16.5,27.51,,393.59,394.34
2003-05-23,,,16.5,27.51,,393.98,394.47
2003-05-24,,,16.5,27.51,,393.99,394.61
2003-05-25,,,16.5,27.51,,393.99,394.61
2003-05-26,,,16.5,27.51,,393.99,394.61
2003-05-27,,,16.5,27.51,,394.19,394.84
2003-05-28,,,16.5,27.43,,394.18,394.94
2003-05-29,,,16.0,27.43,,394.43,395.13
2003-05-30,,,16.0,27.43,,394.52,395.25
2003-05-31,37.5897058,,16.0,27.43,1915200.083359,394.76,395.44
2003-06-01,,,16.0,27.43,,394.76,395.44
2003-06-02,,,16.0,27.43,,394.76,395.44
2003-06-03,,,16.0,27.43,,394.76,395.54
2003-06-04,,,16.0,27.33,,394.89,395.8
2003-06-05,,,16.0,27.33,,395.15,395.84
2003-06-06,,,16.0,27.33,,395.32,396.1
2003-06-07,,,16.0,27.33,,395.49,396.25
2003-06-08,,,16.0,27.33,,395.49,396.25
2003-06-09,,,16.0,27.33,,395.49,396.25
2003-06-10,,,16.0,27.33,,395.87,396.39
2003-06-11,,,16.0,27.06,,395.79,396.67
2003-06-12,,,16.0,27.06,,396.01,396.72
2003-06-13,,,16.0,27.06,,396.19,396.89
2003-06-14,,,16.0,27.06,,396.3,397.07
2003-06-15,,,16.0,27.06,,396.3,397.07
2003-06-16,,,16.0,27.06,,396.3,397.07
2003-06-17,,,16.0,27.06,,396.45,397.2
2003-06-18,,,16.0,26.94,,396.56,397.39
2003-06-19,,,16.0,26.94,,396.83,397.48
2003-06-20,,,16.0,26.94,,396.85,397.66
2003-06-21,,,16.0,26.94,,397.05,397.8
2003-06-22,,,16.0,26.94,,397.05,397.8
2003-06-23,,,16.0,26.94,,397.05,397.8
2003-06-24,,,16.0,26.94,,397.41,398.07
2003-06-25,,,16.0,27.05,,397.39,398.15
2003-06-26,,,15.75,27.05,,397.68,398.3
2003-06-27,,,15.75,27.05,,397.83,398.53
2003-06-28,,,15.75,27.05,,397.91,398.59
2003-06-29,,,15.75,27.05,,397.91,398.59
2003-06-30,37.84156225,,15.75,27.05,1915375.35154,397.91,398.59
2003-07-01,,,15.75,27.05,,398.13,398.78
2003-07-02,,,15.75,25.48,,398.21,398.95
2003-07-03,,,15.75,25.48,,398.38,399.19
2003-07-04,,,15.75,25.48,,398.59,399.33
2003-07-05,,,15.75,25.48,,398.77,399.46
2003-07-06,,,15.75,25.48,,398.77,399.46
2003-07-07,,,15.75,25.48,,398.77,399.46
2003-07-08,,,15.75,25.48,,399.09,399.61
2003-07-09,,,15.75,25.88,,398.96,399.85
2003-07-10,,,15.75,25.88,,399.3,399.95
2003-07-11,,,15.75,25.88,,399.46,400.02
2003-07-12,,,15.75,25.88,,399.52,400.25
2003-07-13,,,15.75,25.88,,399.52,400.25
2003-07-14,,,15.75,25.88,,399.52,400.25
2003-07-15,,,15.75,25.88,,399.71,400.42
2003-07-16,,,15.75,25.89,,399.74,400.48
2003-07-17,,,15.5,25.89,,400.0,400.71
2003-07-18,,,15.5,25.89,,400.16,400.95
2003-07-19,,,15.5,25.89,,400.41,401.06
2003-07-20,,,15.5,25.89,,400.41,401.06
2003-07-21,,,15.5,25.89,,400.41,401.06
2003-07-22,,,15.5,25.89,,400.5,401.3
2003-07-23,,,15.5,25.82,,400.56,401.38
2003-07-24,,,15.5,25.82,,400.81,401.58
2003-07-25,,,15.5,25.82,,401.01,401.66
2003-07-26,,,15.5,25.82,,401.01,401.66
2003-07-27,,,15.5,25.82,,401.01,401.66
2003-07-28,,,15.5,25.82,,401.01,401.66
2003-07-29,,,15.5,25.82,,401.2,401.92
2003-07-30,,,15.5,25.83,,401.28,402.1
2003-07-31,38.1451649,,15.5,25.83,1949910.833335,401.42,402.22
2003-08-01,,,15.5,25.83,,401.6,402.32
2003-08-02,,,15.5,25.83,,401.75,402.43
2003-08-03,,,15.5,25.83,,401.75,402.43
2003-08-04,,,15.5,25.83,,401.75,402.43
2003-08-05,,,15.5,25.83,,401.91,402.69
2003-08-06,,,15.5,25.8,,402.0,402.8
2003-08-07,,,15.25,25.8,,402.07,403.0
2003-08-08,,,15.25,25.8,,402.34,403.23
2003-08-09,,,15.25,25.8,,402.45,403.39
2003-08-10,,,15.25,25.8,,402.45,403.39
2003-08-11,,,15.25,25.8,,402.45,403.39
2003-08-12,,,15.25,25.8,,402.64,403.64
2003-08-13,,,15.25,25.76,,402.7,403.75
2003-08-14,,,15.0,25.76,,402.97,403.94
2003-08-15,,,15.0,25.76,,402.99,404.1
2003-08-16,,,15.0,25.76,,402.99,404.1
2003-08-17,,,15.0,25.76,,402.99,404.1
2003-08-18,,,15.0,25.76,,402.99,404.1
2003-08-19,,,15.0,25.76,,403.26,404.18
2003-08-20,,,15.0,25.73,,403.24,404.49
2003-08-21,,,14.75,25.73,,403.53,404.55
2003-08-22,,,14.75,25.73,,403.76,404.76
2003-08-23,,,14.75,25.73,,403.83,404.85
2003-08-24,,,14.75,25.73,,403.83,404.85
2003-08-25,,,14.75,25.73,,403.83,404.85
2003-08-26,,,14.75,25.73,,404.15,405.02
2003-08-27,,,14.75,25.38,,404.07,405.2
2003-08-28,,,14.75,25.38,,404.37,405.33
2003-08-29,,,14.75,25.38,,404.37,405.47
2003-08-30,,,14.75,25.38,,404.53,405.55
2003-08-31,38.30342984,,14.75,25.38,1959655.323435,404.53,405.55
2003-09-01,,,14.75,25.38,,404.53,405.55
2003-09-02,,,14.75,25.38,,404.86,405.82
2003-09-03,,,14.75,25.14,,404.76,406.06
2003-09-04,,,14.75,25.14,,405.09,406.18
2003-09-05,,,14.75,25.14,,405.35,406.36
2003-09-06,,,14.75,25.14,,405.38,406.43
2003-09-07,,,14.75,25.14,,405.38,406.43
2003-09-08,,,14.75,25.14,,405.38,406.43
2003-09-09,,,14.75,25.14,,405.65,406.71
2003-09-10,,,14.75,25.08,,405.63,406.86
2003-09-11,,,14.75,25.08,,405.89,406.96
2003-09-12,,,14.75,25.08,,406.02,407.02
2003-09-13,,,14.75,25.08,,406.12,407.37
2003-09-14,,,14.75,25.08,,406.12,407.37
2003-09-15,,,14.75,25.08,,406.12,407.37
2003-09-16,,,14.75,25.08,,406.12,407.37
2003-09-17,,,14.75,24.95,,406.35,407.49
2003-09-18,,,14.5,24.95,,406.44,407.6
2003-09-19,,,14.5,24.95,,406.62,407.71
2003-09-20,,,14.5,24.95,,406.87,407.87
2003-09-21,,,14.5,24.95,,406.87,407.87
2003-09-22,,,14.5,24.95,,406.87,407.87
2003-09-23,,,14.5,24.95,,406.86,408.14
2003-09-24,,,14.5,24.86,,407.03,408.25
2003-09-25,,,14.5,24.86,,407.32,408.43
2003-09-26,,,14.5,24.86,,407.43,408.59
2003-09-27,,,14.5,24.86,,407.63,408.56
2003-09-28,,,14.5,24.86,,407.63,408.56
2003-09-29,,,14.5,24.86,,407.63,408.56
2003-09-30,38.35348542,,14.5,24.86,1997160.56235,407.77,408.88
2003-10-01,,,14.5,24.96,,407.99,409.03
2003-10-02,,,14.5,24.96,,408.04,409.2
2003-10-03,,,14.5,24.96,,408.13,409.48
2003-10-04,,,14.5,24.96,,408.45,409.54
2003-10-05,,,14.5,24.96,,408.45,409.54
2003-10-06,,,14.5,24.96,,408.45,409.54
2003-10-07,,,14.5,24.96,,408.54,409.74
2003-10-08,,,14.5,24.95,,408.66,409.76
2003-10-09,,,14.25,24.95,,408.87,410.02
2003-10-10,,,14.25,24.95,,409.12,410.19
2003-10-11,,,14.25,24.95,,409.15,410.29
2003-10-12,,,14.25,24.95,,409.15,410.29
2003-10-13,,,14.25,24.95,,409.15,410.29
2003-10-14,,,14.25,24.95,,409.34,410.46
2003-10-15,,,14.25,24.55,,409.34,410.69
2003-10-16,,,14.0,24.55,,409.74,410.86
2003-10-17,,,14.0,24.55,,409.71,411.1
2003-10-18,,,14.0,24.55,,409.92,411.19
2003-10-19,,,14.0,24.55,,409.92,411.19
2003-10-20,,,14.0,24.55,,409.92,411.19
2003-10-21,,,14.0,24.55,,410.3,411.41
2003-10-22,,,14.0,24.42,,410.19,411.56
2003-10-23,,,14.0,24.42,,410.49,411.69
2003-10-24,,,14.0,24.42,,410.73,411.82
2003-10-25,,,14.0,24.42,,410.87,412.0
2003-10-26,,,14.0,24.42,,410.87,412.0
2003-10-27,,,14.0,24.42,,410.87,412.0
2003-10-28,,,14.0,24.42,,411.05,412.12
2003-10-29,,,14.0,24.06,,411.07,412.34
2003-10-30,,,14.0,24.06,,411.18,412.43
2003-10-31,38.80101539,,14.0,24.06,2026857.66187,411.48,412.54
2003-11-01,,,14.0,24.06,,411.48,412.82
2003-11-02,,,14.0,24.06,,411.48,412.82
2003-11-03,,,14.0,24.06,,411.48,412.82
2003-11-04,,,14.0,24.06,,411.75,412.91
2003-11-05,,,14.0,23.88,,411.71,413.26
2003-11-06,,,14.0,23.88,,412.07,413.12
2003-11-07,,,14.0,23.88,,412.19,413.46
2003-11-08,,,14.0,23.88,,412.62,413.61
2003-11-09,,,14.0,23.88,,412.62,413.61
2003-11-10,,,14.0,23.88,,412.62,413.61
2003-11-11,,,14.0,23.88,,412.57,413.93
2003-11-12,,,14.0,23.88,,412.65,414.11
2003-11-13,,,14.0,23.88,,412.88,414.08
2003-11-14,,,14.0,23.88,,413.08,414.21
2003-11-15,,,14.0,23.88,,413.21,414.42
2003-11-16,,,14.0,23.88,,413.21,414.42
2003-11-17,,,14.0,23.88,,413.21,414.42
2003-11-18,,,14.0,23.88,,413.48,414.67
2003-11-19,,,14.0,23.88,,413.48,414.74
2003-11-20,,,13.75,23.88,,413.71,414.92
2003-11-21,,,13.75,23.88,,413.88,414.98
2003-11-22,,,13.75,23.88,,413.99,415.23
2003-11-23,,,13.75,23.88,,413.99,415.23
2003-11-24,,,13.75,23.88,,413.99,415.23
2003-11-25,,,13.75,23.88,,414.32,415.51
2003-11-26,,,13.75,23.73,,414.34,415.54
2003-11-27,,,13.75,23.73,,414.55,415.67
2003-11-28,,,13.75,23.73,,414.7,415.9
2003-11-29,,,13.75,23.73,,414.86,415.97
2003-11-30,39.35207513,,13.75,23.73,2074131.12222553,414.86,415.97
2003-12-01,,,13.75,23.73,,414.86,415.97
2003-12-02,,,13.75,23.73,,415.07,416.18
2003-12-03,,,13.75,24.19,,415.09,416.53
2003-12-04,,,13.75,24.19,,415.24,416.51
2003-12-05,,,13.75,24.19,,415.45,416.6
2003-12-06,,,13.75,24.19,,415.7,416.77
2003-12-07,,,13.75,24.19,,415.7,416.77
2003-12-08,,,13.75,24.19,,415.7,416.77
2003-12-09,,,13.75,24.19,,415.72,416.98
2003-12-10,,,13.75,24.12,,415.88,417.28
2003-12-11,,,13.75,24.12,,416.29,417.33
2003-12-12,,,13.75,24.12,,416.23,417.43
2003-12-13,,,13.75,24.12,,416.47,417.65
2003-12-14,,,13.75,24.12,,416.47,417.65
2003-12-15,,,13.75,24.12,,416.47,417.65
2003-12-16,,,13.75,24.12,,416.59,417.76
2003-12-17,,,13.75,23.67,,416.72,418.07
2003-12-18,,,13.75,23.67,,416.92,418.08
2003-12-19,,,13.75,23.67,,417.08,418.26
2003-12-20,,,13.75,23.67,,417.15,418.36
2003-12-21,,,13.75,23.67,,417.15,418.36
2003-12-22,,,13.75,23.67,,417.15,418.36
2003-12-23,,,13.75,23.67,,417.48,418.55
2003-12-24,,,13.75,23.67,,417.44,418.74
2003-12-25,,,13.75,23.67,,417.65,418.89
2003-12-26,,,13.75,23.67,,417.65,418.89
2003-12-27,,,13.75,23.67,,418.04,419.01
2003-12-28,,,13.75,23.67,,418.04,419.01
2003-12-29,,,13.75,23.67,,418.04,419.01
2003-12-30,,,13.75,23.67,,418.04,419.01
2003-12-31,39.84580307,,13.75,23.67,2159049.59977692,418.04,419.01
2004-01-01,,,13.75,23.67,,418.04,419.01
2004-01-02,,,13.75,23.67,,418.04,419.01
2004-01-03,,,13.75,23.67,,418.12,419.45
2004-01-04,,,13.75,23.67,,418.12,419.45
2004-01-05,,,13.75,23.67,,418.12,419.45
2004-01-06,,,13.75,23.67,,418.13,419.52
2004-01-07,,,13.75,23.65,,418.3,419.54
2004-01-08,,,13.75,23.65,,418.46,419.62
2004-01-09,,,13.75,23.65,,418.54,419.78
2004-01-10,,,13.75,23.65,,418.76,419.87
2004-01-11,,,13.75,23.65,,418.76,419.87
2004-01-12,,,13.75,23.65,,418.76,419.87
2004-01-13,,,13.75,23.65,,418.81,420.08
2004-01-14,,,13.75,23.67,,418.86,420.13
2004-01-15,,,13.75,23.67,,419.2,420.35
2004-01-16,,,13.75,23.67,,419.3,420.59
2004-01-17,,,13.75,23.67,,419.51,420.67
2004-01-18,,,13.75,23.67,,419.51,420.67
2004-01-19,,,13.75,23.67,,419.51,420.67
2004-01-20,,,13.75,23.67,,419.68,420.98
2004-01-21,,,13.75,23.63,,419.68,421.09
2004-01-22,,,13.75,23.63,,419.99,421.21
2004-01-23,,,13.75,23.63,,420.27,421.26
2004-01-24,,,13.75,23.63,,420.25,421.53
2004-01-25,,,13.75,23.63,,420.25,421.53
2004-01-26,,,13.75,23.63,,420.25,421.53
2004-01-27,,,13.75,23.63,,420.44,421.67
2004-01-28,,,13.75,23.6,,420.44,421.78
2004-01-29,,,13.5,23.6,,420.73,422.0
2004-01-30,,,13.5,23.6,,420.73,422.14
2004-01-31,40.5241454,,13.5,23.6,2154981.46679759,421.04,422.28
2004-02-01,,,13.5,23.6,,421.04,422.28
2004-02-02,,,13.5,23.6,,421.04,422.28
2004-02-03,,,13.5,23.6,,421.22,422.39
2004-02-04,,,13.5,23.44,,421.08,422.55
2004-02-05,,,13.5,23.44,,421.43,422.69
2004-02-06,,,13.5,23.44,,421.71,422.92
2004-02-07,,,13.5,23.44,,421.75,422.93
2004-02-08,,,13.5,23.44,,421.75,422.93
2004-02-09,,,13.5,23.44,,421.75,422.93
2004-02-10,,,13.5,23.44,,421.88,423.21
2004-02-11,,,13.5,23.44,,421.98,423.35
2004-02-12,,,13.5,23.44,,422.16,423.52
2004-02-13,,,13.5,23.44,,422.23,423.4
2004-02-14,,,13.5,23.44,,422.47,423.74
2004-02-15,,,13.5,23.44,,422.47,423.74
2004-02-16,,,13.5,23.44,,422.47,423.74
2004-02-17,,,13.5,23.44,,422.6,424.0
2004-02-18,,,13.5,23.44,,422.57,424.1
2004-02-19,,,13.5,23.44,,422.92,424.21
2004-02-20,,,13.5,23.44,,422.98,424.28
2004-02-21,,,13.5,23.44,,423.13,424.35
2004-02-22,,,13.5,23.44,,423.13,424.35
2004-02-23,,,13.5,23.44,,423.13,424.35
2004-02-24,,,13.5,23.44,,423.38,424.58
2004-02-25,,,13.5,23.5,,423.4,425.01
2004-02-26,,,13.5,23.5,,423.68,424.84
2004-02-27,,,13.5,23.5,,423.82,425.08
2004-02-28,,,13.5,23.5,,423.94,425.21
2004-02-29,41.04794031,,13.5,23.5,2160925.95957866,423.94,425.21
2004-03-01,,,13.5,23.5,,423.94,425.21
2004-03-02,,,13.5,23.5,,424.2,425.36
2004-03-03,,,13.5,23.32,,424.11,425.52
2004-03-04,,,13.5,23.32,,424.48,425.68
2004-03-05,,,13.5,23.32,,424.53,425.82
2004-03-06,,,13.5,23.32,,424.71,425.97
2004-03-07,,,13.5,23.32,,424.71,425.97
2004-03-08,,,13.5,23.32,,424.71,425.97
2004-03-09,,,13.5,23.32,,424.89,426.15
2004-03-10,,,13.5,23.32,,424.89,426.34
2004-03-11,,,13.5,23.32,,425.1,426.28
2004-03-12,,,13.5,23.32,,425.43,426.72
2004-03-13,,,13.5,23.32,,425.41,426.69
2004-03-14,,,13.5,23.32,,425.41,426.69
2004-03-15,,,13.5,23.32,,425.41,426.69
2004-03-16,,,13.5,23.32,,425.71,426.93
2004-03-17,,,13.5,23.18,,425.72,427.03
2004-03-18,,,13.5,23.18,,425.85,427.21
2004-03-19,,,13.5,23.18,,426.11,427.37
2004-03-20,,,13.5,23.18,,426.22,427.51
2004-03-21,,,13.5,23.18,,426.22,427.51
2004-03-22,,,13.5,23.18,,426.22,427.51
2004-03-23,,,13.5,23.18,,426.36,427.59
2004-03-24,,,13.5,23.19,,426.36,427.76
2004-03-25,,,13.5,23.19,,426.64,427.89
2004-03-26,,,13.5,23.19,,426.99,428.01
2004-03-27,,,13.5,23.19,,427.0,428.13
2004-03-28,,,13.5,23.19,,427.0,428.13
2004-03-29,,,13.5,23.19,,427.0,428.13
2004-03-30,,,13.5,23.19,,427.19,428.35
2004-03-31,41.23743978,,13.5,23.18,2193634.9842172,427.15,428.5
2004-04-01,,,13.5,23.18,,427.39,428.73
2004-04-02,,,13.5,23.18,,427.57,428.73
2004-04-03,,,13.5,23.18,,427.7,428.9
2004-04-04,,,13.5,23.18,,427.7,428.9
2004-04-05,,,13.5,23.18,,427.7,428.9
2004-04-06,,,13.5,23.18,,427.84,429.1
2004-04-07,,,13.5,23.19,,427.83,429.22
2004-04-08,,,13.5,23.19,,428.11,429.35
2004-04-09,,,13.5,23.19,,428.11,429.35
2004-04-10,,,13.5,23.19,,428.11,429.35
2004-04-11,,,13.5,23.19,,428.11,429.35
2004-04-12,,,13.5,23.19,,428.11,429.35
2004-04-13,,,13.5,23.19,,428.5,429.28
2004-04-14,,,13.5,23.18,,428.32,429.68
2004-04-15,,,13.5,23.18,,428.64,429.87
2004-04-16,,,13.5,23.18,,428.72,430.1
2004-04-17,,,13.5,23.18,,428.94,430.1
2004-04-18,,,13.5,23.18,,428.94,430.1
2004-04-19,,,13.5,23.18,,428.94,430.1
2004-04-20,,,13.5,23.18,,429.13,430.3
2004-04-21,,,13.5,23.18,,429.13,430.5
2004-04-22,,,13.5,23.18,,429.46,430.72
2004-04-23,,,13.5,23.18,,429.33,430.61
2004-04-24,,,13.5,23.18,,429.7,430.95
2004-04-25,,,13.5,23.18,,429.7,430.95
2004-04-26,,,13.5,23.18,,429.7,430.95
2004-04-27,,,13.5,23.18,,430.0,431.0
2004-04-28,,,13.5,23.19,,429.75,431.34
2004-04-29,,,13.5,23.19,,429.99,431.45
2004-04-30,41.61420634,,13.5,23.19,2247880.66884598,430.36,431.58
2004-05-01,,,13.5,23.19,,430.33,431.62
2004-05-02,,,13.5,23.19,,430.33,431.62
2004-05-03,,,13.5,23.19,,430.33,431.62
2004-05-04,,,13.5,23.19,,430.57,431.81
2004-05-05,,,13.5,23.24,,430.52,431.92
2004-05-06,,,13.5,23.24,,430.77,432.22
2004-05-07,,,13.5,23.24,,430.97,432.27
2004-05-08,,,13.5,23.24,,431.18,432.42
2004-05-09,,,13.5,23.24,,431.18,432.42
2004-05-10,,,13.5,23.24,,431.18,432.42
2004-05-11,,,13.5,23.24,,431.32,432.43
2004-05-12,,,13.5,23.24,,431.36,432.73
2004-05-13,,,13.5,23.24,,431.63,432.81
2004-05-14,,,13.5,23.24,,431.79,433.0
2004-05-15,,,13.5,23.24,,431.92,432.97
2004-05-16,,,13.5,23.24,,431.92,432.97
2004-05-17,,,13.5,23.24,,431.92,432.97
2004-05-18,,,13.5,23.24,,432.12,433.18
2004-05-19,,,13.5,23.24,,432.18,433.56
2004-05-20,,,13.5,23.24,,432.38,433.48
2004-05-21,,,13.5,23.24,,432.46,433.73
2004-05-22,,,13.5,23.24,,432.6,433.89
2004-05-23,,,13.5,23.24,,432.6,433.89
2004-05-24,,,13.5,23.24,,432.6,433.89
2004-05-25,,,13.5,23.24,,433.04,434.08
2004-05-26,,,13.5,23.24,,432.87,434.24
2004-05-27,,,13.5,23.24,,433.1,434.27
2004-05-28,,,13.5,23.24,,433.2,434.56
2004-05-29,,,13.5,23.24,,433.43,434.73
2004-05-30,,,13.5,23.24,,433.43,434.73
2004-05-31,41.8932529,,13.5,23.24,2274311.59073348,433.43,434.73
2004-06-01,,,13.5,23.24,,433.64,434.83
2004-06-02,,,13.5,23.75,,433.52,434.98
2004-06-03,,,13.5,23.75,,433.8,435.06
2004-06-04,,,13.5,23.75,,434.03,435.08
2004-06-05,,,13.5,23.75,,434.04,435.51
2004-06-06,,,13.5,23.75,,434.04,435.51
2004-06-07,,,13.5,23.75,,434.04,435.51
2004-06-08,,,13.5,23.75,,434.22,435.62
2004-06-09,,,13.5,23.27,,434.26,435.7
2004-06-10,,,13.5,23.27,,434.43,436.02
2004-06-11,,,13.5,23.27,,434.67,435.99
2004-06-12,,,13.5,23.27,,434.85,436.22
2004-06-13,,,13.5,23.27,,434.85,436.22
2004-06-14,,,13.5,23.27,,434.85,436.22
2004-06-15,,,13.5,23.27,,435.04,436.36
2004-06-16,,,13.5,23.77,,435.06,436.68
2004-06-17,,,13.75,23.77,,435.27,436.7
2004-06-18,,,13.75,23.77,,435.46,436.69
2004-06-19,,,13.75,23.77,,435.53,436.8
2004-06-20,,,13.75,23.77,,435.53,436.8
2004-06-21,,,13.75,23.77,,435.53,436.8
2004-06-22,,,13.75,23.77,,435.82,437.06
2004-06-23,,,13.75,23.77,,435.79,437.39
2004-06-24,,,13.75,23.77,,436.14,437.4
2004-06-25,,,13.75,23.77,,436.23,437.51
2004-06-26,,,13.75,23.77,,436.41,437.54
2004-06-27,,,13.75,23.77,,436.41,437.54
2004-06-28,,,13.75,23.77,,436.41,437.54
2004-06-29,,,13.75,23.77,,436.55,437.92
2004-06-30,42.33991421,,13.75,23.77,2301675.48105897,436.61,438.01
2004-07-01,,,13.75,23.77,,436.8,438.15
2004-07-02,,,13.75,23.77,,436.96,438.28
2004-07-03,,,13.75,23.77,,437.04,438.44
2004-07-04,,,13.75,23.77,,437.04,438.44
2004-07-05,,,13.75,23.77,,437.04,438.44
2004-07-06,,,13.75,23.77,,437.22,438.47
2004-07-07,,,13.75,23.67,,437.14,438.84
2004-07-08,,,13.75,23.67,,437.48,438.89
2004-07-09,,,13.75,23.67,,437.75,439.09
2004-07-10,,,13.75,23.67,,437.81,439.04
2004-07-11,,,13.75,23.67,,437.81,439.04
2004-07-12,,,13.75,23.67,,437.81,439.04
2004-07-13,,,13.75,23.67,,437.94,439.07
2004-07-14,,,13.75,23.67,,437.97,439.51
2004-07-15,,,13.75,23.67,,438.31,439.58
2004-07-16,,,13.75,23.67,,438.46,439.76
2004-07-17,,,13.75,23.67,,438.53,439.99
2004-07-18,,,13.75,23.67,,438.53,439.99
2004-07-19,,,13.75,23.67,,438.53,439.99
2004-07-20,,,13.75,23.67,,438.72,440.08
2004-07-21,,,13.75,23.68,,438.68,440.27
2004-07-22,,,13.75,23.68,,438.91,440.25
2004-07-23,,,13.75,23.68,,439.2,440.57
2004-07-24,,,13.75,23.68,,439.53,440.68
2004-07-25,,,13.75,23.68,,439.53,440.68
2004-07-26,,,13.75,23.68,,439.53,440.68
2004-07-27,,,13.75,23.68,,439.46,440.96
2004-07-28,,,13.75,23.66,,439.51,441.09
2004-07-29,,,13.75,23.66,,439.79,441.15
2004-07-30,,,13.75,23.66,,440.05,441.21
2004-07-31,42.88893773,,13.75,23.66,2322337.10410841,440.05,441.35
2004-08-01,,,13.75,23.66,,440.05,441.35
2004-08-02,,,13.75,23.66,,440.05,441.35
2004-08-03,,,13.75,23.66,,440.05,441.35
2004-08-04,,,13.75,23.21,,440.28,441.54
2004-08-05,,,13.75,23.21,,440.31,442.14
2004-08-06,,,13.75,23.21,,440.49,441.79
2004-08-07,,,13.75,23.21,,440.71,442.23
2004-08-08,,,13.75,23.21,,440.71,442.23
2004-08-09,,,13.75,23.21,,440.71,442.23
2004-08-10,,,13.75,23.21,,440.85,442.4
2004-08-11,,,13.75,23.01,,440.99,442.67
2004-08-12,,,14.0,23.01,,441.06,442.71
2004-08-13,,,14.0,23.01,,441.47,442.83
2004-08-14,,,14.0,23.01,,441.64,442.56
2004-08-15,,,14.0,23.01,,441.64,442.56
2004-08-16,,,14.0,23.01,,441.64,442.56
2004-08-17,,,14.0,23.01,,441.73,443.21
2004-08-18,,,14.0,23.24,,441.92,443.46
2004-08-19,,,14.0,23.24,,442.1,443.54
2004-08-20,,,14.0,23.24,,442.22,443.72
2004-08-21,,,14.0,23.24,,442.42,443.75
2004-08-22,,,14.0,23.24,,442.42,443.75
2004-08-23,,,14.0,23.24,,442.42,443.75
2004-08-24,,,14.0,23.24,,442.55,444.03
2004-08-25,,,14.0,23.27,,442.73,444.41
2004-08-26,,,14.0,23.27,,442.98,444.37
2004-08-27,,,14.0,23.27,,443.1,444.55
2004-08-28,,,14.0,23.27,,443.3,444.65
2004-08-29,,,14.0,23.27,,443.3,444.65
2004-08-30,,,14.0,23.27,,443.3,444.65
2004-08-31,43.30342111,,14.0,23.27,2374805.52310834,443.41,444.9
2004-09-01,,,14.0,23.39,,443.46,445.11
2004-09-02,,,14.0,23.39,,443.73,445.17
2004-09-03,,,14.0,23.39,,443.9,445.41
2004-09-04,,,14.0,23.39,,443.92,445.67
2004-09-05,,,14.0,23.39,,443.92,445.67
2004-09-06,,,14.0,23.39,,443.92,445.67
2004-09-07,,,14.0,23.39,,444.16,445.52
2004-09-08,,,14.0,23.54,,444.22,446.04
2004-09-09,,,14.25,23.54,,444.73,446.09
2004-09-10,,,14.25,23.54,,445.17,446.25
2004-09-11,,,14.25,23.54,,444.92,446.4
2004-09-12,,,14.25,23.54,,444.92,446.4
2004-09-13,,,14.25,23.54,,444.92,446.4
2004-09-14,,,14.25,23.54,,445.08,446.57
2004-09-15,,,14.25,23.48,,445.14,446.71
2004-09-16,,,14.25,23.48,,445.14,446.71
2004-09-17,,,14.25,23.48,,445.55,446.87
2004-09-18,,,14.25,23.48,,445.64,447.0
2004-09-19,,,14.25,23.48,,445.64,447.0
2004-09-20,,,14.25,23.48,,445.64,447.0
2004-09-21,,,14.25,23.48,,445.73,447.17
2004-09-22,,,14.25,23.52,,445.84,447.3
2004-09-23,,,14.25,23.52,,446.0,447.53
2004-09-24,,,14.25,23.52,,446.12,447.77
2004-09-25,,,14.25,23.52,,446.29,447.89
2004-09-26,,,14.25,23.52,,446.29,447.89
2004-09-27,,,14.25,23.52,,446.29,447.89
2004-09-28,,,14.25,23.52,,446.53,448.05
2004-09-29,,,14.25,23.52,,446.62,448.22
2004-09-30,43.63967805,,14.25,23.52,2429148.14281361,446.98,448.32
2004-10-01,,,14.25,23.52,,447.24,448.47
2004-10-02,,,14.25,23.52,,447.4,448.63
2004-10-03,,,14.25,23.52,,447.4,448.63
2004-10-04,,,14.25,23.52,,447.4,448.63
2004-10-05,,,14.25,23.52,,447.45,448.95
2004-10-06,,,14.25,23.72,,447.44,448.99
2004-10-07,,,14.25,23.72,,447.78,449.28
2004-10-08,,,14.25,23.72,,447.98,449.43
2004-10-09,,,14.25,23.72,,448.24,449.61
2004-10-10,,,14.25,23.72,,448.24,449.61
2004-10-11,,,14.25,23.72,,448.24,449.61
2004-10-12,,,14.25,23.72,,448.28,449.83
2004-10-13,,,14.25,23.72,,448.36,450.07
2004-10-14,,,14.25,23.72,,448.54,450.14
2004-10-15,,,14.25,23.72,,448.92,450.3
2004-10-16,,,14.25,23.72,,449.05,450.42
2004-10-17,,,14.25,23.72,,449.05,450.42
2004-10-18,,,14.25,23.72,,449.05,450.42
2004-10-19,,,14.25,23.72,,449.05,450.42
2004-10-20,,,14.25,23.72,,449.38,450.66
2004-10-21,,,14.25,23.72,,449.38,450.86
2004-10-22,,,14.25,23.72,,449.47,450.87
2004-10-23,,,14.25,23.72,,449.72,451.29
2004-10-24,,,14.25,23.72,,449.72,451.29
2004-10-25,,,14.25,23.72,,449.72,451.29
2004-10-26,,,14.25,23.72,,449.99,451.35
2004-10-27,,,14.25,23.73,,449.96,451.57
2004-10-28,,,14.25,23.73,,450.21,451.66
2004-10-29,,,14.25,23.73,,450.49,451.78
2004-10-30,,,14.25,23.73,,450.73,451.87
2004-10-31,43.96722967,,14.25,23.73,2466376.43045801,450.73,451.87
2004-11-01,,,14.25,23.73,,450.73,451.87
2004-11-02,,,14.25,23.73,,450.69,451.92
2004-11-03,,,14.25,23.51,,450.63,452.46
2004-11-04,,,14.25,23.51,,451.03,452.47
2004-11-05,,,14.25,23.51,,451.06,452.49
2004-11-06,,,14.25,23.51,,451.38,452.87
2004-11-07,,,14.25,23.51,,451.38,452.87
2004-11-08,,,14.25,23.51,,451.38,452.87
2004-11-09,,,14.25,23.51,,451.54,452.95
2004-11-10,,,14.25,23.51,,451.73,453.34
2004-11-11,,,14.25,23.51,,451.77,453.4
2004-11-12,,,14.25,23.51,,452.06,453.69
2004-11-13,,,14.25,23.51,,452.18,453.68
2004-11-14,,,14.25,23.51,,452.18,453.68
2004-11-15,,,14.25,23.51,,452.18,453.68
2004-11-16,,,14.25,23.51,,452.39,453.93
2004-11-17,,,14.25,23.51,,452.69,454.2
2004-11-18,,,14.25,23.51,,452.87,454.35
2004-11-19,,,14.25,23.51,,452.85,454.36
2004-11-20,,,14.25,23.51,,453.15,454.59
2004-11-21,,,14.25,23.51,,453.15,454.59
2004-11-22,,,14.25,23.51,,453.15,454.59
2004-11-23,,,14.25,23.51,,453.37,454.69
2004-11-24,,,14.25,23.44,,453.38,454.95
2004-11-25,,,14.25,23.44,,453.58,455.21
2004-11-26,,,14.25,23.44,,453.97,455.36
2004-11-27,,,14.25,23.44,,454.17,455.34
2004-11-28,,,14.25,23.44,,454.17,455.34
2004-11-29,,,14.25,23.44,,454.17,455.34
2004-11-30,44.58240241,,14.25,23.44,2500683.2885,454.27,455.58
2004-12-01,,,14.25,23.44,,454.25,455.88
2004-12-02,,,14.25,23.44,,454.47,455.84
2004-12-03,,,14.25,23.44,,454.82,456.28
2004-12-04,,,14.25,23.44,,454.82,455.85
2004-12-05,,,14.25,23.44,,454.82,455.85
2004-12-06,,,14.25,23.44,,454.82,455.85
2004-12-07,,,14.25,23.44,,455.02,456.49
2004-12-08,,,14.25,23.44,,454.96,456.78
2004-12-09,,,14.25,23.44,,455.42,456.77
2004-12-10,,,14.25,23.44,,455.51,457.07
2004-12-11,,,14.25,23.44,,455.47,457.2
2004-12-12,,,14.25,23.44,,455.47,457.2
2004-12-13,,,14.25,23.44,,455.47,457.2
2004-12-14,,,14.25,23.44,,455.81,457.44
2004-12-15,,,14.25,23.29,,455.71,457.52
2004-12-16,,,14.25,23.29,,456.14,457.68
2004-12-17,,,14.25,23.29,,456.2,457.87
2004-12-18,,,14.25,23.29,,456.54,457.87
2004-12-19,,,14.25,23.29,,456.54,457.87
2004-12-20,,,14.25,23.29,,456.54,457.87
2004-12-21,,,14.25,23.29,,456.69,458.28
2004-12-22,,,14.25,23.29,,456.39,458.42
2004-12-23,,,14.25,23.29,,456.96,458.52
2004-12-24,,,14.25,23.29,,457.06,458.64
2004-12-25,,,14.25,23.29,,457.23,458.97
2004-12-26,,,14.25,23.29,,457.23,458.97
2004-12-27,,,14.25,23.29,,457.23,458.97
2004-12-28,,,14.25,23.29,,457.58,459.16
2004-12-29,,,14.25,23.29,,456.86,459.37
2004-12-30,,,14.25,23.29,,457.68,459.51
2004-12-31,45.07713911,,14.25,23.29,2565432.17224801,457.58,459.64
2005-01-01,,,14.25,23.29,,457.58,459.64
2005-01-02,,,14.25,23.29,,457.58,459.64
2005-01-03,,,14.25,23.29,,457.58,459.64
2005-01-04,,,14.25,23.29,,458.02,459.99
2005-01-05,,,14.25,23.79,,457.84,460.09
2005-01-06,,,14.25,23.79,,458.32,460.09
2005-01-07,,,14.25,23.79,,458.96,460.14
2005-01-08,,,14.25,23.79,,458.81,460.4
2005-01-09,,,14.25,23.79,,458.81,460.4
2005-01-10,,,14.25,23.79,,458.81,460.4
2005-01-11,,,14.25,23.79,,459.11,460.48
2005-01-12,,,14.25,23.79,,458.76,460.85
2005-01-13,,,14.25,23.79,,459.36,460.93
2005-01-14,,,14.25,23.79,,459.4,461.15
2005-01-15,,,14.25,23.79,,459.69,461.27
2005-01-16,,,14.25,23.79,,459.69,461.27
2005-01-17,,,14.25,23.79,,459.69,461.27
2005-01-18,,,14.25,23.79,,459.87,461.5
2005-01-19,,,14.25,23.79,,459.63,461.46
2005-01-20,,,14.25,23.79,,460.16,461.77
2005-01-21,,,14.25,23.79,,460.22,461.87
2005-01-22,,,14.25,23.79,,460.4,461.93
2005-01-23,,,14.25,23.79,,460.4,461.93
2005-01-24,,,14.25,23.79,,460.4,461.93
2005-01-25,,,14.25,23.79,,460.59,462.03
2005-01-26,,,14.25,23.86,,460.27,462.5
2005-01-27,,,14.5,23.86,,460.85,462.33
2005-01-28,,,14.5,23.86,,461.13,462.46
2005-01-29,,,14.5,23.86,,461.06,462.48
2005-01-30,,,14.5,23.86,,461.06,462.48
2005-01-31,45.96091576,,14.5,23.86,2585409.57093949,461.06,462.48
2005-02-01,,,14.5,23.86,,461.3,463.17
2005-02-02,,,14.5,23.51,,461.13,463.06
2005-02-03,,,14.75,23.51,,461.7,463.15
2005-02-04,,,14.75,23.51,,461.75,463.77
2005-02-05,,,14.75,23.51,,461.84,463.56
2005-02-06,,,14.75,23.51,,461.84,463.56
2005-02-07,,,14.75,23.51,,461.84,463.56
2005-02-08,,,14.75,23.51,,461.98,463.26
2005-02-09,,,14.75,23.61,,461.74,464.0
2005-02-10,,,14.75,23.61,,462.33,463.97
2005-02-11,,,14.75,23.61,,462.89,464.32
2005-02-12,,,14.75,23.61,,462.66,464.19
2005-02-13,,,14.75,23.61,,462.66,464.19
2005-02-14,,,14.75,23.61,,462.66,464.19
2005-02-15,,,14.75,23.61,,462.99,464.61
2005-02-16,,,14.75,23.61,,462.79,464.37
2005-02-17,,,14.75,23.61,,463.1,464.89
2005-02-18,,,14.75,23.61,,463.26,464.59
2005-02-19,,,14.75,23.61,,463.38,465.06
2005-02-20,,,14.75,23.61,,463.38,465.06
2005-02-21,,,14.75,23.61,,463.38,465.06
2005-02-22,,,14.75,23.61,,463.6,465.23
2005-02-23,,,14.75,23.59,,463.24,465.45
2005-02-24,,,14.75,23.59,,463.85,465.54
2005-02-25,,,14.75,23.59,,464.49,465.59
2005-02-26,,,14.75,23.59,,464.25,465.83
2005-02-27,,,14.75,23.59,,464.25,465.83
2005-02-28,46.4635078,,14.75,23.59,2622885.48937572,464.25,465.83
2005-03-01,,,14.75,23.59,,464.37,465.94
2005-03-02,,,14.75,23.46,,464.05,466.14
2005-03-03,,,14.75,23.46,,464.79,466.33
2005-03-04,,,14.75,23.46,,464.61,465.96
2005-03-05,,,14.75,23.46,,464.97,466.63
2005-03-06,,,14.75,23.46,,464.97,466.63
2005-03-07,,,14.75,23.46,,464.97,466.63
2005-03-08,,,14.75,23.46,,465.05,466.78
2005-03-09,,,14.75,23.46,,464.85,466.97
2005-03-10,,,15.0,23.46,,465.57,467.21
2005-03-11,,,15.0,23.46,,466.09,467.24
2005-03-12,,,15.0,23.46,,465.93,467.32
2005-03-13,,,15.0,23.46,,465.93,467.32
2005-03-14,,,15.0,23.46,,465.93,467.32
2005-03-15,,,15.0,23.46,,465.98,467.65
2005-03-16,,,15.0,23.57,,465.75,467.74
2005-03-17,,,15.0,23.57,,466.3,467.77
2005-03-18,,,15.0,23.57,,466.3,468.16
2005-03-19,,,15.0,23.57,,466.31,468.1
2005-03-20,,,15.0,23.57,,466.31,468.1
2005-03-21,,,15.0,23.57,,466.31,468.1
2005-03-22,,,15.0,23.57,,466.57,468.27
2005-03-23,,,15.0,23.6,,466.26,468.24
2005-03-24,,,15.0,23.6,,466.71,468.67
2005-03-25,,,15.0,23.6,,466.71,468.67
2005-03-26,,,15.0,23.6,,466.71,468.67
2005-03-27,,,15.0,23.6,,466.71,468.67
2005-03-28,,,15.0,23.6,,466.71,468.67
2005-03-29,,,15.0,23.6,,466.97,468.3
2005-03-30,,,15.0,23.62,,467.19,468.73
2005-03-31,46.85105327,,15.0,23.62,2685218.83934307,467.46,468.87
2005-04-01,,,15.0,23.62,,467.48,468.89
2005-04-02,,,15.0,23.62,,467.63,469.24
2005-04-03,,,15.0,23.62,,467.63,469.24
2005-04-04,,,15.0,23.62,,467.63,469.24
2005-04-05,,,15.0,23.62,,467.65,469.63
2005-04-06,,,15.0,23.5,,467.53,469.56
2005-04-07,,,15.0,23.5,,467.95,469.72
2005-04-08,,,15.0,23.5,,468.28,470.01
2005-04-09,,,15.0,23.5,,468.3,469.99
2005-04-10,,,15.0,23.5,,468.3,469.99
2005-04-11,,,15.0,23.5,,468.3,469.99
2005-04-12,,,15.0,23.5,,468.3,469.99
2005-04-13,,,15.0,23.5,,468.57,470.27
2005-04-14,,,15.0,23.5,,468.39,470.51
2005-04-15,,,15.0,23.5,,469.42,470.3
2005-04-16,,,15.0,23.5,,468.96,470.42
2005-04-17,,,15.0,23.5,,468.96,470.42
2005-04-18,,,15.0,23.5,,468.96,470.42
2005-04-19,,,15.0,23.5,,469.25,470.87
2005-04-20,,,15.0,23.5,,469.21,471.02
2005-04-21,,,15.0,23.5,,469.24,470.91
2005-04-22,,,15.0,23.5,,469.53,471.3
2005-04-23,,,15.0,23.5,,469.61,471.39
2005-04-24,,,15.0,23.5,,469.61,471.39
2005-04-25,,,15.0,23.5,,469.61,471.39
2005-04-26,,,15.0,23.5,,469.72,471.49
2005-04-27,,,15.0,23.5,,469.68,471.84
2005-04-28,,,15.0,23.5,,470.03,471.88
2005-04-29,,,15.0,23.5,,470.32,472.09
2005-04-30,47.29998431,,15.0,23.5,2725928.24044979,470.41,472.07
2005-05-01,,,15.0,23.5,,470.41,472.07
2005-05-02,,,15.0,23.5,,470.41,472.07
2005-05-03,,,15.0,23.5,,470.67,472.44
2005-05-04,,,15.0,23.53,,470.55,472.62
2005-05-05,,,15.25,23.53,,470.8,472.58
2005-05-06,,,15.25,23.53,,471.37,472.83
2005-05-07,,,15.25,23.53,,471.1,472.93
2005-05-08,,,15.25,23.53,,471.1,472.93
2005-05-09,,,15.25,23.53,,471.1,472.93
2005-05-10,,,15.25,23.53,,471.24,473.09
2005-05-11,,,15.25,23.99,,471.11,473.14
2005-05-12,,,15.75,23.99,,471.6,473.41
2005-05-13,,,15.75,23.99,,471.83,473.28
2005-05-14,,,15.75,23.99,,471.93,473.62
2005-05-15,,,15.75,23.99,,471.93,473.62
2005-05-16,,,15.75,23.99,,471.93,473.62
2005-05-17,,,15.75,23.99,,472.07,473.94
2005-05-18,,,15.75,24.36,,472.09,474.09
2005-05-19,,,15.75,24.36,,472.34,474.21
2005-05-20,,,15.75,24.36,,472.53,474.34
2005-05-21,,,15.75,24.36,,472.56,474.29
2005-05-22,,,15.75,24.36,,472.56,474.29
2005-05-23,,,15.75,24.36,,472.56,474.29
2005-05-24,,,15.75,24.36,,472.71,474.66
2005-05-25,,,15.75,24.36,,472.68,474.87
2005-05-26,,,15.75,24.36,,473.03,475.01
2005-05-27,,,15.75,24.36,,473.28,475.09
2005-05-28,,,15.75,24.36,,473.43,475.11
2005-05-29,,,15.75,24.36,,473.43,475.11
2005-05-30,,,15.75,24.36,,473.43,475.11
2005-05-31,47.94873603,,15.75,24.36,2814225.43514066,473.72,475.19
2005-06-01,,,15.75,24.38,,473.52,475.5
2005-06-02,,,15.75,24.38,,474.15,475.63
2005-06-03,,,15.75,24.38,,474.11,475.83
2005-06-04,,,15.75,24.38,,474.29,475.79
2005-06-05,,,15.75,24.38,,474.29,475.79
2005-06-06,,,15.75,24.38,,474.29,475.79
2005-06-07,,,15.75,24.38,,474.32,476.1
2005-06-08,,,15.75,24.38,,474.3,476.23
2005-06-09,,,15.75,24.38,,474.43,476.17
2005-06-10,,,15.75,24.38,,474.56,476.46
2005-06-11,,,15.75,24.38,,474.9,476.49
2005-06-12,,,15.75,24.38,,474.9,476.49
2005-06-13,,,15.75,24.38,,474.9,476.49
2005-06-14,,,15.75,24.38,,475.08,476.7
2005-06-15,,,15.75,24.38,,475.1,477.18
2005-06-16,,,15.75,24.38,,475.44,477.23
2005-06-17,,,15.75,24.38,,475.55,477.1
2005-06-18,,,15.75,24.38,,475.62,477.53
2005-06-19,,,15.75,24.38,,475.62,477.53
2005-06-20,,,15.75,24.38,,475.62,477.53
2005-06-21,,,15.75,24.38,,475.78,477.46
2005-06-22,,,15.75,24.38,,475.79,478.0
2005-06-23,,,15.75,24.38,,476.19,477.97
2005-06-24,,,15.75,24.38,,476.29,478.13
2005-06-25,,,15.75,24.38,,476.48,478.18
2005-06-26,,,15.75,24.38,,476.48,478.18
2005-06-27,,,15.75,24.38,,476.48,478.18
2005-06-28,,,15.75,24.38,,476.54,478.4
2005-06-29,,,15.75,24.37,,476.47,478.72
2005-06-30,48.16774204,,15.75,24.37,2860339.523684,476.91,478.68
2005-07-01,,,15.75,24.37,,477.01,478.68
2005-07-02,,,15.75,24.37,,477.11,478.9
2005-07-03,,,15.75,24.37,,477.11,478.9
2005-07-04,,,15.75,24.37,,477.11,478.9
2005-07-05,,,15.75,24.37,,477.17,479.31
2005-07-06,,,15.75,24.38,,477.14,479.38
2005-07-07,,,15.75,24.38,,477.47,479.37
2005-07-08,,,15.75,24.38,,477.81,479.45
2005-07-09,,,15.75,24.38,,477.86,479.78
2005-07-10,,,15.75,24.38,,477.86,479.78
2005-07-11,,,15.75,24.38,,477.86,479.78
2005-07-12,,,15.75,24.38,,478.07,479.71
2005-07-13,,,15.75,24.37,,477.9,480.11
2005-07-14,,,15.75,24.37,,478.39,480.17
2005-07-15,,,15.75,24.37,,478.88,480.1
2005-07-16,,,15.75,24.37,,478.82,480.38
2005-07-17,,,15.75,24.37,,478.82,480.38
2005-07-18,,,15.75,24.37,,478.82,480.38
2005-07-19,,,15.75,24.37,,478.86,480.63
2005-07-20,,,15.75,24.37,,478.75,480.95
2005-07-21,,,15.75,24.37,,478.88,480.99
2005-07-22,,,15.75,24.37,,479.26,481.09
2005-07-23,,,15.75,24.37,,479.45,481.09
2005-07-24,,,15.75,24.37,,479.45,481.09
2005-07-25,,,15.75,24.37,,479.45,481.09
2005-07-26,,,15.75,24.37,,479.45,481.09
2005-07-27,,,15.75,24.37,,479.51,481.3
2005-07-28,,,15.5,24.37,,479.53,481.68
2005-07-29,,,15.5,24.37,,479.75,481.63
2005-07-30,,,15.5,24.37,,479.97,481.54
2005-07-31,48.78547407,,15.5,24.37,2907155.07447444,479.97,481.54
2005-08-01,,,15.5,24.37,,479.97,481.54
2005-08-02,,,15.5,24.37,,480.19,481.93
2005-08-03,,,15.5,24.29,,480.19,481.93
2005-08-04,,,15.5,24.29,,479.97,481.96
2005-08-05,,,15.5,24.29,,480.32,482.26
2005-08-06,,,15.5,24.29,,480.47,482.37
2005-08-07,,,15.5,24.29,,480.47,482.37
2005-08-08,,,15.5,24.29,,480.47,482.37
2005-08-09,,,15.5,24.29,,480.67,482.44
2005-08-10,,,15.5,24.29,,480.73,482.84
2005-08-11,,,15.5,24.29,,480.94,482.7
2005-08-12,,,15.5,24.29,,481.15,483.13
2005-08-13,,,15.5,24.29,,481.44,483.22
2005-08-14,,,15.5,24.29,,481.44,483.22
2005-08-15,,,15.5,24.29,,481.44,483.22
2005-08-16,,,15.5,24.29,,481.44,483.22
2005-08-17,,,15.5,24.24,,481.5,483.42
2005-08-18,,,15.5,24.24,,481.44,483.74
2005-08-19,,,15.5,24.24,,482.11,483.7
2005-08-20,,,15.5,24.24,,481.97,483.71
2005-08-21,,,15.5,24.24,,481.97,483.71
2005-08-22,,,15.5,24.24,,481.97,483.71
2005-08-23,,,15.5,24.24,,481.98,483.79
2005-08-24,,,15.5,24.24,,482.14,484.15
2005-08-25,,,15.5,24.24,,482.37,484.12
2005-08-26,,,15.5,24.24,,482.69,484.33
2005-08-27,,,15.5,24.24,,482.66,484.51
2005-08-28,,,15.5,24.24,,482.66,484.51
2005-08-29,,,15.5,24.24,,482.66,484.51
2005-08-30,,,15.5,24.24,,482.98,484.62
2005-08-31,49.39504252,,15.5,24.1,2989510.52197434,482.76,484.74
2005-09-01,,,15.5,24.1,,483.14,484.84
2005-09-02,,,15.5,24.1,,483.24,485.06
2005-09-03,,,15.5,24.1,,483.27,485.25
2005-09-04,,,15.5,24.1,,483.27,485.25
2005-09-05,,,15.5,24.1,,483.27,485.25
2005-09-06,,,15.5,24.1,,483.44,485.44
2005-09-07,,,15.5,24.18,,483.4,485.7
2005-09-08,,,15.5,24.18,,483.68,485.85
2005-09-09,,,15.5,24.18,,484.07,485.84
2005-09-10,,,15.5,24.18,,484.16,486.0
2005-09-11,,,15.5,24.18,,484.16,486.0
2005-09-12,,,15.5,24.18,,484.16,486.0
2005-09-13,,,15.5,24.18,,484.36,486.14
2005-09-14,,,15.5,24.18,,484.42,486.34
2005-09-15,,,15.25,24.18,,484.63,486.47
2005-09-16,,,15.25,24.18,,484.63,486.47
2005-09-17,,,15.25,24.18,,484.9,486.48
2005-09-18,,,15.25,24.18,,484.9,486.48
2005-09-19,,,15.25,24.18,,484.9,486.48
2005-09-20,,,15.25,24.18,,484.94,486.86
2005-09-21,,,15.25,24.04,,484.96,486.93
2005-09-22,,,15.25,24.04,,485.35,487.1
2005-09-23,,,15.25,24.04,,485.3,487.4
2005-09-24,,,15.25,24.04,,485.52,487.22
2005-09-25,,,15.25,24.04,,485.52,487.22
2005-09-26,,,15.25,24.04,,485.52,487.22
2005-09-27,,,15.25,24.04,,485.7,487.52
2005-09-28,,,15.25,24.06,,485.78,487.76
2005-09-29,,,15.25,24.06,,485.87,487.61
2005-09-30,49.47979795,,15.25,24.06,3079225.88068929,486.4,487.96
2005-10-01,,,15.25,24.06,,486.35,487.94
2005-10-02,,,15.25,24.06,,486.35,487.94
2005-10-03,,,15.25,24.06,,486.35,487.94
2005-10-04,,,15.25,24.06,,486.51,488.17
2005-10-05,,,15.25,24.0,,486.44,488.39
2005-10-06,,,15.25,24.0,,486.56,488.48
2005-10-07,,,15.25,24.0,,486.91,488.63
2005-10-08,,,15.25,24.0,,487.22,488.79
2005-10-09,,,15.25,24.0,,487.22,488.79
2005-10-10,,,15.25,24.0,,487.22,488.79
2005-10-11,,,15.25,24.0,,487.26,488.83
2005-10-12,,,15.25,24.0,,487.11,489.19
2005-10-13,,,15.25,24.0,,487.44,489.26
2005-10-14,,,15.25,24.0,,487.96,488.94
2005-10-15,,,15.25,24.0,,487.8,489.1
2005-10-16,,,15.25,24.0,,487.8,489.1
2005-10-17,,,15.25,24.0,,487.8,489.1
2005-10-18,,,15.25,24.0,,487.8,489.1
2005-10-19,,,15.25,24.0,,487.91,489.76
2005-10-20,,,15.25,24.0,,488.05,489.98
2005-10-21,,,15.25,24.0,,488.35,489.98
2005-10-22,,,15.25,24.0,,488.28,489.77
2005-10-23,,,15.25,24.0,,488.28,489.77
2005-10-24,,,15.25,24.0,,488.28,489.77
2005-10-25,,,15.25,24.0,,488.47,490.19
2005-10-26,,,15.25,24.0,,488.52,490.58
2005-10-27,,,15.25,24.0,,488.6,490.5
2005-10-28,,,15.25,24.0,,488.99,490.68
2005-10-29,,,15.25,24.0,,489.16,490.93
2005-10-30,,,15.25,24.0,,489.16,490.93
2005-10-31,50.09426081,,15.25,24.0,3141462.31301738,489.16,490.93
2005-11-01,,,15.25,24.0,,489.3,490.99
2005-11-02,,,15.25,24.0,,489.21,491.35
2005-11-03,,,15.25,24.0,,489.44,491.53
2005-11-04,,,15.25,24.0,,489.75,491.53
2005-11-05,,,15.25,24.0,,490.23,491.78
2005-11-06,,,15.25,24.0,,490.23,491.78
2005-11-07,,,15.25,24.0,,490.23,491.78
2005-11-08,,,15.25,24.0,,489.94,491.88
2005-11-09,,,15.25,24.0,,489.93,491.96
2005-11-10,,,15.25,24.0,,490.23,492.06
2005-11-11,,,15.25,24.0,,490.53,492.31
2005-11-12,,,15.25,24.0,,490.7,492.46
2005-11-13,,,15.25,24.0,,490.7,492.46
2005-11-14,,,15.25,24.0,,490.7,492.46
2005-11-15,,,15.25,24.0,,490.74,492.71
2005-11-16,,,15.25,24.0,,490.8,492.78
2005-11-17,,,15.25,24.0,,491.2,493.01
2005-11-18,,,15.25,24.0,,491.39,493.04
2005-11-19,,,15.25,24.0,,491.41,493.28
2005-11-20,,,15.25,24.0,,491.41,493.28
2005-11-21,,,15.25,24.0,,491.41,493.28
2005-11-22,,,15.25,24.0,,491.35,493.31
2005-11-23,,,15.25,24.0,,491.71,493.64
2005-11-24,,,15.25,24.0,,491.76,493.63
2005-11-25,,,15.25,24.0,,492.11,493.77
2005-11-26,,,15.25,24.0,,492.12,493.89
2005-11-27,,,15.25,24.0,,492.12,493.89
2005-11-28,,,15.25,24.0,,492.12,493.89
2005-11-29,,,15.25,24.0,,492.34,493.74
2005-11-30,50.90793722,,15.25,24.0,3239054.87083733,492.32,494.29
2005-12-01,,,15.25,24.0,,492.51,494.38
2005-12-02,,,15.25,24.0,,492.8,494.55
2005-12-03,,,15.25,24.0,,492.8,494.95
2005-12-04,,,15.25,24.0,,492.8,494.95
2005-12-05,,,15.25,24.0,,492.8,494.95
2005-12-06,,,15.25,24.0,,493.0,494.88
2005-12-07,,,15.25,23.99,,493.03,495.28
2005-12-08,,,15.5,23.99,,493.53,495.25
2005-12-09,,,15.5,23.99,,493.59,495.53
2005-12-10,,,15.5,23.99,,493.69,495.59
2005-12-11,,,15.5,23.99,,493.69,495.59
2005-12-12,,,15.5,23.99,,493.69,495.59
2005-12-13,,,15.5,23.99,,493.75,495.84
2005-12-14,,,15.5,24.14,,494.3,495.93
2005-12-15,,,15.5,24.14,,494.08,495.8
2005-12-16,,,15.5,24.14,,494.16,496.2
2005-12-17,,,15.5,24.14,,494.45,496.17
2005-12-18,,,15.5,24.14,,494.45,496.17
2005-12-19,,,15.5,24.14,,494.45,496.17
2005-12-20,,,15.5,24.14,,494.56,496.38
2005-12-21,,,15.5,24.14,,494.43,496.79
2005-12-22,,,15.25,24.14,,494.85,496.73
2005-12-23,,,15.25,24.14,,495.01,496.67
2005-12-24,,,15.25,24.14,,495.09,496.96
2005-12-25,,,15.25,24.14,,495.09,496.96
2005-12-26,,,15.25,24.14,,495.09,496.96
2005-12-27,,,15.25,24.14,,495.21,497.14
2005-12-28,,,15.25,24.03,,494.87,497.35
2005-12-29,,,15.25,24.03,,495.48,497.5
2005-12-30,,,15.25,24.03,,495.65,497.71
2005-12-31,51.42172849,,15.25,24.03,3347709.27275057,495.65,497.71
2006-01-01,,,15.25,24.03,,495.65,497.71
2006-01-02,,,15.25,24.03,,495.65,497.71
2006-01-03,,,15.25,24.03,,495.8,498.12
2006-01-04,,,15.25,23.98,,495.49,498.17
2006-01-05,,,15.25,23.98,,496.18,497.9
2006-01-06,,,15.25,23.98,,496.38,498.33
2006-01-07,,,15.25,23.98,,496.49,498.04
2006-01-08,,,15.25,23.98,,496.49,498.04
2006-01-09,,,15.25,23.98,,496.49,498.04
2006-01-10,,,15.25,23.98,,496.52,498.41
2006-01-11,,,15.25,23.98,,496.57,498.48
2006-01-12,,,15.25,23.98,,497.01,498.76
2006-01-13,,,15.25,23.98,,497.33,498.65
2006-01-14,,,15.25,23.98,,497.26,499.1
2006-01-15,,,15.25,23.98,,497.26,499.1
2006-01-16,,,15.25,23.98,,497.26,499.1
2006-01-17,,,15.25,23.98,,497.34,499.29
2006-01-18,,,15.25,23.98,,497.42,499.38
2006-01-19,,,15.25,23.98,,497.52,499.52
2006-01-20,,,15.25,23.98,,497.85,499.62
2006-01-21,,,15.25,23.98,,498.03,499.67
2006-01-22,,,15.25,23.98,,498.03,499.67
2006-01-23,,,15.25,23.98,,498.03,499.67
2006-01-24,,,15.25,23.98,,498.05,500.02
2006-01-25,,,15.25,23.86,,498.14,500.27
2006-01-26,,,15.25,23.86,,498.31,500.23
2006-01-27,,,15.25,23.86,,498.57,500.47
2006-01-28,,,15.25,23.86,,498.67,500.46
2006-01-29,,,15.25,23.86,,498.67,500.46
2006-01-30,,,15.25,23.86,,498.67,500.46
2006-01-31,52.02563661,,15.25,23.86,3363124.65480683,498.77,500.65
2006-02-01,,,15.25,23.59,,498.81,500.71
2006-02-02,,,15.25,23.59,,499.1,501.02
2006-02-03,,,15.25,23.59,,499.15,501.23
2006-02-04,,,15.25,23.59,,499.44,501.01
2006-02-05,,,15.25,23.59,,499.44,501.01
2006-02-06,,,15.25,23.59,,499.44,501.01
2006-02-07,,,15.25,23.59,,499.4,501.38
2006-02-08,,,15.25,23.67,,499.37,501.49
2006-02-09,,,15.25,23.67,,499.57,501.69
2006-02-10,,,15.25,23.67,,500.15,501.73
2006-02-11,,,15.25,23.67,,500.13,501.84
2006-02-12,,,15.25,23.67,,500.13,501.84
2006-02-13,,,15.25,23.67,,500.13,501.84
2006-02-14,,,15.25,23.67,,500.08,502.0
2006-02-15,,,15.25,23.67,,500.02,502.2
2006-02-16,,,15.25,23.67,,500.34,502.32
2006-02-17,,,15.25,23.67,,500.61,502.26
2006-02-18,,,15.25,23.67,,500.72,502.51
2006-02-19,,,15.25,23.67,,500.72,502.51
2006-02-20,,,15.25,23.67,,500.72,502.51
2006-02-21,,,15.25,23.67,,500.7,502.61
2006-02-22,,,15.25,23.67,,500.78,502.93
2006-02-23,,,15.25,23.67,,500.87,502.87
2006-02-24,,,15.25,23.67,,501.49,502.95
2006-02-25,,,15.25,23.67,,501.27,503.0
2006-02-26,,,15.25,23.67,,501.27,503.0
2006-02-27,,,15.25,23.67,,501.27,503.0
2006-02-28,52.48631797,,15.25,23.67,3391601.59826429,501.38,503.17
2006-03-01,,,15.25,23.6,,501.37,503.48
2006-03-02,,,15.25,23.6,,501.63,503.58
2006-03-03,,,15.25,23.6,,501.73,503.78
2006-03-04,,,15.25,23.6,,501.98,503.74
2006-03-05,,,15.25,23.6,,501.98,503.74
2006-03-06,,,15.25,23.6,,501.98,503.74
2006-03-07,,,15.25,23.6,,502.04,503.97
2006-03-08,,,15.25,23.6,,501.95,504.14
2006-03-09,,,15.25,23.6,,502.28,504.08
2006-03-10,,,15.25,23.6,,502.85,504.25
2006-03-11,,,15.25,23.6,,502.84,504.31
2006-03-12,,,15.25,23.6,,502.84,504.31
2006-03-13,,,15.25,23.6,,502.84,504.31
2006-03-14,,,15.25,23.6,,502.66,504.54
2006-03-15,,,15.25,23.59,,502.78,504.9
2006-03-16,,8.51,15.25,23.59,,502.9,504.81
2006-03-17,,8.51,15.25,23.59,,503.42,504.76
2006-03-18,,,15.25,23.59,,503.27,504.96
2006-03-19,,,15.25,23.59,,503.27,504.96
2006-03-20,,8.51,15.25,23.59,,503.27,504.96
2006-03-21,,8.51,15.25,23.59,,503.33,505.18
2006-03-22,,8.51,15.25,23.59,,503.29,505.39
2006-03-23,,8.51,15.25,23.59,,503.58,505.65
2006-03-24,,8.51,15.25,23.59,,503.77,505.48
2006-03-25,,,15.25,23.59,,503.77,505.8
2006-03-26,,,15.25,23.59,,503.77,505.8
2006-03-27,,8.51,15.25,23.59,,503.77,505.8
2006-03-28,,8.51,15.25,23.59,,504.12,505.69
2006-03-29,,8.51,15.25,23.56,,504.05,505.96
2006-03-30,,8.51,15.25,23.56,,504.43,506.05
2006-03-31,52.57466014,8.51,15.25,23.56,3493402.73143286,504.84,506.03
2006-04-01,,,15.25,23.56,,504.74,506.33
2006-04-02,,,15.25,23.56,,504.74,506.33
2006-04-03,,8.51,15.25,23.56,,504.74,506.33
2006-04-04,,8.51,15.25,23.56,,504.66,506.47
2006-04-05,,8.51,15.25,23.56,,504.69,506.67
2006-04-06,,8.51,15.25,23.56,,504.87,506.73
2006-04-07,,8.51,15.25,23.56,,505.11,507.01
2006-04-08,,,15.25,23.56,,505.25,506.95
2006-04-09,,,15.25,23.56,,505.25,506.95
2006-04-10,,8.51,15.25,23.56,,505.25,506.95
2006-04-11,,8.51,15.25,23.56,,505.33,507.21
2006-04-12,,8.51,15.25,23.56,,505.17,507.46
2006-04-13,,,15.25,23.56,,505.61,507.41
2006-04-14,,,15.25,23.56,,505.61,507.41
2006-04-15,,,15.25,23.56,,505.61,507.41
2006-04-16,,,15.25,23.56,,505.61,507.41
2006-04-17,,8.51,15.25,23.56,,505.61,507.41
2006-04-18,,8.51,15.25,23.56,,505.61,507.41
2006-04-19,,8.51,15.25,23.47,,505.64,507.5
2006-04-20,,8.51,15.25,23.47,,505.82,507.99
2006-04-21,,8.51,15.25,23.47,,505.8,507.66
2006-04-22,,,15.25,23.47,,506.08,507.68
2006-04-23,,,15.25,23.47,,506.08,507.68
2006-04-24,,8.51,15.25,23.47,,506.08,507.68
2006-04-25,,8.51,15.25,23.47,,506.01,508.09
2006-04-26,,8.51,15.25,23.47,,506.11,508.06
2006-04-27,,8.51,15.25,23.47,,506.26,508.31
2006-04-28,,8.51,15.25,23.47,,506.33,508.58
2006-04-29,,,15.25,23.47,,506.59,508.66
2006-04-30,52.80051271,,15.25,23.47,3533325.77140208,506.59,508.66
2006-05-01,,,15.25,23.47,,506.59,508.66
2006-05-02,,8.51,15.25,23.47,,506.59,508.66
2006-05-03,,8.51,15.25,23.46,,506.45,508.54
2006-05-04,,8.51,15.0,23.46,,506.51,508.65
2006-05-05,,8.51,15.0,23.46,,506.77,508.77
2006-05-06,,,15.0,23.46,,506.86,509.03
2006-05-07,,,15.0,23.46,,506.86,509.03
2006-05-08,,8.51,15.0,23.46,,506.86,509.03
2006-05-09,,8.51,15.0,23.46,,506.86,509.03
2006-05-10,,8.51,15.0,23.32,,506.97,509.07
2006-05-11,,8.51,14.25,23.32,,507.09,509.32
2006-05-12,,8.51,14.25,23.32,,507.33,509.42
2006-05-13,,,14.25,23.32,,507.59,509.49
2006-05-14,,,14.25,23.32,,507.59,509.49
2006-05-15,,8.51,14.25,23.32,,507.59,509.49
2006-05-16,,8.51,14.25,23.32,,507.44,509.58
2006-05-17,,8.51,14.25,22.99,,507.48,509.51
2006-05-18,,8.51,13.75,22.99,,507.74,509.88
2006-05-19,,8.51,13.75,22.99,,507.87,510.25
2006-05-20,,,13.75,22.99,,508.16,510.14
2006-05-21,,,13.75,22.99,,508.16,510.14
2006-05-22,,8.51,13.75,22.99,,508.16,510.14
2006-05-23,,8.51,13.75,22.99,,508.0,510.32
2006-05-24,,8.51,13.75,22.43,,507.98,510.56
2006-05-25,,8.51,13.75,22.43,,508.37,510.65
2006-05-26,,8.51,13.75,22.43,,508.83,510.76
2006-05-27,,,13.75,22.43,,508.74,510.81
2006-05-28,,,13.75,22.43,,508.74,510.81
2006-05-29,,8.51,13.75,22.43,,508.74,510.81
2006-05-30,,8.51,13.75,22.43,,508.82,511.01
2006-05-31,53.63738152,8.51,13.75,22.47,3626172.36452538,508.8,511.3
2006-06-01,,8.51,13.5,22.47,,509.14,511.31
2006-06-02,,8.51,13.5,22.47,,509.35,511.41
2006-06-03,,,13.5,22.47,,509.45,511.59
2006-06-04,,,13.5,22.47,,509.45,511.59
2006-06-05,,8.51,13.5,22.47,,509.45,511.59
2006-06-06,,8.51,13.5,22.47,,509.45,511.71
2006-06-07,,8.51,13.5,22.44,,509.47,512.13
2006-06-08,,8.51,13.5,22.44,,509.72,512.0
2006-06-09,,8.51,13.5,22.44,,510.01,512.07
2006-06-10,,,13.5,22.44,,509.88,512.24
2006-06-11,,,13.5,22.44,,509.88,512.24
2006-06-12,,8.51,13.5,22.44,,509.88,512.24
2006-06-13,,8.51,13.5,22.44,,510.09,512.43
2006-06-14,,8.51,13.5,22.44,,510.06,512.53
2006-06-15,,8.51,13.5,22.44,,510.31,512.57
2006-06-16,,8.51,13.5,22.44,,510.5,512.72
2006-06-17,,,13.5,22.44,,510.71,512.93
2006-06-18,,,13.5,22.44,,510.71,512.93
2006-06-19,,8.51,13.5,22.44,,510.71,512.93
2006-06-20,,8.51,13.5,22.44,,510.69,513.03
2006-06-21,,8.51,13.5,22.41,,510.72,512.95
2006-06-22,,8.51,13.5,22.41,,510.92,513.33
2006-06-23,,8.51,13.5,22.41,,511.19,513.45
2006-06-24,,,13.5,22.41,,511.3,513.6
2006-06-25,,,13.5,22.41,,511.3,513.6
2006-06-26,,8.51,13.5,22.41,,511.3,513.6
2006-06-27,,8.51,13.5,22.41,,511.29,513.63
2006-06-28,,8.51,13.5,22.41,,511.34,513.83
2006-06-29,,8.51,13.5,22.41,,511.63,513.98
2006-06-30,54.15010797,8.51,13.5,22.41,3708825.65622698,511.93,514.06
2006-07-01,,,13.5,22.41,,512.08,514.01
2006-07-02,,,13.5,22.41,,512.08,514.01
2006-07-03,,8.51,13.5,22.41,,512.08,514.01
2006-07-04,,8.51,13.5,22.41,,511.87,514.24
2006-07-05,,8.51,13.5,22.46,,511.92,514.62
2006-07-06,,8.74,13.5,22.46,,512.27,514.62
2006-07-07,,8.74,13.5,22.46,,512.54,514.55
2006-07-08,,,13.5,22.46,,512.55,514.88
2006-07-09,,,13.5,22.46,,512.55,514.88
2006-07-10,,8.74,13.5,22.46,,512.55,514.88
2006-07-11,,8.74,13.5,22.46,,512.57,514.91
2006-07-12,,8.74,13.5,22.45,,512.52,515.33
2006-07-13,,8.74,13.75,22.45,,512.53,514.69
2006-07-14,,8.74,13.75,22.45,,513.25,514.96
2006-07-15,,,13.75,22.45,,513.32,515.31
2006-07-16,,,13.75,22.45,,513.32,515.31
2006-07-17,,8.74,13.75,22.45,,513.32,515.31
2006-07-18,,8.74,13.75,22.45,,513.14,515.69
2006-07-19,,8.74,13.75,22.56,,513.56,515.67
2006-07-20,,8.74,13.75,22.56,,513.57,515.76
2006-07-21,,9.2,13.75,22.56,,513.8,515.95
2006-07-22,,,13.75,22.56,,514.31,516.04
2006-07-23,,,13.75,22.56,,514.31,516.04
2006-07-24,,9.2,13.75,22.56,,514.31,516.04
2006-07-25,,9.2,13.75,22.56,,513.79,516.38
2006-07-26,,9.2,13.75,22.36,,513.82,516.46
2006-07-27,,9.2,13.75,22.36,,514.17,516.39
2006-07-28,,9.2,13.75,22.36,,514.37,516.62
2006-07-29,,,13.75,22.36,,514.96,516.7
2006-07-30,,,13.75,22.36,,514.96,516.7
2006-07-31,54.6524198,9.2,13.75,22.36,3780951.21931747,514.96,516.7
2006-08-01,,9.2,13.75,22.36,,514.96,516.7
2006-08-02,,9.2,13.75,22.5,,514.94,516.81
2006-08-03,,9.2,13.75,22.5,,514.94,516.81
2006-08-04,,9.2,13.75,22.5,,514.78,517.2
2006-08-05,,,13.75,22.5,,515.0,517.12
2006-08-06,,,13.75,22.5,,515.0,517.12
2006-08-07,,9.2,13.75,22.5,,515.0,517.12
2006-08-08,,9.2,13.75,22.5,,515.12,517.27
2006-08-09,,9.2,13.75,22.5,,514.99,517.57
2006-08-10,,9.2,13.75,22.5,,515.37,517.54
2006-08-11,,9.2,13.75,22.5,,515.47,517.83
2006-08-12,,,13.75,22.5,,515.8,517.86
2006-08-13,,,13.75,22.5,,515.8,517.86
2006-08-14,,9.2,13.75,22.5,,515.8,517.86
2006-08-15,,9.2,13.75,22.5,,515.78,517.9
2006-08-16,,9.2,13.75,22.5,,515.77,518.19
2006-08-17,,9.2,13.75,22.5,,516.05,518.08
2006-08-18,,9.2,13.75,22.5,,516.13,518.23
2006-08-19,,,13.75,22.5,,516.25,518.54
2006-08-20,,,13.75,22.5,,516.25,518.54
2006-08-21,,9.2,13.75,22.5,,516.25,518.54
2006-08-22,,9.2,13.75,22.5,,516.25,518.54
2006-08-23,,9.2,13.75,22.5,,516.29,518.48
2006-08-24,,9.2,13.75,22.5,,516.66,518.89
2006-08-25,,9.2,13.75,22.5,,516.87,518.92
2006-08-26,,,13.75,22.5,,516.68,518.92
2006-08-27,,,13.75,22.5,,516.68,518.92
2006-08-28,,9.2,13.75,22.5,,516.68,518.92
2006-08-29,,9.2,13.75,22.5,,516.71,519.0
2006-08-30,,9.2,13.75,22.5,,516.87,519.14
2006-08-31,55.13181516,9.2,13.75,22.5,3874362.10157728,517.21,519.34
2006-09-01,,9.2,13.75,22.5,,517.66,519.29
2006-09-02,,,13.75,22.5,,517.51,519.57
2006-09-03,,,13.75,22.5,,517.51,519.57
2006-09-04,,9.2,13.75,22.5,,517.51,519.57
2006-09-05,,9.2,13.75,22.5,,517.31,519.69
2006-09-06,,9.2,13.75,22.52,,517.33,520.03
2006-09-07,,9.2,13.75,22.52,,517.71,520.06
2006-09-08,,9.2,13.75,22.52,,517.91,520.11
2006-09-09,,,13.75,22.52,,518.03,520.21
2006-09-10,,,13.75,22.52,,518.03,520.21
2006-09-11,,9.2,13.75,22.52,,518.03,520.21
2006-09-12,,9.2,13.75,22.52,,518.12,520.19
2006-09-13,,9.2,13.75,22.42,,518.13,520.75
2006-09-14,,9.2,13.75,22.42,,518.28,520.79
2006-09-15,,9.2,13.75,22.42,,518.84,520.76
2006-09-16,,,13.75,22.42,,518.84,520.76
2006-09-17,,,13.75,22.42,,518.84,520.76
2006-09-18,,9.2,13.75,22.42,,518.84,520.76
2006-09-19,,9.2,13.75,22.42,,518.66,520.97
2006-09-20,,9.2,13.75,22.42,,518.88,521.23
2006-09-21,,9.2,13.75,22.42,,518.81,521.11
2006-09-22,,9.2,13.75,22.42,,519.06,521.25
2006-09-23,,,13.75,22.42,,519.18,521.41
2006-09-24,,,13.75,22.42,,519.18,521.41
2006-09-25,,9.2,13.75,22.42,,519.18,521.41
2006-09-26,,9.2,13.75,22.42,,519.33,521.27
2006-09-27,,9.2,13.75,22.42,,519.26,521.83
2006-09-28,,9.2,13.5,22.42,,519.59,521.65
2006-09-29,,9.2,13.5,22.42,,519.67,521.68
2006-09-30,55.04115394,,13.5,22.42,3978568.24177888,519.73,522.06
2006-10-01,,,13.5,22.42,,519.73,522.06
2006-10-02,,9.2,13.5,22.42,,519.73,522.06
2006-10-03,,9.2,13.5,22.42,,520.03,522.26
2006-10-04,,9.2,13.5,22.23,,519.78,522.31
2006-10-05,,9.2,13.5,22.23,,520.05,522.53
2006-10-06,,9.2,13.5,22.23,,520.14,522.64
2006-10-07,,,13.5,22.23,,520.04,522.68
2006-10-08,,,13.5,22.23,,520.04,522.68
2006-10-09,,9.2,13.5,22.23,,520.04,522.68
2006-10-10,,9.2,13.5,22.23,,520.51,522.64
2006-10-11,,9.2,13.5,22.23,,520.29,523.04
2006-10-12,,9.2,13.25,22.23,,520.7,523.22
2006-10-13,,9.2,13.25,22.23,,521.22,522.91
2006-10-14,,,13.25,22.23,,521.12,523.39
2006-10-15,,,13.25,22.23,,521.12,523.39
2006-10-16,,9.2,13.25,22.23,,521.12,523.39
2006-10-17,,9.2,13.25,22.23,,521.12,523.39
2006-10-18,,9.2,13.25,22.1,,516.56,523.15
2006-10-19,,9.2,13.25,22.1,,515.05,521.82
2006-10-20,,9.2,13.25,22.1,,515.19,520.5
2006-10-21,,,13.25,22.1,,514.91,520.09
2006-10-22,,,13.25,22.1,,514.91,520.09
2006-10-23,,9.2,13.25,22.1,,514.91,520.09
2006-10-24,,9.2,13.25,22.1,,514.91,519.93
2006-10-25,,9.2,13.25,22.06,,514.95,519.9
2006-10-26,,9.2,13.25,22.06,,515.03,520.08
2006-10-27,,9.2,13.25,22.06,,515.13,519.87
2006-10-28,,,13.25,22.06,,515.07,519.8
2006-10-29,,,13.25,22.06,,515.07,519.8
2006-10-30,,9.2,13.25,22.06,,515.07,519.8
2006-10-31,55.14646656,9.2,13.25,22.06,4039849.12707474,515.04,519.63
2006-11-01,,9.2,13.25,22.09,,514.99,519.75
2006-11-02,,9.2,13.0,22.09,,514.82,519.58
2006-11-03,,9.2,13.0,22.09,,514.72,519.5
2006-11-04,,,13.0,22.09,,514.69,519.39
2006-11-05,,,13.0,22.09,,514.69,519.39
2006-11-06,,9.2,13.0,22.09,,514.69,519.39
2006-11-07,,9.2,13.0,22.09,,514.66,519.33
2006-11-08,,9.2,13.0,21.92,,514.68,519.3
2006-11-09,,9.2,12.5,21.92,,514.74,519.4
2006-11-10,,9.2,12.5,21.92,,514.79,519.4
2006-11-11,,,12.5,21.92,,514.71,519.23
2006-11-12,,,12.5,21.92,,514.71,519.23
2006-11-13,,9.2,12.5,21.92,,514.71,519.23
2006-11-14,,9.2,12.5,21.92,,514.79,519.2
2006-11-15,,9.2,12.5,21.48,,514.78,519.28
2006-11-16,,9.2,11.75,21.48,,514.79,519.27
2006-11-17,,9.2,11.75,21.48,,514.81,519.09
2006-11-18,,,11.75,21.48,,514.77,519.08
2006-11-19,,,11.75,21.48,,514.77,519.08
2006-11-20,,9.2,11.75,21.48,,514.77,519.08
2006-11-21,,9.2,11.75,21.48,,514.84,519.15
2006-11-22,,9.2,11.75,21.02,,514.85,518.77
2006-11-23,,9.2,11.5,21.02,,514.86,518.87
2006-11-24,,9.2,11.5,21.02,,514.9,518.9
2006-11-25,,,11.5,21.02,,514.82,518.82
2006-11-26,,,11.5,21.02,,514.82,518.82
2006-11-27,,9.2,11.5,21.02,,514.82,518.82
2006-11-28,,9.2,11.5,21.02,,514.72,518.72
2006-11-29,,9.2,11.5,20.83,,514.55,518.79
2006-11-30,55.70589656,9.2,11.25,20.83,4188528.54418834,514.62,518.78
2006-12-01,,9.2,11.25,20.83,,514.63,518.77
2006-12-02,,,11.25,20.83,,514.63,518.77
2006-12-03,,,11.25,20.83,,514.63,518.77
2006-12-04,,9.2,11.25,20.83,,514.63,518.77
2006-12-05,,9.2,11.25,20.83,,514.68,518.8
2006-12-06,,9.2,11.25,20.7,,514.84,518.79
2006-12-07,,8.97,11.25,20.7,,514.88,518.82
2006-12-08,,8.97,11.25,20.7,,515.01,518.82
2006-12-09,,,11.25,20.7,,515.04,518.78
2006-12-10,,,11.25,20.7,,515.04,518.78
2006-12-11,,8.97,11.25,20.7,,515.04,518.78
2006-12-12,,8.97,11.25,20.7,,515.04,518.87
2006-12-13,,8.97,11.25,20.7,,515.06,518.92
2006-12-14,,8.97,11.25,20.7,,515.1,518.96
2006-12-15,,8.97,11.25,20.7,,515.18,518.97
2006-12-16,,,11.25,20.7,,515.23,518.97
2006-12-17,,,11.25,20.7,,515.23,518.97
2006-12-18,,8.97,11.25,20.7,,515.23,518.97
2006-12-19,,8.97,11.25,20.7,,515.27,518.9
2006-12-20,,8.97,11.25,20.7,,515.39,518.94
2006-12-21,,8.97,11.25,20.7,,515.43,519.0
2006-12-22,,8.97,11.25,20.7,,515.42,519.09
2006-12-23,,,11.25,20.7,,515.46,519.21
2006-12-24,,,11.25,20.7,,515.46,519.21
2006-12-25,,,11.25,20.7,,515.46,519.21
2006-12-26,,8.97,11.25,20.7,,515.46,519.21
2006-12-27,,8.97,11.25,20.7,,515.5,519.24
2006-12-28,,8.97,11.25,20.7,,515.57,519.46
2006-12-29,,8.97,11.25,20.7,,515.7,519.69
2006-12-30,,,11.25,20.7,,515.84,519.95
2006-12-31,56.27270813,,11.25,20.7,4306158.88084885,515.84,519.95
2007-01-01,,,11.25,20.7,,515.84,519.95
2007-01-02,,8.97,11.25,20.7,,515.84,519.95
2007-01-03,,8.97,11.25,20.63,,515.72,519.73
2007-01-04,,8.97,11.0,20.63,,515.68,519.82
2007-01-05,,8.97,11.0,20.63,,515.84,519.84
2007-01-06,,,11.0,20.63,,515.87,519.85
2007-01-07,,,11.0,20.63,,515.87,519.85
2007-01-08,,8.97,11.0,20.63,,515.87,519.85
2007-01-09,,8.97,11.0,20.63,,515.85,519.84
2007-01-10,,8.97,11.0,20.56,,515.87,519.85
2007-01-11,,8.97,11.0,20.56,,515.93,519.76
2007-01-12,,8.97,11.0,20.56,,516.02,519.85
2007-01-13,,,11.0,20.56,,516.04,519.87
2007-01-14,,,11.0,20.56,,516.04,519.87
2007-01-15,,8.97,11.0,20.56,,516.04,519.87
2007-01-16,,8.97,11.0,20.56,,516.12,519.89
2007-01-17,,8.97,11.0,20.49,,516.16,519.9
2007-01-18,,8.97,11.0,20.49,,516.23,519.99
2007-01-19,,8.97,11.0,20.49,,516.23,519.96
2007-01-20,,,11.0,20.49,,516.29,519.98
2007-01-21,,,11.0,20.49,,516.29,519.98
2007-01-22,,8.97,11.0,20.49,,516.29,519.98
2007-01-23,,8.97,11.0,20.49,,516.33,520.06
2007-01-24,,8.97,11.0,20.49,,516.38,520.11
2007-01-25,,8.97,10.75,20.49,,516.41,520.17
2007-01-26,,8.97,10.75,20.49,,516.44,520.19
2007-01-27,,,10.75,20.49,,516.51,520.24
2007-01-28,,,10.75,20.49,,516.51,520.24
2007-01-29,,8.97,10.75,20.49,,516.51,520.24
2007-01-30,,5.98,10.75,20.49,,516.58,520.44
2007-01-31,56.80853947,5.98,10.75,20.38,4356312.48343598,517.11,521.05
2007-02-01,,5.98,10.75,20.38,,517.25,521.2
2007-02-02,,5.98,10.75,20.38,,517.22,521.18
2007-02-03,,,10.75,20.38,,517.16,521.22
2007-02-04,,,10.75,20.38,,517.16,521.22
2007-02-05,,5.98,10.75,20.38,,517.16,521.22
2007-02-06,,5.98,10.75,20.38,,517.18,521.23
2007-02-07,,5.98,10.75,20.32,,517.17,521.19
2007-02-08,,5.98,10.25,20.32,,517.24,521.23
2007-02-09,,5.98,10.25,20.32,,517.23,521.26
2007-02-10,,,10.25,20.32,,517.26,521.17
2007-02-11,,,10.25,20.32,,517.26,521.17
2007-02-12,,5.98,10.25,20.32,,517.26,521.17
2007-02-13,,5.98,10.25,20.32,,517.24,521.08
2007-02-14,,5.98,10.25,19.93,,517.26,521.06
2007-02-15,,5.98,9.75,19.93,,517.27,521.04
2007-02-16,,5.98,9.75,19.93,,517.3,521.05
2007-02-17,,,9.75,19.93,,517.26,520.97
2007-02-18,,,9.75,19.93,,517.26,520.97
2007-02-19,,5.98,9.75,19.93,,517.26,520.97
2007-02-20,,5.98,9.75,19.93,,517.27,520.84
2007-02-21,,5.98,9.75,19.34,,517.19,520.94
2007-02-22,,5.98,9.75,19.34,,517.15,520.83
2007-02-23,,5.98,9.75,19.34,,517.16,520.83
2007-02-24,,,9.75,19.34,,517.03,520.82
2007-02-25,,,9.75,19.34,,517.03,520.82
2007-02-26,,5.98,9.75,19.34,,517.03,520.82
2007-02-27,,5.98,9.75,19.34,,516.98,520.86
2007-02-28,57.00926294,5.98,9.75,19.33,4450328.06583371,517.01,520.97
2007-03-01,,5.98,9.25,19.33,,516.99,520.96
2007-03-02,,5.98,9.25,19.33,,516.93,520.87
2007-03-03,,,9.25,19.33,,516.87,520.85
2007-03-04,,,9.25,19.33,,516.87,520.85
2007-03-05,,5.98,9.25,19.33,,516.87,520.85
2007-03-06,,5.98,9.25,19.33,,516.87,520.85
2007-03-07,,5.98,9.25,19.12,,516.84,520.85
2007-03-08,,5.98,8.75,19.12,,516.8,520.77
2007-03-09,,5.98,8.75,19.12,,516.81,520.73
2007-03-10,,,8.75,19.12,,516.85,520.68
2007-03-11,,,8.75,19.12,,516.85,520.68
2007-03-12,,5.98,8.75,19.12,,516.85,520.68
2007-03-13,,5.98,8.75,19.12,,516.88,520.7
2007-03-14,,5.98,8.75,18.88,,516.92,520.7
2007-03-15,,5.98,8.25,18.88,,516.96,520.77
2007-03-16,,5.98,8.25,18.88,,517.01,520.77
2007-03-17,,,8.25,18.88,,517.05,520.76
2007-03-18,,,8.25,18.88,,517.05,520.76
2007-03-19,,5.98,8.25,18.88,,517.05,520.76
2007-03-20,,5.98,8.25,18.88,,517.04,520.75
2007-03-21,,5.98,8.25,18.88,,517.03,520.77
2007-03-22,,5.98,8.0,18.65,,517.0,520.74
2007-03-23,,5.98,8.0,18.65,,516.97,520.77
2007-03-24,,,8.0,18.65,,516.87,520.75
2007-03-25,,,8.0,18.65,,516.87,520.75
2007-03-26,,5.98,8.0,18.65,,516.87,520.75
2007-03-27,,5.98,8.0,18.65,,516.86,520.76
2007-03-28,,5.98,8.0,18.15,,516.86,520.73
2007-03-29,,5.98,8.0,18.15,,516.86,520.73
2007-03-30,,5.98,8.0,18.15,,516.93,520.71
2007-03-31,57.42126377,,8.0,18.15,4561161.3963543,516.91,520.69
2007-04-01,,,8.0,18.15,,516.91,520.69
2007-04-02,,5.98,8.0,18.15,,516.91,520.69
2007-04-03,,5.98,8.0,18.15,,516.95,520.73
2007-04-04,,5.98,8.0,18.15,,516.91,520.68
2007-04-05,,,7.75,18.15,,516.91,520.64
2007-04-06,,,7.75,18.15,,516.91,520.64
2007-04-07,,,7.75,18.15,,516.91,520.64
2007-04-08,,,7.75,18.15,,516.91,520.64
2007-04-09,,5.98,7.75,18.15,,516.91,520.64
2007-04-10,,5.98,7.75,18.15,,516.84,520.63
2007-04-11,,5.98,7.75,18.04,,516.78,520.67
2007-04-12,,5.98,7.75,18.04,,516.75,520.64
2007-04-13,,5.98,7.75,18.04,,516.82,520.69
2007-04-14,,,7.75,18.04,,516.84,520.74
2007-04-15,,,7.75,18.04,,516.84,520.74
2007-04-16,,,7.75,18.04,,516.84,520.74
2007-04-17,,5.98,7.75,18.04,,516.84,520.74
2007-04-18,,5.98,7.75,18.02,,516.84,520.66
2007-04-19,,5.98,7.5,18.02,,516.94,520.66
2007-04-20,,5.98,7.5,18.02,,516.93,520.66
2007-04-21,,,7.5,18.02,,515.59,521.31
2007-04-22,,,7.5,18.02,,515.59,521.31
2007-04-23,,5.98,7.5,18.02,,515.59,521.31
2007-04-24,,5.98,7.5,18.02,,516.88,520.62
2007-04-25,,5.98,7.5,17.77,,516.86,520.69
2007-04-26,,5.98,7.5,17.77,,516.81,520.69
2007-04-27,,5.98,7.5,17.77,,516.81,520.67
2007-04-28,,,7.5,17.77,,516.8,520.68
2007-04-29,,,7.5,17.77,,516.8,520.68
2007-04-30,57.95214204,5.98,7.5,17.77,4642042.01441212,516.8,520.68
2007-05-01,,,7.5,17.77,,516.84,520.69
2007-05-02,,5.98,7.5,17.21,,516.84,520.69
2007-05-03,,5.98,7.5,17.21,,516.83,520.71
2007-05-04,,5.98,7.5,17.21,,516.79,520.72
2007-05-05,,,7.5,17.21,,516.79,520.72
2007-05-06,,,7.5,17.21,,516.79,520.72
2007-05-07,,5.98,7.5,17.21,,516.79,520.72
2007-05-08,,5.98,7.5,17.21,,516.77,520.72
2007-05-09,,5.98,7.5,16.72,,516.73,520.71
2007-05-10,,5.98,7.25,16.72,,516.71,520.71
2007-05-11,,5.98,7.25,16.72,,516.75,520.68
2007-05-12,,,7.25,16.72,,516.74,520.68
2007-05-13,,,7.25,16.72,,516.74,520.68
2007-05-14,,5.98,7.25,16.72,,516.74,520.68
2007-05-15,,5.98,7.25,16.72,,516.73,520.68
2007-05-16,,5.98,7.25,16.68,,516.77,520.69
2007-05-17,,5.98,7.25,16.68,,516.86,520.68
2007-05-18,,5.98,7.25,16.68,,516.81,520.71
2007-05-19,,,7.25,16.68,,516.84,520.73
2007-05-20,,,7.25,16.68,,516.84,520.73
2007-05-21,,5.98,7.25,16.68,,516.84,520.73
2007-05-22,,5.98,7.25,16.68,,516.84,520.75
2007-05-23,,5.98,7.25,16.48,,516.82,520.77
2007-05-24,,5.98,7.25,16.48,,516.71,520.78
2007-05-25,,5.98,7.25,16.48,,516.76,520.78
2007-05-26,,,7.25,16.48,,516.7,520.76
2007-05-27,,,7.25,16.48,,516.7,520.76
2007-05-28,,5.98,7.25,16.48,,516.7,520.76
2007-05-29,,5.98,7.25,16.48,,516.69,520.74
2007-05-30,,5.98,7.25,16.48520379,,516.69,520.73
2007-05-31,58.55551875,5.98,7.25,16.48520379,4770703.34521811,516.65,520.76
2007-06-01,,5.98,7.25,16.48520379,,516.64,520.7
2007-06-02,,,7.25,16.48520379,,516.67,520.69
2007-06-03,,,7.25,16.48520379,,516.67,520.69
2007-06-04,,5.98,7.25,16.48520379,,516.67,520.69
2007-06-05,,5.98,7.25,16.48520379,,516.69,520.7
2007-06-06,,5.98,7.25,16.50139338,,516.71,520.68
2007-06-07,,5.98,7.25,16.50139338,,516.71,520.68
2007-06-08,,5.98,7.25,16.50139338,,516.74,520.72
2007-06-09,,,7.25,16.50139338,,516.79,520.69
2007-06-10,,,7.25,16.50139338,,516.79,520.69
2007-06-11,,5.98,7.25,16.50139338,,516.79,520.69
2007-06-12,,5.98,7.25,16.50139338,,516.8,520.67
2007-06-13,,5.98,7.25,16.45394523,,516.78,520.67
2007-06-14,,5.98,7.25,16.45394523,,516.77,520.66
2007-06-15,,5.98,7.25,16.45394523,,516.75,520.65
2007-06-16,,,7.25,16.45394523,,516.72,520.68
2007-06-17,,,7.25,16.45394523,,516.72,520.68
2007-06-18,,5.98,7.25,16.45394523,,516.72,520.68
2007-06-19,,5.98,7.25,16.45394523,,516.67,520.7
2007-06-20,,5.98,7.25,16.45022581,,516.67,520.7
2007-06-21,,5.98,7.25,16.45022581,,516.7,520.7
2007-06-22,,5.98,7.25,16.45022581,,516.7,520.7
2007-06-23,,,7.25,16.45022581,,516.59,520.73
2007-06-24,,,7.25,16.45022581,,516.59,520.73
2007-06-25,,5.98,7.25,16.45022581,,516.59,520.73
2007-06-26,,5.98,7.25,16.45022581,,516.58,520.72
2007-06-27,,5.98,7.25,16.45019711,,516.52,520.74
2007-06-28,,5.98,7.25,16.45019711,,516.51,520.74
2007-06-29,,5.98,7.25,16.45019711,,516.51,520.72
2007-06-30,58.88865298,,7.25,16.45019711,4920520.71962249,516.53,520.72
2007-07-01,,,7.25,16.45019711,,516.53,520.72
2007-07-02,,5.98,7.25,16.45019711,,516.53,520.72
2007-07-03,,5.98,7.25,16.45019711,,516.55,520.73
2007-07-04,,5.98,7.25,16.45019711,,516.6,520.74
2007-07-05,,5.98,7.25,16.45019711,,516.59,520.73
2007-07-06,,5.98,7.25,16.45019711,,516.58,520.75
2007-07-07,,,7.25,16.45019711,,516.58,520.74
2007-07-08,,,7.25,16.45019711,,516.58,520.74
2007-07-09,,5.98,7.25,16.45019711,,516.58,520.74
2007-07-10,,5.98,7.25,16.45019711,,516.57,520.72
2007-07-11,,5.98,7.25,16.37053208,,516.61,520.73
2007-07-12,,5.98,7.25,16.37053208,,516.65,520.73
2007-07-13,,5.98,7.25,16.37053208,,516.69,520.7
2007-07-14,,,7.25,16.37053208,,516.67,520.69
2007-07-15,,,7.25,16.37053208,,516.67,520.69
2007-07-16,,5.98,7.25,16.37053208,,516.67,520.69
2007-07-17,,5.98,7.25,16.37053208,,516.66,520.69
2007-07-18,,5.98,7.25,16.38160145,,516.61,520.7
2007-07-19,,5.98,7.25,16.38160145,,516.65,520.72
2007-07-20,,5.98,7.25,16.38160145,,516.62,520.74
2007-07-21,,,7.25,16.38160145,,516.62,520.75
2007-07-22,,,7.25,16.38160145,,516.62,520.75
2007-07-23,,5.98,7.25,16.38160145,,516.62,520.75
2007-07-24,,5.98,7.25,16.38160145,,516.62,520.72
2007-07-25,,5.98,7.25,16.36710274,,516.61,520.7
2007-07-26,,5.98,7.25,16.36710274,,516.53,520.7
2007-07-27,,5.98,7.25,16.36710274,,516.53,520.69
2007-07-28,,,7.25,16.36710274,,516.53,520.68
2007-07-29,,,7.25,16.36710274,,516.53,520.68
2007-07-30,,,7.25,16.36710274,,516.53,520.68
2007-07-31,59.43582481,5.98,7.25,16.36710274,5048201.98042089,516.53,520.68
2007-08-01,,5.98,7.25,16.41421205,,516.59,520.68
2007-08-02,,,7.25,16.41421205,,516.62,520.65
2007-08-03,,5.98,7.25,16.41421205,,516.62,520.65
2007-08-04,,,7.25,16.41421205,,516.63,520.67
2007-08-05,,,7.25,16.41421205,,516.63,520.67
2007-08-06,,5.98,7.25,16.41421205,,516.63,520.67
2007-08-07,,5.98,7.25,16.41421205,,516.6,520.66
2007-08-08,,5.98,7.25,16.41670054,,516.56,520.72
2007-08-09,,5.98,7.25,16.41670054,,516.51,520.71
2007-08-10,,5.98,7.25,16.41670054,,516.48,520.75
2007-08-11,,,7.25,16.41670054,,516.51,520.74
2007-08-12,,,7.25,16.41670054,,516.51,520.74
2007-08-13,,5.98,7.25,16.41670054,,516.51,520.74
2007-08-14,,5.98,7.25,16.41670054,,516.52,520.73
2007-08-15,,5.98,7.25,16.41127978,,516.52,520.69
2007-08-16,,5.52,7.25,16.41127978,,516.55,520.66
2007-08-17,,5.52,7.25,16.41127978,,516.61,520.66
2007-08-18,,,7.25,16.41127978,,516.65,520.66
2007-08-19,,,7.25,16.41127978,,516.65,520.66
2007-08-20,,,7.25,16.41127978,,516.65,520.66
2007-08-21,,5.52,7.25,16.41127978,,516.65,520.66
2007-08-22,,5.52,7.25,16.40965555,,516.64,520.66
2007-08-23,,5.52,7.25,16.40965555,,516.62,520.67
2007-08-24,,5.52,7.25,16.40965555,,516.6,520.69
2007-08-25,,,7.25,16.40965555,,516.61,520.68
2007-08-26,,,7.25,16.40965555,,516.61,520.68
2007-08-27,,5.52,7.25,16.40965555,,516.61,520.68
2007-08-28,,5.52,7.25,16.40965555,,516.53,520.69
2007-08-29,,5.52,7.25,15.93838058,,516.47,520.7
2007-08-30,,5.52,7.25,15.93838058,,516.51,520.7
2007-08-31,59.85259586,5.52,7.25,15.93838058,5192022.98310352,516.44,520.75
2007-09-01,,,7.25,15.93838058,,516.37,520.74
2007-09-02,,,7.25,15.93838058,,516.37,520.74
2007-09-03,,5.52,7.25,15.93838058,,516.37,520.74
2007-09-04,,5.52,7.25,15.93838058,,516.37,520.74
2007-09-05,,5.52,7.25,15.91306861,,516.3,520.73
2007-09-06,,5.52,7.25,15.91306861,,516.33,520.75
2007-09-07,,5.52,7.25,15.91306861,,516.37,520.75
2007-09-08,,,7.25,15.91306861,,516.39,520.74
2007-09-09,,,7.25,15.91306861,,516.39,520.74
2007-09-10,,5.52,7.25,15.91306861,,516.39,520.74
2007-09-11,,5.52,7.25,15.91306861,,516.39,520.72
2007-09-12,,5.52,7.25,15.91635306,,516.38,520.73
2007-09-13,,5.52,7.25,15.91635306,,516.4,520.71
2007-09-14,,5.52,7.25,15.91635306,,516.41,520.68
2007-09-15,,,7.25,15.91635306,,516.39,520.68
2007-09-16,,,7.25,15.91635306,,516.39,520.68
2007-09-17,,5.52,7.25,15.91635306,,516.39,520.68
2007-09-18,,5.52,7.25,15.91635306,,516.38,520.7
2007-09-19,,5.52,7.25,15.78437262,,516.38,520.7
2007-09-20,,5.52,7.25,15.78437262,,516.37,520.73
2007-09-21,,5.52,7.25,15.78437262,,516.34,520.75
2007-09-22,,,7.25,15.78437262,,516.34,520.74
2007-09-23,,,7.25,15.78437262,,516.34,520.74
2007-09-24,,5.52,7.25,15.78437262,,516.34,520.74
2007-09-25,,5.52,7.25,15.78437262,,516.32,520.72
2007-09-26,,5.52,7.25,15.74358287,,516.34,520.71
2007-09-27,,5.52,7.25,15.74358287,,516.33,520.69
2007-09-28,,5.52,7.25,15.74358287,,516.34,520.69
2007-09-29,,,7.25,15.74358287,,516.39,520.74
2007-09-30,60.23158113,,7.25,15.74358287,5380862.67308027,516.39,520.74
2007-10-01,,5.52,7.25,15.74358287,,516.39,520.74
2007-10-02,,5.52,7.25,15.74358287,,516.43,520.71
2007-10-03,,5.52,7.25,15.89414529,,516.43,520.7
2007-10-04,,5.52,7.25,15.89414529,,516.42,520.71
2007-10-05,,5.52,7.25,15.89414529,,516.42,520.72
2007-10-06,,,7.25,15.89414529,,516.37,520.74
2007-10-07,,,7.25,15.89414529,,516.37,520.74
2007-10-08,,5.52,7.25,15.89414529,,516.37,520.74
2007-10-09,,5.52,7.25,15.89414529,,516.31,520.8
2007-10-10,,5.52,7.25,15.89414529,,516.31,520.86
2007-10-11,,5.52,7.25,15.89414529,,516.48,520.98
2007-10-12,,5.52,7.25,15.89414529,,516.55,520.96
2007-10-13,,,7.25,15.89414529,,516.63,521.06
2007-10-14,,,7.25,15.89414529,,516.63,521.06
2007-10-15,,,7.25,15.89414529,,516.63,521.06
2007-10-16,,5.52,7.25,15.89414529,,516.63,521.06
2007-10-17,,5.52,7.25,15.88658634,,516.67,521.2
2007-10-18,,5.52,7.25,15.88658634,,516.73,521.33
2007-10-19,,5.52,7.25,15.88658634,,516.7,521.31
2007-10-20,,,7.25,15.88658634,,516.73,521.39
2007-10-21,,,7.25,15.88658634,,516.73,521.39
2007-10-22,,5.52,7.25,15.88658634,,516.73,521.39
2007-10-23,,5.52,7.25,15.88658634,,516.72,521.36
2007-10-24,,5.52,7.25,16.00146965,,516.72,521.28
2007-10-25,,5.52,7.0,16.00146965,,516.7,521.19
2007-10-26,,5.52,7.0,16.00146965,,516.73,521.21
2007-10-27,,,7.0,16.00146965,,516.7,521.15
2007-10-28,,,7.0,16.00146965,,516.7,521.15
2007-10-29,,5.52,7.0,16.00146965,,516.7,521.15
2007-10-30,,5.52,7.0,16.00146965,,516.71,521.15
2007-10-31,60.57507508,5.52,7.0,15.9563755,5619500.25880643,516.71,521.16
2007-11-01,,5.52,7.0,15.9563755,,516.69,521.2
2007-11-02,,5.52,7.0,15.9563755,,516.72,521.21
2007-11-03,,,7.0,15.9563755,,516.68,521.23
2007-11-04,,,7.0,15.9563755,,516.68,521.23
2007-11-05,,5.52,7.0,15.9563755,,516.68,521.23
2007-11-06,,5.52,7.0,15.9563755,,516.7,521.29
2007-11-07,,5.52,7.0,16.18657664,,516.65,521.3
2007-11-08,,5.52,7.0,16.18657664,,516.72,521.33
2007-11-09,,5.52,7.0,16.18657664,,516.62,521.3
2007-11-10,,,7.0,16.18657664,,516.66,521.24
2007-11-11,,,7.0,16.18657664,,516.66,521.24
2007-11-12,,5.52,7.0,16.18657664,,516.66,521.24
2007-11-13,,5.52,7.0,16.18657664,,516.65,521.2
2007-11-14,,5.52,7.0,16.1873708,,516.67,521.15
2007-11-15,,5.52,7.0,16.1873708,,516.65,521.19
2007-11-16,,5.52,7.0,16.1873708,,516.7,521.21
2007-11-17,,,7.0,16.1873708,,516.7,521.25
2007-11-18,,,7.0,16.1873708,,516.7,521.25
2007-11-19,,5.52,7.0,16.1873708,,516.7,521.25
2007-11-20,,5.52,7.0,16.1873708,,516.72,521.2
2007-11-21,,5.52,7.0,16.18866006,,516.78,521.23
2007-11-22,,5.52,7.0,16.18866006,,516.76,521.23
2007-11-23,,5.52,7.0,16.18866006,,496.64,505.15
2007-11-24,,,7.0,16.18866006,,496.57,503.49
2007-11-25,,,7.0,16.18866006,,496.57,503.49
2007-11-26,,5.52,7.0,16.18866006,,496.57,503.49
2007-11-27,,5.52,7.0,16.18866006,,496.47,503.02
2007-11-28,,5.52,7.0,16.18526985,,496.39,503.12
2007-11-29,,5.52,7.0,16.18526985,,496.21,502.38
2007-11-30,61.3269868,5.52,7.0,16.18526985,5773013.98888604,496.17,502.25
2007-12-01,,,7.0,16.18526985,,496.24,502.28
2007-12-02,,,7.0,16.18526985,,496.24,502.28
2007-12-03,,5.52,7.0,16.18526985,,496.24,502.28
2007-12-04,,5.52,7.0,16.18526985,,496.25,502.28
2007-12-05,,5.52,7.0,16.25594245,,496.21,502.24
2007-12-06,,5.52,7.0,16.25594245,,496.18,502.18
2007-12-07,,5.52,7.0,16.25594245,,496.17,502.15
2007-12-08,,,7.0,16.25594245,,496.16,502.11
2007-12-09,,,7.0,16.25594245,,496.16,502.11
2007-12-10,,5.52,7.0,16.25594245,,496.16,502.11
2007-12-11,,5.52,7.0,16.25594245,,496.14,502.17
2007-12-12,,5.52,7.0,16.21496774,,496.08,502.0
2007-12-13,,5.52,7.0,16.21496774,,495.97,501.91
2007-12-14,,5.52,7.0,16.21496774,,495.89,501.84
2007-12-15,,,7.0,16.21496774,,495.9,501.84
2007-12-16,,,7.0,16.21496774,,495.9,501.84
2007-12-17,,5.52,7.0,16.21496774,,495.9,501.84
2007-12-18,,5.52,7.0,16.21496774,,495.51,501.42
2007-12-19,,5.52,7.0,16.21496774,,495.49,501.33
2007-12-20,,5.52,7.0,16.21496774,,495.36,501.03
2007-12-21,,5.52,7.0,16.21496774,,495.35,501.0
2007-12-22,,,7.0,16.21496774,,495.35,500.99
2007-12-23,,,7.0,16.21496774,,495.35,500.99
2007-12-24,,5.52,7.0,16.21496774,,495.35,500.99
2007-12-25,,,7.0,16.21496774,,495.31,501.04
2007-12-26,,5.52,7.0,16.25594245,,495.31,501.04
2007-12-27,,5.52,7.0,16.25594245,,495.28,501.02
2007-12-28,,5.52,7.0,16.25594245,,495.26,500.97
2007-12-29,,,7.0,16.25594245,,495.23,500.97
2007-12-30,,,7.0,16.25594245,,495.23,500.97
2007-12-31,62.35326928,,7.0,16.25594245,5970933.29516093,495.23,500.97
2008-01-01,,,7.0,16.25594245,,495.23,500.97
2008-01-02,,5.52,7.0,16.04281833,,495.23,500.97
2008-01-03,,5.52,7.0,16.04281833,,495.24,500.95
2008-01-04,,5.52,7.0,16.04281833,,495.15,500.89
2008-01-05,,,7.0,16.04281833,,495.12,500.82
2008-01-06,,,7.0,16.04281833,,495.12,500.82
2008-01-07,,5.52,7.0,16.04281833,,495.12,500.82
2008-01-08,,5.52,7.0,16.04281833,,494.91,500.69
2008-01-09,,5.52,7.0,16.04396426,,494.8,500.68
2008-01-10,,5.52,7.25,16.04396426,,494.77,500.59
2008-01-11,,5.52,7.25,16.04396426,,494.8,500.53
2008-01-12,,,7.25,16.04396426,,494.86,500.54
2008-01-13,,,7.25,16.04396426,,494.86,500.54
2008-01-14,,5.52,7.25,16.04396426,,494.86,500.54
2008-01-15,,5.52,7.25,16.04396426,,494.87,500.51
2008-01-16,,5.52,7.25,16.04123387,,494.86,500.47
2008-01-17,,5.52,7.25,16.04123387,,494.75,500.3
2008-01-18,,5.52,7.25,16.04123387,,494.72,500.27
2008-01-19,,,7.25,16.04123387,,494.35,499.99
2008-01-20,,,7.25,16.04123387,,494.35,499.99
2008-01-21,,5.52,7.25,16.04123387,,494.35,499.99
2008-01-22,,5.52,7.25,16.04123387,,494.24,499.97
2008-01-23,,5.52,7.25,16.04111537,,494.1,499.85
2008-01-24,,5.52,7.25,16.04111537,,494.03,499.87
2008-01-25,,5.52,7.25,16.04111537,,494.08,499.89
2008-01-26,,,7.25,16.04111537,,494.05,499.89
2008-01-27,,,7.25,16.04111537,,494.05,499.89
2008-01-28,,5.52,7.25,16.04111537,,494.05,499.89
2008-01-29,,5.52,7.25,16.04111537,,494.01,499.83
2008-01-30,,5.52,7.25,16.35296093,,493.99,499.82
2008-01-31,62.80904507,5.99,7.25,16.35296093,5974696.66103998,493.93,499.74
2008-02-01,,5.99,7.25,16.35296093,,493.82,499.61
2008-02-02,,,7.25,16.35296093,,493.72,499.44
2008-02-03,,,7.25,16.35296093,,493.72,499.44
2008-02-04,,5.99,7.25,16.35296093,,493.72,499.44
2008-02-05,,5.99,7.25,16.35296093,,493.72,499.41
2008-02-06,,5.99,7.25,15.49790588,,493.7,499.35
2008-02-07,,5.99,6.5,15.49790588,,493.68,499.33
2008-02-08,,5.99,6.5,15.49790588,,493.66,499.3
2008-02-09,,,6.5,15.49790588,,493.63,499.24
2008-02-10,,,6.5,15.49790588,,493.63,499.24
2008-02-11,,5.99,6.5,15.49790588,,493.63,499.24
2008-02-12,,5.99,6.5,15.49790588,,493.65,499.24
2008-02-13,,5.99,6.5,15.49790588,,493.63,499.23
2008-02-14,,5.99,5.75,15.49790588,,493.63,499.22
2008-02-15,,5.99,5.75,15.49790588,,493.48,499.11
2008-02-16,,,5.75,15.49790588,,493.45,499.12
2008-02-17,,,5.75,15.49790588,,493.45,499.12
2008-02-18,,5.99,5.75,15.49790588,,493.45,499.12
2008-02-19,,5.99,5.75,15.49790588,,493.4,499.15
2008-02-20,,5.99,5.75,14.60622979,,493.34,499.12
2008-02-21,,5.99,5.75,14.60622979,,493.3,499.09
2008-02-22,,5.99,5.75,14.60622979,,493.25,499.14
2008-02-23,,,5.75,14.60622979,,493.27,499.06
2008-02-24,,,5.75,14.60622979,,493.27,499.06
2008-02-25,,5.99,5.75,14.60622979,,493.27,499.06
2008-02-26,,5.99,5.75,14.60622979,,493.29,499.08
2008-02-27,,5.99,5.75,14.58997483,,493.32,499.24
2008-02-28,,5.99,5.5,14.58997483,,493.45,499.29
2008-02-29,63.50787369,5.99,5.5,14.58997483,6131971.07263287,493.21,499.0
2008-03-01,,,5.5,14.58997483,,493.09,499.02
2008-03-02,,,5.5,14.58997483,,493.09,499.02
2008-03-03,,5.99,5.5,14.58997483,,493.09,499.02
2008-03-04,,5.99,5.5,14.58997483,,492.93,498.93
2008-03-05,,5.99,5.5,14.41767296,,492.96,498.86
2008-03-06,,5.99,5.5,14.41767296,,492.98,498.87
2008-03-07,,5.99,5.5,14.41767296,,492.9,498.8
2008-03-08,,,5.5,14.41767296,,492.86,498.71
2008-03-09,,,5.5,14.41767296,,492.86,498.71
2008-03-10,,5.99,5.5,14.41767296,,492.86,498.71
2008-03-11,,5.99,5.5,14.41767296,,492.79,498.66
2008-03-12,,5.99,5.5,14.41767296,,492.71,498.59
2008-03-13,,5.99,5.25,14.41767296,,492.37,498.22
2008-03-14,,5.99,5.25,14.41767296,,492.33,498.26
2008-03-15,,,5.25,14.41767296,,492.19,498.15
2008-03-16,,,5.25,14.41767296,,492.19,498.15
2008-03-17,,5.99,5.25,14.41767296,,492.19,498.15
2008-03-18,,5.99,5.25,14.41767296,,492.19,498.22
2008-03-19,,5.99,5.25,14.29656363,,492.06,498.01
2008-03-20,,,5.25,14.29656363,,492.04,497.97
2008-03-21,,,5.25,14.29656363,,492.04,497.97
2008-03-22,,,5.25,14.29656363,,492.04,497.97
2008-03-23,,,5.25,14.29656363,,492.04,497.97
2008-03-24,,5.99,5.25,14.29656363,,492.04,497.97
2008-03-25,,5.99,5.25,14.29656363,,491.97,497.91
2008-03-26,,5.99,5.25,14.14,,491.89,497.93
2008-03-27,,5.99,5.25,14.14,,491.87,497.92
2008-03-28,,5.99,5.25,14.14,,491.65,497.71
2008-03-29,,,5.25,14.14,,491.64,497.67
2008-03-30,,,5.25,14.14,,491.64,497.67
2008-03-31,63.75800552,5.99,5.25,14.14,6288639.4856086,491.64,497.67
2008-04-01,,5.99,5.25,14.14,,491.57,497.62
2008-04-02,,5.99,5.25,14.6,,491.61,497.6
2008-04-03,,5.99,5.25,14.6,,491.6,497.59
2008-04-04,,5.99,5.25,14.6,,491.45,497.45
2008-04-05,,,5.25,14.6,,491.38,497.42
2008-04-06,,,5.25,14.6,,491.38,497.42
2008-04-07,,5.99,5.25,14.6,,491.38,497.42
2008-04-08,,5.99,5.25,14.6,,491.39,497.4
2008-04-09,,5.99,5.25,14.6,,491.32,497.18
2008-04-10,,5.99,4.75,14.6,,491.31,497.14
2008-04-11,,5.99,4.75,14.6,,491.39,497.23
2008-04-12,,,4.75,14.6,,491.35,497.15
2008-04-13,,,4.75,14.6,,491.35,497.15
2008-04-14,,,4.75,14.6,,491.35,497.15
2008-04-15,,5.99,4.75,14.6,,491.35,497.15
2008-04-16,,5.99,4.75,14.08,,491.24,497.0
2008-04-17,,5.99,4.25,14.08,,491.15,496.83
2008-04-18,,5.99,4.25,14.08,,491.17,496.91
2008-04-19,,,4.25,14.08,,491.17,496.89
2008-04-20,,,4.25,14.08,,491.17,496.89
2008-04-21,,5.99,4.25,14.08,,491.17,496.89
2008-04-22,,5.99,4.25,14.08,,491.12,496.91
2008-04-23,,5.99,4.25,14.02,,491.08,496.92
2008-04-24,,5.99,4.25,14.02,,491.14,497.04
2008-04-25,,5.99,4.25,14.02,,491.07,496.92
2008-04-26,,,4.25,14.02,,491.04,497.04
2008-04-27,,,4.25,14.02,,491.04,497.04
2008-04-28,,5.99,4.25,14.02,,491.04,497.04
2008-04-29,,5.99,4.25,14.02,,491.19,496.99
2008-04-30,64.29571591,5.99,4.25,14.37,6456640.36338161,491.34,497.21
2008-05-01,,,4.25,14.37,,491.37,497.36
2008-05-02,,5.99,4.25,14.37,,491.37,497.36
2008-05-03,,,4.25,14.37,,491.33,497.37
2008-05-04,,,4.25,14.37,,491.33,497.37
2008-05-05,,5.99,4.25,14.37,,491.33,497.37
2008-05-06,,5.99,4.25,14.37,,491.4,497.52
2008-05-07,,5.99,4.25,14.53,,491.4,497.83
2008-05-08,,5.99,4.25,14.53,,492.05,498.51
2008-05-09,,5.99,4.25,14.53,,494.6,501.07
2008-05-10,,,4.25,14.53,,504.1,511.94
2008-05-11,,,4.25,14.53,,504.1,511.94
2008-05-12,,5.99,4.25,14.53,,504.1,511.94
2008-05-13,,5.99,4.25,14.53,,507.54,516.16
2008-05-14,,5.99,4.25,14.53,,511.41,518.71
2008-05-15,,5.99,4.25,14.53,,514.12,521.51
2008-05-16,,5.99,4.25,14.53,,514.09,521.2
2008-05-17,,,4.25,14.53,,514.16,521.1
2008-05-18,,,4.25,14.53,,514.16,521.1
2008-05-19,,5.99,4.25,14.53,,514.16,521.1
2008-05-20,,5.99,4.25,14.53,,514.26,521.35
2008-05-21,,5.99,4.25,14.53,,514.91,521.6
2008-05-22,,5.99,5.0,14.53,,516.01,523.38
2008-05-23,,5.99,5.0,14.53,,520.63,527.82
2008-05-24,,5.99,5.0,14.53,,519.3,526.27
2008-05-25,,5.99,5.0,14.53,,519.3,526.27
2008-05-26,,5.99,5.0,14.53,,519.3,526.27
2008-05-27,,5.99,5.0,14.53,,516.69,523.33
2008-05-28,,5.99,5.0,14.83270225,,516.37,522.88
2008-05-29,,7.0,5.0,14.83270225,,516.43,522.89
2008-05-30,,7.0,5.0,14.83270225,,516.42,522.88
2008-05-31,65.52113936,7.0,5.0,14.83270225,6725015.74601405,516.46,522.88
2008-06-01,,7.0,5.0,14.83270225,,516.46,522.88
2008-06-02,,7.0,5.0,14.83270225,,516.46,522.88
2008-06-03,,7.0,5.0,14.83270225,,516.48,522.94
2008-06-04,,7.0,5.0,14.68126913,,516.5,522.91
2008-06-05,,7.0,5.5,14.68126913,,516.45,522.91
2008-06-06,,7.0,5.5,14.68126913,,516.46,522.91
2008-06-07,,7.0,5.5,14.68126913,,516.47,522.93
2008-06-08,,7.0,5.5,14.68126913,,516.47,522.93
2008-06-09,,7.0,5.5,14.68126913,,516.47,522.93
2008-06-10,,7.0,5.5,14.68126913,,516.43,522.86
2008-06-11,,7.0,5.5,14.83247977,,516.41,522.88
2008-06-12,,7.0,5.5,14.83247977,,516.56,522.97
2008-06-13,,7.0,5.5,14.83247977,,516.69,523.03
2008-06-14,,7.0,5.5,14.83247977,,516.68,523.07
2008-06-15,,7.0,5.5,14.83247977,,516.68,523.07
2008-06-16,,7.0,5.5,14.83247977,,516.68,523.07
2008-06-17,,7.0,5.5,14.83247977,,516.68,523.08
2008-06-18,,7.0,5.5,15.25880786,,516.62,522.95
2008-06-19,,8.0,5.5,15.25880786,,516.46,522.82
2008-06-20,,8.0,5.5,15.25880786,,516.37,522.76
2008-06-21,,8.0,5.5,15.25880786,,516.35,522.74
2008-06-22,,8.0,5.5,15.25880786,,516.35,522.74
2008-06-23,,8.0,5.5,15.25880786,,516.35,522.74
2008-06-24,,8.0,5.5,15.25880786,,516.35,522.73
2008-06-25,,8.0,5.5,15.25880786,,516.31,522.75
2008-06-26,,8.0,5.5,15.3059874,,516.31,522.75
2008-06-27,,8.0,5.5,15.3059874,,516.33,522.74
2008-06-28,,8.0,5.5,15.3059874,,516.34,522.76
2008-06-29,,8.0,5.5,15.3059874,,516.34,522.76
2008-06-30,66.43698135,8.0,5.5,15.3059874,6824974.18201822,516.34,522.76
2008-07-01,,8.0,5.5,15.3059874,,516.46,522.81
2008-07-02,,8.0,5.5,15.10532354,,516.46,522.81
2008-07-03,,8.0,5.5,15.10532354,,516.38,522.73
2008-07-04,,8.0,5.5,15.10532354,,516.34,522.74
2008-07-05,,8.0,5.5,15.10532354,,516.33,522.74
2008-07-06,,8.0,5.5,15.10532354,,516.33,522.74
2008-07-07,,8.0,5.5,15.10532354,,516.33,522.74
2008-07-08,,8.0,5.5,15.10532354,,516.24,522.73
2008-07-09,,8.0,5.5,15.15136022,,516.21,522.73
2008-07-10,,9.0,5.75,15.15136022,,516.86,523.45
2008-07-11,,9.0,5.75,15.15136022,,517.2,523.83
2008-07-12,,9.0,5.75,15.15136022,,521.2,528.08
2008-07-13,,9.0,5.75,15.15136022,,521.2,528.08
2008-07-14,,9.0,5.75,15.15136022,,521.2,528.08
2008-07-15,,9.0,5.75,15.15136022,,526.73,533.65
2008-07-16,,9.0,5.75,15.50148661,,538.91,551.31
2008-07-17,,9.0,6.5,15.50148661,,544.61,556.27
2008-07-18,,9.0,6.5,15.50148661,,545.05,556.16
2008-07-19,,9.0,6.5,15.50148661,,545.72,556.32
2008-07-20,,9.0,6.5,15.50148661,,545.72,556.32
2008-07-21,,9.0,6.5,15.50148661,,545.72,556.32
2008-07-22,,9.0,6.5,15.50148661,,545.94,556.37
2008-07-23,,9.0,6.5,15.94924012,,545.92,556.39
2008-07-24,,9.0,7.0,15.94924012,,546.19,556.55
2008-07-25,,9.0,7.0,15.94924012,,546.39,556.61
2008-07-26,,9.0,7.0,15.94924012,,546.38,556.63
2008-07-27,,9.0,7.0,15.94924012,,546.38,556.63
2008-07-28,,9.0,7.0,15.94924012,,546.38,556.63
2008-07-29,,9.0,7.0,15.94924012,,546.38,556.63
2008-07-30,,9.0,7.0,16.11711244,,546.42,556.61
2008-07-31,67.85776388,9.0,7.0,16.11711244,7125432.15180836,546.49,556.64
2008-08-01,,9.0,7.0,16.11711244,,546.69,556.78
2008-08-02,,9.0,7.0,16.11711244,,546.83,556.85
2008-08-03,,9.0,7.0,16.11711244,,546.83,556.85
2008-08-04,,9.0,7.0,16.11711244,,546.83,556.85
2008-08-05,,9.0,7.0,16.11711244,,546.89,556.86
2008-08-06,,9.0,7.0,16.32713639,,547.0,556.9
2008-08-07,,10.0,7.25,16.32713639,,547.31,556.91
2008-08-08,,10.0,7.25,16.32713639,,547.31,556.9
2008-08-09,,10.0,7.25,16.32713639,,547.49,556.99
2008-08-10,,10.0,7.25,16.32713639,,547.49,556.99
2008-08-11,,10.0,7.25,16.32713639,,547.49,556.99
2008-08-12,,10.0,7.25,16.32713639,,547.59,557.1
2008-08-13,,10.0,7.25,16.48237232,,547.8,557.12
2008-08-14,,10.0,7.5,16.48237232,,547.85,557.13
2008-08-15,,10.0,7.5,16.48237232,,547.57,557.01
2008-08-16,,10.0,7.5,16.48237232,,547.57,557.01
2008-08-17,,10.0,7.5,16.48237232,,547.57,557.01
2008-08-18,,10.0,7.5,16.48237232,,547.57,557.01
2008-08-19,,10.0,7.5,16.48237232,,546.67,556.63
2008-08-20,,10.0,7.5,16.6124771,,546.52,556.3
2008-08-21,,10.0,7.75,16.6124771,,546.62,556.23
2008-08-22,,10.0,7.75,16.6124771,,546.63,556.4
2008-08-23,,10.0,7.75,16.6124771,,546.45,556.16
2008-08-24,,10.0,7.75,16.6124771,,546.45,556.16
2008-08-25,,10.0,7.75,16.6124771,,546.45,556.16
2008-08-26,,10.0,7.75,16.6124771,,546.55,556.25
2008-08-27,,10.0,7.75,17.60648613,,547.05,556.58
2008-08-28,,10.0,8.5,17.60648613,,547.36,556.77
2008-08-29,,10.0,8.5,17.60648613,,547.39,556.72
2008-08-30,,10.0,8.5,17.60648613,,547.93,557.35
2008-08-31,69.07147771,10.0,8.5,17.60648613,7215378.16191788,547.93,557.35
2008-09-01,,10.0,8.5,17.60648613,,547.93,557.35
2008-09-02,,10.0,8.5,17.60648613,,548.03,557.31
2008-09-03,,10.0,8.5,17.91503878,,548.16,557.6
2008-09-04,,10.0,8.75,17.91503878,,548.54,558.14
2008-09-05,,10.0,8.75,17.91503878,,548.66,558.25
2008-09-06,,10.0,8.75,17.91503878,,548.68,558.32
2008-09-07,,10.0,8.75,17.91503878,,548.68,558.32
2008-09-08,,10.0,8.75,17.91503878,,548.68,558.32
2008-09-09,,10.0,8.75,17.91503878,,548.73,558.36
2008-09-10,,10.0,8.75,18.16848462,,548.79,558.39
2008-09-11,,10.0,8.75,18.16848462,,548.85,558.52
2008-09-12,,10.0,8.75,18.16848462,,548.92,558.54
2008-09-13,,10.0,8.75,18.16848462,,548.96,558.55
2008-09-14,,10.0,8.75,18.16848462,,548.96,558.55
2008-09-15,,10.0,8.75,18.16848462,,548.96,558.55
2008-09-16,,10.0,8.75,18.16848462,,548.96,558.55
2008-09-17,,10.0,8.75,18.21301998,,549.03,558.56
2008-09-18,,10.0,8.75,18.21301998,,549.12,558.67
2008-09-19,,10.0,8.75,18.21301998,,549.2,558.74
2008-09-20,,10.0,8.75,18.21301998,,549.32,558.89
2008-09-21,,10.0,8.75,18.21301998,,549.32,558.89
2008-09-22,,10.0,8.75,18.21301998,,549.32,558.89
2008-09-23,,10.0,8.75,18.21301998,,549.31,558.96
2008-09-24,,10.0,8.75,18.29701333,,549.24,558.99
2008-09-25,,10.0,9.25,18.29701333,,549.41,559.07
2008-09-26,,10.0,9.25,18.29701333,,549.4,559.09
2008-09-27,,10.0,9.25,18.29701333,,549.49,559.12
2008-09-28,,10.0,9.25,18.29701333,,549.49,559.12
2008-09-29,,10.0,9.25,18.29701333,,549.49,559.12
2008-09-30,69.72818663,10.0,9.25,18.29701333,7325571.43674442,549.59,559.26
2008-10-01,,10.0,9.25,18.57631397,,549.65,559.26
2008-10-02,,10.0,10.25,18.57631397,,549.77,559.33
2008-10-03,,10.0,10.25,18.57631397,,549.82,559.38
2008-10-04,,10.0,10.25,18.57631397,,549.82,559.41
2008-10-05,,10.0,10.25,18.57631397,,549.82,559.41
2008-10-06,,10.0,10.25,18.57631397,,549.82,559.41
2008-10-07,,10.0,10.25,18.57631397,,549.86,559.48
2008-10-08,,10.0,10.25,19.14871337,,549.88,559.52
2008-10-09,,10.0,10.0,19.14871337,,549.89,559.63
2008-10-10,,10.0,10.0,19.14871337,,549.9,559.67
2008-10-11,,10.0,10.0,19.14871337,,549.9,559.71
2008-10-12,,10.0,10.0,19.14871337,,549.9,559.71
2008-10-13,,10.0,10.0,19.14871337,,549.9,559.71
2008-10-14,,10.0,10.0,19.14871337,,550.01,559.76
2008-10-15,,10.0,10.0,19.3996883,,550.14,559.91
2008-10-16,,10.0,11.0,19.3996883,,550.36,559.92
2008-10-17,,10.0,11.0,19.3996883,,550.4,559.96
2008-10-18,,10.0,11.0,19.3996883,,550.46,559.96
2008-10-19,,10.0,11.0,19.3996883,,550.46,559.96
2008-10-20,,10.0,11.0,19.3996883,,550.46,559.96
2008-10-21,,10.0,11.0,19.3996883,,550.59,560.09
2008-10-22,,10.0,11.0,20.04932403,,550.67,560.14
2008-10-23,,10.0,10.75,20.04932403,,550.55,560.16
2008-10-24,,10.0,10.75,20.04932403,,550.59,560.2
2008-10-25,,10.0,10.75,20.04932403,,550.7,560.38
2008-10-26,,10.0,10.75,20.04932403,,550.7,560.38
2008-10-27,,10.0,10.75,20.04932403,,550.7,560.38
2008-10-28,,10.0,10.75,20.04932403,,550.74,560.44
2008-10-29,,10.0,10.75,20.10834234,,550.75,560.45
2008-10-30,,10.0,10.5,20.10834234,,550.78,560.46
2008-10-31,70.45113174,10.0,10.5,20.10834234,7427240.80726357,550.82,560.51
2008-11-01,,10.0,10.5,20.10834234,,550.9,560.57
2008-11-02,,10.0,10.5,20.10834234,,550.9,560.57
2008-11-03,,10.0,10.5,20.10834234,,550.9,560.57
2008-11-04,,10.0,10.5,20.10834234,,551.01,560.66
2008-11-05,,10.0,10.5,20.3997302,,551.03,560.71
2008-11-06,,10.0,10.0,20.3997302,,551.19,560.85
2008-11-07,,10.0,10.0,20.3997302,,551.18,560.86
2008-11-08,,10.0,10.0,20.3997302,,551.19,560.96
2008-11-09,,10.0,10.0,20.3997302,,551.19,560.96
2008-11-10,,10.0,10.0,20.3997302,,551.19,560.96
2008-11-11,,10.0,10.0,20.3997302,,551.18,560.98
2008-11-12,,10.0,10.0,20.2004086,,551.18,561.03
2008-11-13,,10.0,10.75,20.2004086,,551.24,561.13
2008-11-14,,10.0,10.75,20.2004086,,551.39,561.21
2008-11-15,,10.0,10.75,20.2004086,,551.47,561.28
2008-11-16,,10.0,10.75,20.2004086,,551.47,561.28
2008-11-17,,10.0,10.75,20.2004086,,551.47,561.28
2008-11-18,,10.0,10.75,20.2004086,,551.5,561.3
2008-11-19,,10.0,10.75,20.58486937,,551.71,561.43
2008-11-20,,10.0,11.25,20.58486937,,551.55,561.28
2008-11-21,,10.0,11.25,20.58486937,,551.52,561.27
2008-11-22,,10.0,11.25,20.58486937,,550.8,560.69
2008-11-23,,10.0,11.25,20.58486937,,550.8,560.69
2008-11-24,,10.0,11.25,20.58486937,,550.8,560.69
2008-11-25,,10.0,11.25,20.58486937,,548.94,558.74
2008-11-26,,10.0,11.25,20.89207925,,546.05,555.81
2008-11-27,,10.0,11.0,20.89207925,,544.42,554.24
2008-11-28,,10.0,11.0,20.89207925,,540.99,550.75
2008-11-29,,10.0,11.0,20.89207925,,525.22,536.75
2008-11-30,71.32173591,10.0,11.0,20.89207925,7409239.86481238,525.22,536.75
2008-12-01,,10.0,11.0,20.89207925,,525.22,536.75
2008-12-02,,10.0,11.0,20.89207925,,523.97,534.25
2008-12-03,,10.0,11.0,20.93274506,,523.78,533.79
2008-12-04,,10.0,11.5,20.93274506,,526.12,536.5
2008-12-05,,10.0,11.5,20.93274506,,540.59,552.83
2008-12-06,,10.0,11.5,20.93274506,,547.66,558.14
2008-12-07,,10.0,11.5,20.93274506,,547.66,558.14
2008-12-08,,10.0,11.5,20.93274506,,547.66,558.14
2008-12-09,,10.0,11.5,20.93274506,,552.51,562.55
2008-12-10,,10.0,11.5,20.68085861,,552.53,562.53
2008-12-11,,10.0,11.5,20.68085861,,552.5,562.53
2008-12-12,,10.0,11.5,20.68085861,,551.85,562.02
2008-12-13,,10.0,11.5,20.68085861,,550.3,560.81
2008-12-14,,10.0,11.5,20.68085861,,550.3,560.81
2008-12-15,,10.0,11.5,20.68085861,,550.3,560.81
2008-12-16,,10.0,11.5,20.68085861,,528.56,540.95
2008-12-17,,10.0,11.5,20.69131842,,546.33,557.37
2008-12-18,,10.0,11.75,20.69131842,,549.74,560.22
2008-12-19,,10.0,11.75,20.69131842,,542.49,553.56
2008-12-20,,10.0,11.75,20.69131842,,540.01,550.5
2008-12-21,,10.0,11.75,20.69131842,,540.01,550.5
2008-12-22,,10.0,11.75,20.69131842,,540.01,550.5
2008-12-23,,10.0,11.75,20.69131842,,541.86,552.38
2008-12-24,,10.0,11.75,20.81156605,,543.69,553.95
2008-12-25,,10.0,11.5,20.81156605,,552.03,562.82
2008-12-26,,10.0,11.5,20.81156605,,552.03,562.82
2008-12-27,,10.0,11.5,20.81156605,,552.03,562.82
2008-12-28,,10.0,11.5,20.81156605,,552.03,562.82
2008-12-29,,10.0,11.5,20.81156605,,552.03,562.82
2008-12-30,,10.0,11.5,20.81156605,,553.08,563.35
2008-12-31,71.02182818,10.0,11.5,20.7315464,7857035.89960472,550.08,560.85
2009-01-01,,10.0,11.5,20.7315464,,550.08,560.85
2009-01-02,,10.0,11.5,20.7315464,,550.08,560.85
2009-01-03,,10.0,11.5,20.7315464,,547.1,558.44
2009-01-04,,10.0,11.5,20.7315464,,547.1,558.44
2009-01-05,,10.0,11.5,20.7315464,,547.1,558.44
2009-01-06,,10.0,11.5,20.7315464,,547.27,558.4
2009-01-07,,10.0,11.5,20.82513453,,552.43,563.19
2009-01-08,,10.0,11.75,20.82513453,,553.63,563.72
2009-01-09,,10.0,11.75,20.82513453,,553.93,563.8
2009-01-10,,10.0,11.75,20.82513453,,554.0,563.78
2009-01-11,,10.0,11.75,20.82513453,,554.0,563.78
2009-01-12,,10.0,11.75,20.82513453,,554.0,563.78
2009-01-13,,10.0,11.75,20.82513453,,553.82,563.65
2009-01-14,,10.0,11.75,20.8900718,,553.36,563.1
2009-01-15,,10.0,12.0,20.8900718,,550.83,560.78
2009-01-16,,10.0,12.0,20.8900718,,549.88,559.89
2009-01-17,,10.0,12.0,20.8900718,,549.57,559.73
2009-01-18,,10.0,12.0,20.8900718,,549.57,559.73
2009-01-19,,10.0,12.0,20.8900718,,549.57,559.73
2009-01-20,,10.0,12.0,20.8900718,,549.15,559.2
2009-01-21,,10.0,12.0,20.98608496,,549.53,559.27
2009-01-22,,10.0,11.5,20.98608496,,549.5,559.26
2009-01-23,,10.0,11.5,20.98608496,,549.61,559.33
2009-01-24,,10.0,11.5,20.98608496,,550.34,560.16
2009-01-25,,10.0,11.5,20.98608496,,550.34,560.16
2009-01-26,,10.0,11.5,20.98608496,,550.34,560.16
2009-01-27,,10.0,11.5,20.98608496,,553.98,563.78
2009-01-28,,10.0,11.5,20.87120561,,554.76,564.45
2009-01-29,,10.0,11.25,20.87120561,,555.02,564.66
2009-01-30,,10.0,11.25,20.87120561,,555.16,564.84
2009-01-31,71.28887512,10.0,11.25,20.87120561,7856255.75697916,555.51,565.16
2009-02-01,,10.0,11.25,20.87120561,,555.51,565.16
2009-02-02,,10.0,11.25,20.87120561,,555.51,565.16
2009-02-03,,10.0,11.25,20.87120561,,555.57,565.23
2009-02-04,,10.0,11.25,21.47360826,,555.75,565.39
2009-02-05,,10.0,11.25,21.47360826,,556.47,566.0
2009-02-06,,10.0,11.25,21.47360826,,556.24,566.2
2009-02-07,,10.0,11.25,21.47360826,,556.05,566.08
2009-02-08,,10.0,11.25,21.47360826,,556.05,566.08
2009-02-09,,10.0,11.25,21.47360826,,556.05,566.08
2009-02-10,,10.0,11.25,21.47360826,,556.18,566.19
2009-02-11,,10.0,11.25,21.47315385,,556.98,566.81
2009-02-12,,10.0,12.0,21.47315385,,557.49,567.27
2009-02-13,,10.0,12.0,21.47315385,,557.78,567.56
2009-02-14,,10.0,12.0,21.47315385,,558.12,567.85
2009-02-15,,10.0,12.0,21.47315385,,558.12,567.85
2009-02-16,,10.0,12.0,21.47315385,,558.12,567.85
2009-02-17,,10.0,12.0,21.47315385,,558.18,567.94
2009-02-18,,10.0,12.0,21.78822298,,558.3,568.04
2009-02-19,,10.0,11.5,21.78822298,,559.0,568.54
2009-02-20,,10.0,11.5,21.78822298,,559.12,568.74
2009-02-21,,10.0,11.5,21.78822298,,559.28,568.91
2009-02-22,,10.0,11.5,21.78822298,,559.28,568.91
2009-02-23,,10.0,11.5,21.78822298,,559.28,568.91
2009-02-24,,10.0,11.5,21.78822298,,559.41,569.02
2009-02-25,,10.0,11.5,21.61858676,,559.64,569.22
2009-02-26,,10.0,12.0,21.61858676,,559.82,569.55
2009-02-27,,10.0,12.0,21.61858676,,560.24,569.94
2009-02-28,71.6041143,10.0,12.0,21.61858676,7895409.67415389,560.41,570.13
2009-03-01,,10.0,12.0,21.61858676,,560.41,570.13
2009-03-02,,10.0,12.0,21.61858676,,560.41,570.13
2009-03-03,,10.0,12.0,21.61858676,,560.57,570.3
2009-03-04,,10.0,12.0,21.81887767,,560.77,570.4
2009-03-05,,10.0,12.0,21.81887767,,560.83,570.58
2009-03-06,,10.0,12.0,21.81887767,,561.23,570.98
2009-03-07,,10.0,12.0,21.81887767,,561.5,571.09
2009-03-08,,10.0,12.0,21.81887767,,561.5,571.09
2009-03-09,,10.0,12.0,21.81887767,,561.5,571.09
2009-03-10,,10.0,12.0,21.81887767,,561.68,571.21
2009-03-11,,10.0,12.0,22.01578322,,561.8,571.37
2009-03-12,,10.0,12.0,22.01578322,,562.21,571.65
2009-03-13,,10.0,12.0,22.01578322,,562.23,571.59
2009-03-14,,10.0,12.0,22.01578322,,561.18,570.76
2009-03-15,,10.0,12.0,22.01578322,,561.18,570.76
2009-03-16,,10.0,12.0,22.01578322,,561.18,570.76
2009-03-17,,10.0,12.0,22.01578322,,561.17,570.82
2009-03-18,,10.0,12.0,22.06993016,,561.37,571.01
2009-03-19,,10.0,12.25,22.06993016,,561.05,571.4
2009-03-20,,10.0,12.25,22.06993016,,561.01,571.05
2009-03-21,,10.0,12.25,22.06993016,,559.62,569.4
2009-03-22,,10.0,12.25,22.06993016,,559.62,569.4
2009-03-23,,10.0,12.25,22.06993016,,559.62,569.4
2009-03-24,,10.0,12.25,22.06993016,,559.17,568.94
2009-03-25,,10.0,12.25,22.0798742,,558.73,568.79
2009-03-26,,10.0,11.75,22.0798742,,560.53,569.88
2009-03-27,,10.0,11.75,22.0798742,,561.45,571.12
2009-03-28,,10.0,11.75,22.0798742,,560.04,569.98
2009-03-29,,10.0,11.75,22.0798742,,560.04,569.98
2009-03-30,,10.0,11.75,22.0798742,,560.04,569.98
2009-03-31,71.61421568,10.0,11.75,22.0798742,7902881.2759572,558.42,568.35
2009-04-01,,10.0,11.75,22.26083951,,560.98,570.51
2009-04-02,,10.0,12.0,22.26083951,,561.83,571.44
2009-04-03,,10.0,12.0,22.26083951,,564.22,573.93
2009-04-04,,10.0,12.0,22.26083951,,564.53,574.24
2009-04-05,,10.0,12.0,22.26083951,,564.53,574.24
2009-04-06,,10.0,12.0,22.26083951,,564.53,574.24
2009-04-07,,10.0,12.0,22.26083951,,565.4,575.01
2009-04-08,,10.0,12.0,22.33367388,,565.88,576.65
2009-04-09,,10.0,11.75,22.33367388,,565.38,576.37
2009-04-10,,10.0,11.75,22.33367388,,565.38,576.37
2009-04-11,,10.0,11.75,22.33367388,,565.38,576.37
2009-04-12,,10.0,11.75,22.33367388,,565.38,576.37
2009-04-13,,10.0,11.75,22.33367388,,565.38,576.37
2009-04-14,,10.0,11.75,22.33367388,,564.55,575.59
2009-04-15,,10.0,11.75,22.18448827,,564.08,575.72
2009-04-16,,10.0,11.5,22.18448827,,564.01,576.09
2009-04-17,,10.0,11.5,22.18448827,,564.21,574.91
2009-04-18,,10.0,11.5,22.18448827,,564.05,573.59
2009-04-19,,10.0,11.5,22.18448827,,564.05,573.59
2009-04-20,,10.0,11.5,22.18448827,,564.05,573.59
2009-04-21,,10.0,11.5,22.18448827,,564.18,573.87
2009-04-22,,10.0,11.5,22.11000496,,565.11,575.07
2009-04-23,,10.0,11.5,22.11000496,,565.31,575.09
2009-04-24,,10.0,11.5,22.11000496,,566.33,575.86
2009-04-25,,10.0,11.5,22.11000496,,566.59,576.25
2009-04-26,,10.0,11.5,22.11000496,,566.59,576.25
2009-04-27,,10.0,11.5,22.11000496,,566.59,576.25
2009-04-28,,10.0,11.5,22.11000496,,567.9,577.65
2009-04-29,,10.0,11.5,22.11000496,,568.2,577.88
2009-04-30,71.85093217,10.0,11.5,22.11000496,7981816.25655032,568.29,577.97
2009-05-01,,10.0,11.5,22.11000496,,568.36,578.07
2009-05-02,,10.0,11.5,22.11000496,,568.36,578.07
2009-05-03,,10.0,11.5,22.11000496,,568.36,578.07
2009-05-04,,10.0,11.5,22.11000496,,568.36,578.07
2009-05-05,,10.0,11.5,22.11000496,,568.55,578.11
2009-05-06,,10.0,11.5,22.02114852,,568.65,578.22
2009-05-07,,10.0,11.25,22.02114852,,568.8,578.35
2009-05-08,,10.0,11.25,22.02114852,,568.82,578.36
2009-05-09,,10.0,11.25,22.02114852,,569.56,579.06
2009-05-10,,10.0,11.25,22.02114852,,569.56,579.06
2009-05-11,,10.0,11.25,22.02114852,,569.56,579.06
2009-05-12,,10.0,11.25,22.02114852,,569.92,579.57
2009-05-13,,10.0,11.25,21.92905086,,570.21,579.79
2009-05-14,,10.0,11.25,21.92905086,,569.51,579.31
2009-05-15,,10.0,11.25,21.92905086,,568.68,578.33
2009-05-16,,10.0,11.25,21.92905086,,567.77,577.42
2009-05-17,,10.0,11.25,21.92905086,,567.77,577.42
2009-05-18,,10.0,11.25,21.92905086,,567.77,577.42
2009-05-19,,10.0,11.25,21.92905086,,566.0,575.79
2009-05-20,,10.0,11.25,22.11834485,,569.36,579.01
2009-05-21,,10.0,11.25,22.11834485,,571.31,580.78
2009-05-22,,10.0,11.25,22.11834485,,571.52,580.94
2009-05-23,,10.0,11.25,22.11834485,,571.46,581.03
2009-05-24,,10.0,11.25,22.11834485,,571.46,581.03
2009-05-25,,10.0,11.25,22.11834485,,571.46,581.03
2009-05-26,,10.0,11.25,22.11834485,,571.6,581.19
2009-05-27,,10.0,11.25,22.11834485,,571.58,581.25
2009-05-28,,10.0,11.25,22.11834485,,571.6,581.28
2009-05-29,,10.0,11.25,22.11834485,,571.93,581.58
2009-05-30,,10.0,11.25,22.11834485,,572.0,581.63
2009-05-31,71.76119521,10.0,11.25,22.11834485,8013050.57329291,572.0,581.63
2009-06-01,,10.0,11.25,22.11834485,,572.0,581.63
2009-06-02,,10.0,11.25,22.11834485,,571.9,581.54
2009-06-03,,10.0,11.25,22.05400408,,572.06,581.68
2009-06-04,,10.0,11.25,22.05400408,,572.0,581.6
2009-06-05,,10.0,11.25,22.05400408,,571.74,581.55
2009-06-06,,10.0,11.25,22.05400408,,571.74,581.55
2009-06-07,,10.0,11.25,22.05400408,,571.74,581.55
2009-06-08,,10.0,11.25,22.05400408,,571.74,581.55
2009-06-09,,10.0,11.25,22.05400408,,571.57,581.43
2009-06-10,,10.0,11.25,21.90763109,,572.62,582.37
2009-06-11,,10.0,11.0,21.90763109,,573.96,583.69
2009-06-12,,10.0,11.0,21.90763109,,574.18,583.69
2009-06-13,,10.0,11.0,21.90763109,,572.46,581.86
2009-06-14,,10.0,11.0,21.90763109,,572.46,581.86
2009-06-15,,10.0,11.0,21.90763109,,572.46,581.86
2009-06-16,,10.0,11.0,21.90763109,,573.46,581.86
2009-06-17,,10.0,11.0,21.65241479,,572.69,582.11
2009-06-18,,10.0,11.0,21.65241479,,572.99,582.45
2009-06-19,,10.0,11.0,21.65241479,,572.45,582.11
2009-06-20,,10.0,11.0,21.65241479,,572.05,581.72
2009-06-21,,10.0,11.0,21.65241479,,572.05,581.72
2009-06-22,,10.0,11.0,21.65241479,,572.05,581.72
2009-06-23,,10.0,11.0,21.65241479,,570.41,580.18
2009-06-24,,10.0,11.0,21.61549325,,570.61,580.22
2009-06-25,,10.0,11.0,21.61549325,,570.68,580.23
2009-06-26,,10.0,11.0,21.61549325,,570.61,580.13
2009-06-27,,10.0,11.0,21.61549325,,570.51,579.88
2009-06-28,,10.0,11.0,21.61549325,,570.51,579.88
2009-06-29,,10.0,11.0,21.61549325,,570.51,579.88
2009-06-30,71.8822034,10.0,11.0,21.61549325,7997851.31204111,570.61,579.91
2009-07-01,,10.0,11.0,21.61434149,,570.41,579.9
2009-07-02,,10.0,11.25,21.61434149,,570.75,580.45
2009-07-03,,10.0,11.25,21.61434149,,571.03,580.75
2009-07-04,,10.0,11.25,21.61434149,,571.16,580.83
2009-07-05,,10.0,11.25,21.61434149,,571.16,580.83
2009-07-06,,10.0,11.25,21.61434149,,571.16,580.83
2009-07-07,,10.0,11.25,21.61434149,,571.37,581.02
2009-07-08,,10.0,11.25,21.71479265,,577.37,586.94
2009-07-09,,10.0,12.0,21.71479265,,577.64,587.14
2009-07-10,,10.0,12.0,21.71479265,,577.77,587.23
2009-07-11,,10.0,12.0,21.71479265,,577.83,587.31
2009-07-12,,10.0,12.0,21.71479265,,577.83,587.31
2009-07-13,,10.0,12.0,21.71479265,,577.83,587.31
2009-07-14,,10.0,12.0,21.71479265,,577.85,587.25
2009-07-15,,10.0,12.0,21.93883483,,577.99,587.33
2009-07-16,,9.0,12.75,21.93883483,,577.95,587.26
2009-07-17,,9.0,12.75,21.93883483,,578.29,587.69
2009-07-18,,9.0,12.75,21.93883483,,578.59,588.03
2009-07-19,,9.0,12.75,21.93883483,,578.59,588.03
2009-07-20,,9.0,12.75,21.93883483,,578.59,588.03
2009-07-21,,9.0,12.75,21.93883483,,578.63,588.09
2009-07-22,,9.0,12.75,22.13594568,,579.37,588.84
2009-07-23,,9.0,12.25,22.13594568,,579.53,589.05
2009-07-24,,9.0,12.25,22.13594568,,579.72,589.23
2009-07-25,,9.0,12.25,22.13594568,,580.23,589.76
2009-07-26,,9.0,12.25,22.13594568,,580.23,589.76
2009-07-27,,9.0,12.25,22.13594568,,580.23,589.76
2009-07-28,,9.0,12.25,22.13594568,,580.55,590.08
2009-07-29,,9.0,12.25,21.94949143,,580.69,590.21
2009-07-30,,9.0,12.0,21.94949143,,581.27,590.76
2009-07-31,72.54179319,9.0,12.0,21.94949143,8075193.60260849,581.55,590.94
2009-08-01,,9.0,12.0,21.94949143,,581.65,591.04
2009-08-02,,9.0,12.0,21.94949143,,581.65,591.04
2009-08-03,,9.0,12.0,21.94949143,,581.65,591.04
2009-08-04,,9.0,12.0,21.94949143,,581.68,591.16
2009-08-05,,9.0,12.0,22.40686984,,581.68,591.2
2009-08-06,,9.0,11.5,22.40686984,,581.78,591.37
2009-08-07,,9.0,11.5,22.40686984,,581.69,591.37
2009-08-08,,9.0,11.5,22.40686984,,582.65,592.34
2009-08-09,,9.0,11.5,22.40686984,,582.65,592.34
2009-08-10,,9.0,11.5,22.40686984,,582.65,592.34
2009-08-11,,9.0,11.5,22.40686984,,582.86,592.51
2009-08-12,,9.0,11.5,22.40686984,,582.94,592.57
2009-08-13,,9.0,11.5,22.40686984,,583.03,592.71
2009-08-14,,9.0,11.5,22.40686984,,582.59,592.32
2009-08-15,,9.0,11.5,22.40686984,,582.49,592.1
2009-08-16,,9.0,11.5,22.40686984,,582.49,592.1
2009-08-17,,9.0,11.5,22.40686984,,582.49,592.1
2009-08-18,,9.0,11.5,22.40686984,,582.53,592.12
2009-08-19,,9.0,11.5,22.40686984,,582.62,592.18
2009-08-20,,9.0,11.5,22.40686984,,583.52,592.8
2009-08-21,,9.0,11.5,22.40686984,,581.48,590.56
2009-08-22,,9.0,11.5,22.40686984,,580.84,589.92
2009-08-23,,9.0,11.5,22.40686984,,580.84,589.92
2009-08-24,,9.0,11.5,22.40686984,,580.84,589.92
2009-08-25,,9.0,11.5,22.40686984,,579.93,588.98
2009-08-26,,9.0,11.5,22.40686984,,579.93,588.92
2009-08-27,,9.0,11.5,22.40686984,,581.07,590.68
2009-08-28,,9.0,11.5,22.40686984,,583.43,593.03
2009-08-29,,9.0,11.5,22.40686984,,584.27,593.74
2009-08-30,,9.0,11.5,22.40686984,,584.27,593.74
2009-08-31,73.01660344,9.0,11.5,22.40686984,8120275.46341238,584.27,593.74
2009-09-01,,9.0,11.5,22.40686984,,584.04,593.63
2009-09-02,,9.0,11.5,21.79072532,,583.49,593.16
2009-09-03,,9.0,11.5,21.79072532,,583.81,593.37
2009-09-04,,9.0,11.5,21.79072532,,583.81,593.39
2009-09-05,,9.0,11.5,21.79072532,,583.81,593.32
2009-09-06,,9.0,11.5,21.79072532,,583.81,593.32
2009-09-07,,9.0,11.5,21.79072532,,583.81,593.32
2009-09-08,,9.0,11.5,21.79072532,,582.22,591.74
2009-09-09,,9.0,11.5,22.23386592,,581.97,591.25
2009-09-10,,9.0,11.75,22.23386592,,581.94,591.06
2009-09-11,,9.0,11.75,22.23386592,,580.62,589.93
2009-09-12,,9.0,11.75,22.23386592,,579.57,588.97
2009-09-13,,9.0,11.75,22.23386592,,579.57,588.97
2009-09-14,,9.0,11.75,22.23386592,,579.57,588.97
2009-09-15,,9.0,11.75,22.23386592,,579.01,588.2
2009-09-16,,9.0,11.75,22.25390935,,579.01,588.2
2009-09-17,,9.0,11.5,22.25390935,,585.9,595.37
2009-09-18,,9.0,11.5,22.25390935,,585.87,595.59
2009-09-19,,9.0,11.5,22.25390935,,581.1,590.61
2009-09-20,,9.0,11.5,22.25390935,,581.1,590.61
2009-09-21,,9.0,11.5,22.25390935,,581.1,590.61
2009-09-22,,9.0,11.5,22.25390935,,579.94,589.52
2009-09-23,,9.0,11.5,21.9106909,,584.01,593.72
2009-09-24,,9.0,11.5,21.9106909,,583.78,593.48
2009-09-25,,9.0,11.5,21.9106909,,581.63,591.39
2009-09-26,,9.0,11.5,21.9106909,,581.87,591.57
2009-09-27,,9.0,11.5,21.9106909,,581.87,591.57
2009-09-28,,9.0,11.5,21.9106909,,581.87,591.57
2009-09-29,,9.0,11.5,21.9106909,,582.08,591.77
2009-09-30,73.09872577,9.0,11.5,21.93845021,8161596.01049506,582.49,591.73
2009-10-01,,9.0,11.5,21.93845021,,581.91,591.56
2009-10-02,,9.0,11.5,21.93845021,,581.9,591.57
2009-10-03,,9.0,11.5,21.93845021,,581.89,591.61
2009-10-04,,9.0,11.5,21.93845021,,581.89,591.61
2009-10-05,,9.0,11.5,21.93845021,,581.89,591.61
2009-10-06,,9.0,11.5,21.93845021,,581.88,591.55
2009-10-07,,9.0,11.5,21.93966105,,580.47,590.11
2009-10-08,,9.0,10.75,21.93966105,,579.62,589.39
2009-10-09,,9.0,10.75,21.93966105,,582.43,592.2
2009-10-10,,9.0,10.75,21.93966105,,582.11,591.83
2009-10-11,,9.0,10.75,21.93966105,,582.11,591.83
2009-10-12,,9.0,10.75,21.93966105,,582.11,591.83
2009-10-13,,9.0,10.75,21.93966105,,582.11,591.83
2009-10-14,,9.0,10.75,21.68140506,,579.95,589.62
2009-10-15,,9.0,9.75,21.68140506,,577.67,587.25
2009-10-16,,9.0,9.75,21.68140506,,576.25,585.74
2009-10-17,,9.0,9.75,21.68140506,,569.82,579.72
2009-10-18,,9.0,9.75,21.68140506,,569.82,579.72
2009-10-19,,9.0,9.75,21.68140506,,569.82,579.72
2009-10-20,,9.0,9.75,21.68140506,,567.01,576.74
2009-10-21,,9.0,9.75,20.52474956,,570.03,579.43
2009-10-22,,9.0,9.25,20.52474956,,572.12,581.66
2009-10-23,,9.0,9.25,20.52474956,,574.41,584.1
2009-10-24,,9.0,9.25,20.52474956,,576.66,586.44
2009-10-25,,9.0,9.25,20.52474956,,576.66,586.44
2009-10-26,,9.0,9.25,20.52474956,,576.66,586.44
2009-10-27,,9.0,9.25,20.52474956,,577.05,586.74
2009-10-28,,9.0,9.25,21.09241039,,576.9,586.66
2009-10-29,,9.0,9.0,21.09241039,,576.16,585.99
2009-10-30,,9.0,9.0,21.09241039,,576.05,585.94
2009-10-31,73.26928025,9.0,9.0,21.09241039,8178950.94845375,576.87,586.31
2009-11-01,,9.0,9.0,21.09241039,,576.87,586.31
2009-11-02,,9.0,9.0,21.09241039,,576.87,586.31
2009-11-03,,9.0,9.0,21.09241039,,575.44,585.14
2009-11-04,,9.0,9.0,20.66651677,,571.35,581.21
2009-11-05,,9.0,8.75,20.66651677,,569.28,579.12
2009-11-06,,9.0,8.75,20.66651677,,567.36,576.99
2009-11-07,,9.0,8.75,20.66651677,,565.57,575.34
2009-11-08,,9.0,8.75,20.66651677,,565.57,575.34
2009-11-09,,9.0,8.75,20.66651677,,565.57,575.34
2009-11-10,,9.0,8.75,20.66651677,,563.23,573.03
2009-11-11,,9.0,8.75,20.38826773,,554.38,564.39
2009-11-12,,9.0,9.0,20.38826773,,553.34,563.58
2009-11-13,,9.0,9.0,20.38826773,,562.09,571.87
2009-11-14,,9.0,9.0,20.38826773,,568.45,578.17
2009-11-15,,9.0,9.0,20.38826773,,568.45,578.17
2009-11-16,,9.0,9.0,20.38826773,,568.45,578.17
2009-11-17,,9.0,9.0,20.38826773,,564.73,575.09
2009-11-18,,9.0,9.0,20.11083092,,561.52,571.84
2009-11-19,,9.0,9.0,20.11083092,,560.99,571.38
2009-11-20,,9.0,9.0,20.11083092,,559.46,569.83
2009-11-21,,9.0,9.0,20.11083092,,559.5,569.64
2009-11-22,,9.0,9.0,20.11083092,,559.5,569.64
2009-11-23,,9.0,9.0,20.11083092,,559.5,569.64
2009-11-24,,9.0,9.0,20.11083092,,558.51,568.23
2009-11-25,,9.0,9.0,20.07534472,,557.44,567.09
2009-11-26,,9.0,9.25,20.07534472,,556.9,566.66
2009-11-27,,9.0,9.25,20.07534472,,553.47,563.31
2009-11-28,,9.0,9.25,20.07534472,,549.24,559.27
2009-11-29,,9.0,9.25,20.07534472,,549.24,559.27
2009-11-30,73.15224292,9.0,9.25,20.07534472,8068468.30809682,549.24,559.27
2009-12-01,,9.0,9.25,20.07534472,,552.95,563.07
2009-12-02,,9.0,9.25,20.57625221,,557.82,567.89
2009-12-03,,9.0,9.5,20.57625221,,571.39,582.01
2009-12-04,,9.0,9.5,20.57625221,,566.87,577.09
2009-12-05,,9.0,9.5,20.57625221,,564.18,574.54
2009-12-06,,9.0,9.5,20.57625221,,564.18,574.54
2009-12-07,,9.0,9.5,20.57625221,,564.18,574.54
2009-12-08,,9.0,9.5,20.57625221,,565.89,576.02
2009-12-09,,9.0,9.5,20.31987049,,567.61,577.77
2009-12-10,,9.0,9.25,20.31987049,,568.69,579.04
2009-12-11,,9.0,9.25,20.31987049,,564.48,574.92
2009-12-12,,9.0,9.25,20.31987049,,560.0,570.49
2009-12-13,,9.0,9.25,20.31987049,,560.0,570.49
2009-12-14,,9.0,9.25,20.31987049,,560.0,570.49
2009-12-15,,9.0,9.25,20.31987049,,560.98,571.55
2009-12-16,,9.0,9.25,20.50089535,,560.56,571.15
2009-12-17,,9.0,8.75,20.50089535,,557.55,568.15
2009-12-18,,9.0,8.75,20.50089535,,555.57,565.84
2009-12-19,,9.0,8.75,20.50089535,,559.69,570.07
2009-12-20,,9.0,8.75,20.50089535,,559.69,570.07
2009-12-21,,9.0,8.75,20.50089535,,559.69,570.07
2009-12-22,,9.0,8.75,20.50089535,,569.58,579.73
2009-12-23,,9.0,8.75,20.44386692,,573.35,583.14
2009-12-24,,9.0,8.25,20.44386692,,564.39,575.83
2009-12-25,,9.0,8.25,20.44386692,,563.77,575.17
2009-12-26,,9.0,8.25,20.44386692,,563.77,575.17
2009-12-27,,9.0,8.25,20.44386692,,563.77,575.17
2009-12-28,,9.0,8.25,20.44386692,,563.77,575.17
2009-12-29,,9.0,8.25,20.44386692,,561.24,572.95
2009-12-30,,9.0,8.25,20.19334734,,557.44,569.56
2009-12-31,73.89611091,9.0,8.25,20.19334734,8204404.67366967,558.67,571.81
2010-01-01,,9.0,8.25,20.19334734,,558.67,571.81
2010-01-02,,9.0,8.25,20.19334734,,558.67,571.81
2010-01-03,,9.0,8.25,20.19334734,,558.67,571.81
2010-01-04,,9.0,8.25,20.19334734,,558.67,571.81
2010-01-05,,9.0,8.25,20.19334734,,558.15,568.02
2010-01-06,,9.0,8.25,20.06264587,,559.89,569.69
2010-01-07,,9.0,8.0,20.06264587,,564.54,574.52
2010-01-08,,9.0,8.0,20.06264587,,570.4,580.56
2010-01-09,,9.0,8.0,20.06264587,,572.06,582.21
2010-01-10,,9.0,8.0,20.06264587,,572.06,582.21
2010-01-11,,9.0,8.0,20.06264587,,572.06,582.21
2010-01-12,,9.0,8.0,20.06264587,,567.67,577.9
2010-01-13,,9.0,8.0,19.84432163,,564.49,574.78
2010-01-14,,9.0,8.0,19.84432163,,561.3,571.43
2010-01-15,,9.0,8.0,19.84432163,,556.33,566.72
2010-01-16,,9.0,8.0,19.84432163,,552.43,562.75
2010-01-17,,9.0,8.0,19.84432163,,552.43,562.75
2010-01-18,,9.0,8.0,19.84432163,,552.43,562.75
2010-01-19,,9.0,8.0,19.84432163,,556.25,566.1
2010-01-20,,9.0,8.0,19.77195423,,556.6,566.54
2010-01-21,,9.0,8.0,19.77195423,,552.3,562.63
2010-01-22,,9.0,8.0,19.77195423,,546.5,556.56
2010-01-23,,9.0,8.0,19.77195423,,558.97,568.96
2010-01-24,,9.0,8.0,19.77195423,,558.97,568.96
2010-01-25,,9.0,8.0,19.77195423,,558.97,568.96
2010-01-26,,9.0,8.0,19.77195423,,557.12,567.15
2010-01-27,,9.0,8.0,19.72042865,,554.91,564.91
2010-01-28,,9.0,8.0,19.72042865,,557.42,567.49
2010-01-29,,9.0,8.0,19.72042865,,551.64,561.58
2010-01-30,,9.0,8.0,19.72042865,,555.0,565.11
2010-01-31,75.09787604,9.0,8.0,19.72042865,8151936.9842876,555.0,565.11
2010-02-01,,9.0,8.0,19.72042865,,555.0,565.11
2010-02-02,,9.0,8.0,19.72042865,,554.07,564.12
2010-02-03,,9.0,8.0,19.71,,553.46,563.52
2010-02-04,,9.0,8.0,19.71,,552.08,562.11
2010-02-05,,9.0,8.0,19.71,,552.28,562.3
2010-02-06,,9.0,8.0,19.71,,549.89,560.04
2010-02-07,,9.0,8.0,19.71,,549.89,560.04
2010-02-08,,9.0,8.0,19.71,,549.89,560.04
2010-02-09,,9.0,8.0,19.71,,548.45,558.51
2010-02-10,,9.0,8.0,20.08,,551.47,561.48
2010-02-11,,9.0,8.0,20.08,,551.78,561.77
2010-02-12,,9.0,8.0,20.08,,545.05,555.09
2010-02-13,,9.0,8.0,20.08,,545.16,555.21
2010-02-14,,9.0,8.0,20.08,,545.16,555.21
2010-02-15,,9.0,8.0,20.08,,545.16,555.21
2010-02-16,,9.0,8.0,20.08,,544.74,554.37
2010-02-17,,9.0,8.0,20.04,,549.35,559.1
2010-02-18,,9.0,8.25,20.04,,550.2,560.21
2010-02-19,,9.0,8.25,20.04,,547.16,557.03
2010-02-20,,9.0,8.25,20.04,,545.76,555.84
2010-02-21,,9.0,8.25,20.04,,545.76,555.84
2010-02-22,,9.0,8.25,20.04,,545.76,555.84
2010-02-23,,9.0,8.25,20.04,,545.06,554.85
2010-02-24,,9.0,8.25,20.32,,548.46,558.24
2010-02-25,,9.0,8.0,20.32,,547.02,556.72
2010-02-26,,9.0,8.0,20.32,,546.74,556.56
2010-02-27,,9.0,8.0,20.32,,548.54,558.45
2010-02-28,75.61355053,9.0,8.0,20.32,8122693.43094418,548.54,558.45
2010-03-01,,9.0,8.0,20.32,,548.54,558.45
2010-03-02,,9.0,8.0,20.32,,545.67,555.41
2010-03-03,,9.0,8.0,20.22,,544.6,554.34
2010-03-04,,9.0,8.25,20.22,,544.4,554.22
2010-03-05,,9.0,8.25,20.22,,543.29,553.09
2010-03-06,,9.0,8.25,20.22,,542.11,551.95
2010-03-07,,9.0,8.25,20.22,,542.11,551.95
2010-03-08,,9.0,8.25,20.22,,542.11,551.95
2010-03-09,,9.0,8.25,20.22,,540.38,550.41
2010-03-10,,9.0,8.25,20.17,,540.32,550.39
2010-03-11,,9.0,8.25,20.17,,539.28,549.24
2010-03-12,,9.0,8.25,20.17,,539.12,549.21
2010-03-13,,9.0,8.25,20.17,,536.72,546.49
2010-03-14,,9.0,8.25,20.17,,536.72,546.49
2010-03-15,,9.0,8.25,20.17,,536.72,546.49
2010-03-16,,9.0,8.25,20.17,,523.05,532.59
2010-03-17,,9.0,8.25,20.39,,525.23,535.3
2010-03-18,,9.0,8.0,20.39,,532.99,543.06
2010-03-19,,9.0,8.0,20.39,,534.52,544.65
2010-03-20,,9.0,8.0,20.39,,530.87,541.3
2010-03-21,,9.0,8.0,20.39,,530.87,541.3
2010-03-22,,9.0,8.0,20.39,,530.87,541.3
2010-03-23,,9.0,8.0,20.39,,525.15,535.7
2010-03-24,,9.0,8.0,20.28,,521.08,531.37
2010-03-25,,9.0,8.0,20.28,,518.51,528.78
2010-03-26,,9.0,8.0,20.28,,519.23,529.36
2010-03-27,,9.0,8.0,20.28,,520.0,530.19
2010-03-28,,9.0,8.0,20.28,,520.0,530.19
2010-03-29,,9.0,8.0,20.28,,520.0,530.19
2010-03-30,,9.0,8.0,20.28,,519.08,529.43
2010-03-31,75.79764849,9.0,8.0,20.27,7943027.43111994,518.51,528.78
2010-04-01,,9.0,8.5,20.27,,517.73,528.09
2010-04-02,,9.0,8.5,20.27,,517.73,528.09
2010-04-03,,9.0,8.5,20.27,,517.73,528.09
2010-04-04,,9.0,8.5,20.27,,517.73,528.09
2010-04-05,,9.0,8.5,20.27,,517.73,528.09
2010-04-06,,9.0,8.5,20.27,,515.27,525.39
2010-04-07,,9.0,8.5,20.49,,512.48,522.46
2010-04-08,,9.0,8.0,20.49,,512.53,523.08
2010-04-09,,9.0,8.0,20.49,,515.2,525.16
2010-04-10,,9.0,8.0,20.49,,515.23,525.24
2010-04-11,,9.0,8.0,20.49,,515.23,525.24
2010-04-12,,9.0,8.0,20.49,,515.23,525.24
2010-04-13,,9.0,8.0,20.49,,515.31,525.39
2010-04-14,,9.0,8.0,20.41,,514.67,524.81
2010-04-15,,9.0,8.25,20.41,,514.1,524.3
2010-04-16,,9.0,8.25,20.41,,511.14,521.54
2010-04-17,,9.0,8.25,20.41,,508.0,518.24
2010-04-18,,9.0,8.25,20.41,,508.0,518.24
2010-04-19,,9.0,8.25,20.41,,508.0,518.24
2010-04-20,,9.0,8.25,20.41,,506.12,516.64
2010-04-21,,9.0,8.25,20.55,,506.48,516.7
2010-04-22,,9.0,7.75,20.55,,506.78,516.81
2010-04-23,,9.0,7.75,20.55,,506.74,516.59
2010-04-24,,9.0,7.75,20.55,,506.11,516.21
2010-04-25,,9.0,7.75,20.55,,506.11,516.21
2010-04-26,,9.0,7.75,20.55,,506.11,516.21
2010-04-27,,9.0,7.75,20.55,,506.15,516.23
2010-04-28,,9.0,7.75,20.33,,506.52,516.59
2010-04-29,,9.0,7.75,20.33,,506.59,516.45
2010-04-30,75.84299415,9.0,7.75,20.33,7887468.22142903,505.9,516.04
2010-05-01,,9.0,7.75,20.33,,505.42,515.56
2010-05-02,,9.0,7.75,20.33,,505.42,515.56
2010-05-03,,9.0,7.75,20.33,,505.42,515.56
2010-05-04,,9.0,7.75,20.33,,503.29,513.17
2010-05-05,,9.0,7.75,20.56,,505.94,515.99
2010-05-06,,9.0,8.0,20.56,,511.15,521.38
2010-05-07,,9.0,8.0,20.56,,521.07,532.06
2010-05-08,,9.0,8.0,20.56,,532.78,544.43
2010-05-09,,9.0,8.0,20.56,,532.78,544.43
2010-05-10,,9.0,8.0,20.56,,532.78,544.43
2010-05-11,,9.0,8.0,20.56,,532.26,543.04
2010-05-12,,9.0,8.0,20.55,,525.13,535.76
2010-05-13,,9.0,8.0,20.55,,514.12,524.57
2010-05-14,,9.0,8.0,20.55,,511.83,521.93
2010-05-15,,9.0,8.0,20.55,,507.43,517.32
2010-05-16,,9.0,8.0,20.55,,507.43,517.32
2010-05-17,,9.0,8.0,20.55,,507.43,517.32
2010-05-18,,9.0,8.0,20.55,,515.29,525.95
2010-05-19,,9.0,8.0,20.39,,525.4,536.16
2010-05-20,,9.0,8.25,20.39,,530.69,541.15
2010-05-21,,9.0,8.25,20.39,,529.31,539.83
2010-05-22,,9.0,8.25,20.39,,530.39,540.92
2010-05-23,,9.0,8.25,20.39,,530.39,540.92
2010-05-24,,9.0,8.25,20.39,,530.39,540.92
2010-05-25,,9.0,8.25,20.39,,530.56,540.88
2010-05-26,,9.0,8.25,20.15,,534.81,545.52
2010-05-27,,9.0,8.5,20.15,,534.99,545.68
2010-05-28,,9.0,8.5,20.15,,534.94,545.64
2010-05-29,,9.0,8.5,20.15,,535.14,545.72
2010-05-30,,9.0,8.5,20.15,,535.14,545.72
2010-05-31,76.23405989,9.0,8.5,20.15,8154726.17921369,535.14,545.72
2010-06-01,,9.0,8.5,20.15,,535.68,546.38
2010-06-02,,9.0,8.5,20.35,,538.95,549.52
2010-06-03,,9.0,8.25,20.35,,540.04,550.56
2010-06-04,,9.0,8.25,20.35,,542.16,552.66
2010-06-05,,9.0,8.25,20.35,,543.1,553.57
2010-06-06,,9.0,8.25,20.35,,543.1,553.57
2010-06-07,,9.0,8.25,20.35,,543.1,553.57
2010-06-08,,9.0,8.25,20.35,,543.07,553.48
2010-06-09,,9.0,8.25,19.64,,542.46,553.09
2010-06-10,,9.0,8.0,19.64,,535.02,545.62
2010-06-11,,9.0,8.0,19.64,,529.86,540.76
2010-06-12,,9.0,8.0,19.64,,528.4,539.36
2010-06-13,,9.0,8.0,19.64,,528.4,539.36
2010-06-14,,9.0,8.0,19.64,,528.4,539.36
2010-06-15,,9.0,8.0,19.64,,530.21,540.73
2010-06-16,,9.0,8.0,20.0,,532.76,543.31
2010-06-17,,9.0,8.0,20.0,,529.26,539.42
2010-06-18,,9.0,8.0,20.0,,525.23,535.32
2010-06-19,,9.0,8.0,20.0,,525.1,535.21
2010-06-20,,9.0,8.0,20.0,,525.1,535.21
2010-06-21,,9.0,8.0,20.0,,525.1,535.21
2010-06-22,,9.0,8.0,20.0,,524.61,534.88
2010-06-23,,9.0,8.0,20.21,,521.19,531.2
2010-06-24,,9.0,8.25,20.21,,517.67,527.86
2010-06-25,,9.0,8.25,20.21,,517.35,527.6
2010-06-26,,9.0,8.25,20.21,,517.51,527.61
2010-06-27,,9.0,8.25,20.21,,517.51,527.61
2010-06-28,,9.0,8.25,20.21,,517.51,527.61
2010-06-29,,9.0,8.25,20.21,,519.64,529.67
2010-06-30,76.41933924,9.0,8.25,20.26,8158850.55523516,529.91,540.24
2010-07-01,,9.0,8.25,20.26,,530.77,541.02
2010-07-02,,9.0,8.25,20.26,,531.44,541.67
2010-07-03,,9.0,8.25,20.26,,531.38,541.76
2010-07-04,,9.0,8.25,20.26,,531.38,541.76
2010-07-05,,9.0,8.25,20.26,,531.38,541.76
2010-07-06,,9.0,8.25,20.26,,530.13,540.63
2010-07-07,,9.0,8.25,20.3,,528.9,539.33
2010-07-08,,9.0,8.25,20.3,,525.68,536.07
2010-07-09,,9.0,8.25,20.3,,519.32,529.74
2010-07-10,,9.0,8.25,20.3,,519.87,530.37
2010-07-11,,9.0,8.25,20.3,,519.87,530.37
2010-07-12,,9.0,8.25,20.3,,519.87,530.37
2010-07-13,,9.0,8.25,20.3,,518.16,528.39
2010-07-14,,9.0,8.25,20.02,,515.57,526.13
2010-07-15,,9.0,8.0,20.02,,514.46,525.14
2010-07-16,,9.0,8.0,20.02,,509.71,520.36
2010-07-17,,9.0,8.0,20.02,,508.67,519.21
2010-07-18,,9.0,8.0,20.02,,508.67,519.21
2010-07-19,,9.0,8.0,20.02,,508.67,519.21
2010-07-20,,9.0,8.0,20.02,,513.34,523.6
2010-07-21,,9.0,8.0,19.92,,516.99,527.24
2010-07-22,,9.0,8.25,19.92,,516.86,527.31
2010-07-23,,9.0,8.25,19.92,,513.7,524.54
2010-07-24,,9.0,8.25,19.92,,514.46,525.23
2010-07-25,,9.0,8.25,19.92,,514.46,525.23
2010-07-26,,9.0,8.25,19.92,,514.46,525.23
2010-07-27,,9.0,8.25,19.92,,513.94,524.66
2010-07-28,,9.0,8.25,20.0,,514.78,525.43
2010-07-29,,9.0,8.0,20.0,,515.98,526.55
2010-07-30,,9.0,8.0,20.0,,515.33,525.92
2010-07-31,76.6636712,9.0,8.0,20.0,8097957.94594516,511.64,522.71
2010-08-01,,9.0,8.0,20.0,,511.64,522.71
2010-08-02,,9.0,8.0,20.0,,511.64,522.71
2010-08-03,,9.0,8.0,20.0,,511.64,522.71
2010-08-04,,9.0,8.0,19.78,,510.33,520.69
2010-08-05,,9.0,8.25,19.78,,511.88,522.33
2010-08-06,,9.0,8.25,19.78,,512.11,522.48
2010-08-07,,9.0,8.25,19.78,,510.94,521.17
2010-08-08,,9.0,8.25,19.78,,510.94,521.17
2010-08-09,,9.0,8.25,19.78,,510.94,521.17
2010-08-10,,9.0,8.25,19.78,,509.92,520.19
2010-08-11,,9.0,8.25,19.8,,506.66,516.9
2010-08-12,,9.0,8.25,19.8,,506.48,516.71
2010-08-13,,9.0,8.25,19.8,,505.2,515.46
2010-08-14,,9.0,8.25,19.8,,503.09,513.33
2010-08-15,,9.0,8.25,19.8,,503.09,513.33
2010-08-16,,9.0,8.25,19.8,,503.09,513.33
2010-08-17,,9.0,8.25,19.8,,503.25,513.37
2010-08-18,,9.0,8.25,19.82,,504.41,514.52
2010-08-19,,7.5,8.0,19.82,,505.87,515.79
2010-08-20,,7.5,8.0,19.82,,506.61,516.69
2010-08-21,,7.5,8.0,19.82,,506.26,516.4
2010-08-22,,7.5,8.0,19.82,,506.26,516.4
2010-08-23,,7.5,8.0,19.82,,506.26,516.4
2010-08-24,,7.5,8.0,19.82,,504.44,514.74
2010-08-25,,7.5,8.0,19.61,,504.28,514.57
2010-08-26,,7.5,8.25,19.61,,504.2,514.47
2010-08-27,,7.5,8.25,19.61,,504.22,514.44
2010-08-28,,7.5,8.25,19.61,,504.15,514.3
2010-08-29,,7.5,8.25,19.61,,504.15,514.3
2010-08-30,,7.5,8.25,19.61,,504.15,514.3
2010-08-31,76.81802522,7.5,8.25,19.61,8130605.35447771,504.12,514.28
2010-09-01,,7.5,8.25,19.64,,501.22,511.26
2010-09-02,,7.5,8.0,19.64,,503.24,513.3
2010-09-03,,7.5,8.0,19.64,,510.87,521.55
2010-09-04,,7.5,8.0,19.64,,520.42,530.56
2010-09-05,,7.5,8.0,19.64,,520.42,530.56
2010-09-06,,7.5,8.0,19.64,,520.42,530.56
2010-09-07,,7.5,8.0,19.64,,516.25,526.2
2010-09-08,,7.5,8.0,19.51,,513.33,523.15
2010-09-09,,7.5,8.0,19.51,,511.31,521.03
2010-09-10,,7.5,8.0,19.51,,504.49,514.05
2010-09-11,,7.5,8.0,19.51,,501.34,511.53
2010-09-12,,7.5,8.0,19.51,,501.34,511.53
2010-09-13,,7.5,8.0,19.51,,501.34,511.53
2010-09-14,,7.5,8.0,19.51,,500.76,511.08
2010-09-15,,7.5,8.0,19.34,,500.98,511.24
2010-09-16,,7.5,7.5,19.34,,500.98,511.24
2010-09-17,,7.5,7.5,19.34,,498.41,509.0
2010-09-18,,7.5,7.5,19.34,,496.93,507.15
2010-09-19,,7.5,7.5,19.34,,496.93,507.15
2010-09-20,,7.5,7.5,19.34,,496.93,507.15
2010-09-21,,7.5,7.5,19.34,,497.34,507.47
2010-09-22,,7.5,7.5,19.15,,503.05,513.71
2010-09-23,,7.5,7.75,19.15,,505.34,515.9
2010-09-24,,7.5,7.75,19.15,,504.87,515.13
2010-09-25,,7.5,7.75,19.15,,504.61,514.97
2010-09-26,,7.5,7.75,19.15,,504.61,514.97
2010-09-27,,7.5,7.75,19.15,,504.61,514.97
2010-09-28,,7.5,7.75,19.15,,504.04,514.54
2010-09-29,,7.5,7.75,19.27,,502.83,513.34
2010-09-30,76.75419741,7.5,7.5,19.27,8209246.91663092,502.55,512.94
2010-10-01,,7.5,7.5,19.27,,504.78,515.73
2010-10-02,,7.5,7.5,19.27,,507.32,518.01
2010-10-03,,7.5,7.5,19.27,,507.32,518.01
2010-10-04,,7.5,7.5,19.27,,507.32,518.01
2010-10-05,,7.5,7.5,19.27,,508.72,519.04
2010-10-06,,7.5,7.5,19.09,,511.64,522.25
2010-10-07,,7.5,8.25,19.09,,507.61,518.08
2010-10-08,,7.5,8.25,19.09,,507.02,517.89
2010-10-09,,7.5,8.25,19.09,,507.21,517.85
2010-10-10,,7.5,8.25,19.09,,507.21,517.85
2010-10-11,,7.5,8.25,19.09,,507.21,517.85
2010-10-12,,7.5,8.25,19.09,,504.97,515.68
2010-10-13,,7.5,8.25,19.43,,502.15,512.7
2010-10-14,,7.5,7.5,19.43,,500.94,511.13
2010-10-15,,7.5,7.5,19.43,,500.02,510.12
2010-10-16,,7.5,7.5,19.43,,498.42,508.94
2010-10-17,,7.5,7.5,19.43,,498.42,508.94
2010-10-18,,7.5,7.5,19.43,,498.42,508.94
2010-10-19,,7.5,7.5,19.43,,498.42,508.94
2010-10-20,,7.5,7.5,19.02,,500.72,511.31
2010-10-21,,6.5,6.75,19.02,,504.91,515.65
2010-10-22,,6.5,6.75,19.02,,506.95,517.58
2010-10-23,,6.5,6.75,19.02,,505.93,516.63
2010-10-24,,6.5,6.75,19.02,,505.93,516.63
2010-10-25,,6.5,6.75,19.02,,505.93,516.63
2010-10-26,,6.5,6.75,19.02,,505.28,515.79
2010-10-27,,6.5,6.75,18.65,,504.95,515.43
2010-10-28,,6.5,7.25,18.65,,506.34,517.1
2010-10-29,,6.5,7.25,18.65,,507.7,518.43
2010-10-30,,6.5,7.25,18.65,,508.52,519.18
2010-10-31,77.11804729,6.5,7.25,18.65,8340285.73032904,508.52,519.18
2010-11-01,,6.5,7.25,18.65,,508.52,519.18
2010-11-02,,6.5,7.25,18.65,,506.94,517.45
2010-11-03,,6.5,7.25,18.76,,506.9,517.44
2010-11-04,,6.5,7.5,18.76,,507.09,517.55
2010-11-05,,6.5,7.5,18.76,,511.28,521.75
2010-11-06,,6.5,7.5,18.76,,514.47,524.31
2010-11-07,,6.5,7.5,18.76,,514.47,524.31
2010-11-08,,6.5,7.5,18.76,,514.47,524.31
2010-11-09,,6.5,7.5,18.76,,514.36,524.18
2010-11-10,,6.5,7.5,18.86,,513.64,523.18
2010-11-11,,6.5,7.5,18.86,,512.31,521.91
2010-11-12,,6.5,7.5,18.86,,508.42,518.56
2010-11-13,,6.5,7.5,18.86,,507.17,517.46
2010-11-14,,6.5,7.5,18.86,,507.17,517.46
2010-11-15,,6.5,7.5,18.86,,507.17,517.46
2010-11-16,,6.5,7.5,18.86,,506.78,517.16
2010-11-17,,6.5,7.5,18.86,,507.68,518.14
2010-11-18,,6.5,7.75,18.86,,506.63,517.14
2010-11-19,,6.5,7.75,18.86,,505.23,515.78
2010-11-20,,6.5,7.75,18.86,,504.3,514.19
2010-11-21,,6.5,7.75,18.86,,504.3,514.19
2010-11-22,,6.5,7.75,18.86,,504.3,514.19
2010-11-23,,6.5,7.75,18.86,,504.91,514.6
2010-11-24,,6.5,7.75,18.98,,504.74,514.3
2010-11-25,,6.5,7.0,18.98,,505.28,514.04
2010-11-26,,6.5,7.0,18.98,,504.35,513.29
2010-11-27,,6.5,7.0,18.98,,501.95,510.95
2010-11-28,,6.5,7.0,18.98,,501.95,510.95
2010-11-29,,6.5,7.0,18.98,,501.95,510.95
2010-11-30,77.62394066,6.5,7.0,18.98,8433025.44852801,503.18,512.2
2010-12-01,,6.5,7.0,18.6,,502.49,512.84
2010-12-02,,6.5,7.25,18.6,,500.22,510.82
2010-12-03,,6.5,7.25,18.6,,499.55,509.94
2010-12-04,,6.5,7.25,18.6,,500.49,511.05
2010-12-05,,6.5,7.25,18.6,,500.49,511.05
2010-12-06,,6.5,7.25,18.6,,500.49,511.05
2010-12-07,,6.5,7.25,18.6,,500.7,511.2
2010-12-08,,6.5,7.25,18.74,,500.46,511.28
2010-12-09,,6.5,7.75,18.74,,500.07,510.66
2010-12-10,,6.5,7.75,18.74,,500.33,510.67
2010-12-11,,6.5,7.75,18.74,,499.42,509.42
2010-12-12,,6.5,7.75,18.74,,499.42,509.42
2010-12-13,,6.5,7.75,18.74,,499.42,509.42
2010-12-14,,6.5,7.75,18.74,,498.83,508.7
2010-12-15,,6.5,7.75,18.98,,498.53,508.4
2010-12-16,,6.5,7.25,18.98,,496.65,506.35
2010-12-17,,6.5,7.25,18.98,,496.53,506.57
2010-12-18,,6.5,7.25,18.98,,499.72,509.57
2010-12-19,,6.5,7.25,18.98,,499.72,509.57
2010-12-20,,6.5,7.25,18.98,,499.72,509.57
2010-12-21,,6.5,7.25,18.98,,502.32,511.96
2010-12-22,,6.5,7.25,18.72,,503.49,513.39
2010-12-23,,6.5,7.75,18.72,,503.58,513.34
2010-12-24,,6.5,7.75,18.72,,503.23,513.51
2010-12-25,,6.5,7.75,18.72,,502.55,514.89
2010-12-26,,6.5,7.75,18.72,,502.55,514.89
2010-12-27,,6.5,7.75,18.72,,502.55,514.89
2010-12-28,,6.5,7.75,18.72,,502.48,514.41
2010-12-29,,6.5,7.75,18.97,,504.02,515.67
2010-12-30,,6.5,8.0,18.97,,506.89,517.87
2010-12-31,78.20005375,6.5,8.0,18.97,8569671.41924431,507.85,518.09
2011-01-01,,6.5,8.0,18.97,,507.85,518.09
2011-01-02,,6.5,8.0,18.97,,507.85,518.09
2011-01-03,,6.5,8.0,18.97,,507.85,518.09
2011-01-04,,6.5,8.0,18.97,,506.64,516.94
2011-01-05,,6.5,8.0,19.02,,506.07,516.29
2011-01-06,,6.5,7.25,19.02,,506.03,516.43
2011-01-07,,6.5,7.25,19.02,,505.96,516.33
2011-01-08,,6.5,7.25,19.02,,505.27,515.54
2011-01-09,,6.5,7.25,19.02,,505.27,515.54
2011-01-10,,6.5,7.25,19.02,,505.27,515.54
2011-01-11,,6.5,7.25,19.02,,504.96,515.33
2011-01-12,,6.5,7.25,18.61,,505.03,515.39
2011-01-13,,6.5,8.0,18.61,,503.72,514.16
2011-01-14,,6.5,8.0,18.61,,498.58,509.09
2011-01-15,,6.5,8.0,18.61,,498.55,508.89
2011-01-16,,6.5,8.0,18.61,,498.55,508.89
2011-01-17,,6.5,8.0,18.61,,498.55,508.89
2011-01-18,,6.5,8.0,18.61,,498.6,508.9
2011-01-19,,6.5,8.0,19.01,,498.42,508.71
2011-01-20,,6.5,7.5,19.01,,498.25,508.48
2011-01-21,,6.5,7.5,19.01,,498.22,508.37
2011-01-22,,6.5,7.5,19.01,,498.17,508.3
2011-01-23,,6.5,7.5,19.01,,498.17,508.3
2011-01-24,,6.5,7.5,19.01,,498.17,508.3
2011-01-25,,6.5,7.5,19.01,,498.85,508.79
2011-01-26,,6.5,7.5,18.78,,499.0,509.05
2011-01-27,,6.5,7.75,18.78,,498.78,508.94
2011-01-28,,6.5,7.75,18.78,,498.71,508.88
2011-01-29,,6.5,7.75,18.78,,500.85,510.69
2011-01-30,,6.5,7.75,18.78,,500.85,510.69
2011-01-31,78.72906211,6.5,7.75,18.78,8499439.23280164,500.85,510.69
2011-02-01,,6.5,7.75,18.78,,499.01,509.08
2011-02-02,,6.5,7.75,18.89,,498.9,508.82
2011-02-03,,6.5,7.5,18.89,,498.86,508.87
2011-02-04,,6.5,7.5,18.89,,498.71,508.87
2011-02-05,,6.5,7.5,18.89,,497.98,508.11
2011-02-06,,6.5,7.5,18.89,,497.98,508.11
2011-02-07,,6.5,7.5,18.89,,497.98,508.11
2011-02-08,,6.5,7.5,18.89,,496.89,507.13
2011-02-09,,6.5,7.5,18.75,,498.57,508.67
2011-02-10,,6.5,7.5,18.75,,498.49,508.9
2011-02-11,,6.5,7.5,18.75,,498.44,508.9
2011-02-12,,6.5,7.5,18.75,,498.35,508.84
2011-02-13,,6.5,7.5,18.75,,498.35,508.84
2011-02-14,,6.5,7.5,18.75,,498.35,508.84
2011-02-15,,6.5,7.5,18.75,,497.21,507.64
2011-02-16,,6.5,7.5,18.75,,496.32,506.64
2011-02-17,,6.5,7.5,18.75,,495.58,505.76
2011-02-18,,6.5,7.5,18.75,,495.54,505.74
2011-02-19,,6.5,7.5,18.75,,495.49,505.69
2011-02-20,,6.5,7.5,18.75,,495.49,505.69
2011-02-21,,6.5,7.5,18.75,,495.49,505.69
2011-02-22,,6.5,7.5,18.75,,495.45,505.66
2011-02-23,,6.5,7.5,18.75,,495.38,505.69
2011-02-24,,6.5,7.5,18.75,,495.32,505.65
2011-02-25,,6.5,7.5,18.75,,495.57,505.96
2011-02-26,,6.5,7.5,18.75,,497.28,507.61
2011-02-27,,6.5,7.5,18.75,,497.28,507.61
2011-02-28,79.07236732,6.5,7.5,18.75,8545132.78514902,497.28,507.61
2011-03-01,,6.5,7.5,18.75,,496.33,506.72
2011-03-02,,6.5,7.5,18.56,,496.47,507.05
2011-03-03,,6.5,7.25,18.56,,496.63,507.21
2011-03-04,,6.5,7.25,18.56,,496.6,507.14
2011-03-05,,6.5,7.25,18.56,,496.27,506.73
2011-03-06,,6.5,7.25,18.56,,496.27,506.73
2011-03-07,,6.5,7.25,18.56,,496.27,506.73
2011-03-08,,6.5,7.25,18.56,,495.3,505.7
2011-03-09,,6.5,7.25,18.42,,494.99,505.53
2011-03-10,,6.5,7.5,18.42,,494.93,505.38
2011-03-11,,6.5,7.5,18.42,,494.71,505.23
2011-03-12,,6.5,7.5,18.42,,494.65,505.14
2011-03-13,,6.5,7.5,18.42,,494.65,505.14
2011-03-14,,6.5,7.5,18.42,,494.65,505.14
2011-03-15,,6.5,7.5,18.42,,494.69,505.11
2011-03-16,,6.5,7.5,18.62,,494.63,505.11
2011-03-17,,6.5,7.5,18.62,,494.64,505.17
2011-03-18,,6.5,7.5,18.62,,494.66,505.1
2011-03-19,,6.5,7.5,18.62,,494.67,505.11
2011-03-20,,6.5,7.5,18.62,,494.67,505.11
2011-03-21,,6.5,7.5,18.62,,494.67,505.11
2011-03-22,,6.5,7.5,18.62,,494.69,505.13
2011-03-23,,6.5,7.5,18.62,,494.66,505.12
2011-03-24,,6.5,7.5,18.62,,494.63,505.13
2011-03-25,,6.5,7.5,18.62,,494.6,505.11
2011-03-26,,6.5,7.5,18.62,,494.59,505.2
2011-03-27,,6.5,7.5,18.62,,494.59,505.2
2011-03-28,,6.5,7.5,18.62,,494.59,505.2
2011-03-29,,6.5,7.5,18.62,,494.7,505.27
2011-03-30,,6.5,7.5,18.62,,494.66,505.39
2011-03-31,79.27151793,6.5,7.5,18.62,8626491.95750327,495.66,506.16
2011-04-01,,6.5,7.5,18.62,,494.63,505.24
2011-04-02,,6.5,7.5,18.62,,494.61,505.12
2011-04-03,,6.5,7.5,18.62,,494.61,505.12
2011-04-04,,6.5,7.5,18.62,,494.61,505.12
2011-04-05,,6.5,7.5,18.62,,494.65,505.12
2011-04-06,,6.5,7.5,18.53,,494.56,505.12
2011-04-07,,6.5,7.25,18.53,,494.71,505.25
2011-04-08,,6.5,7.25,18.53,,494.74,505.22
2011-04-09,,6.5,7.25,18.53,,495.22,505.65
2011-04-10,,6.5,7.25,18.53,,495.22,505.65
2011-04-11,,6.5,7.25,18.53,,495.22,505.65
2011-04-12,,6.5,7.25,18.53,,495.22,505.65
2011-04-13,,6.5,7.25,18.29,,494.87,505.28
2011-04-14,,6.5,7.25,18.29,,494.52,505.1
2011-04-15,,6.5,7.25,18.29,,494.5,505.04
2011-04-16,,6.5,7.25,18.29,,494.47,505.02
2011-04-17,,6.5,7.25,18.29,,494.47,505.02
2011-04-18,,6.5,7.25,18.29,,494.47,505.02
2011-04-19,,6.5,7.25,18.29,,494.3,504.9
2011-04-20,,6.5,7.25,18.28,,494.27,504.89
2011-04-21,,6.5,7.0,18.28,,493.66,505.12
2011-04-22,,6.5,7.0,18.28,,493.66,505.12
2011-04-23,,6.5,7.0,18.28,,493.66,505.12
2011-04-24,,6.5,7.0,18.28,,493.66,505.12
2011-04-25,,6.5,7.0,18.28,,493.66,505.12
2011-04-26,,6.5,7.0,18.28,,494.07,504.65
2011-04-27,,6.5,7.0,17.68,,493.91,504.63
2011-04-28,,6.5,7.0,17.68,,494.24,504.97
2011-04-29,,6.5,7.0,17.68,,494.97,505.75
2011-04-30,79.39388863,6.5,7.0,17.68,8684178.26394805,495.6,506.44
2011-05-01,,6.5,7.0,17.68,,495.6,506.44
2011-05-02,,6.5,7.0,17.68,,495.6,506.44
2011-05-03,,6.5,7.0,17.68,,494.61,505.16
2011-05-04,,6.5,7.0,17.52,,496.56,507.11
2011-05-05,,6.5,7.25,17.52,,496.79,507.45
2011-05-06,,6.5,7.25,17.52,,496.69,507.16
2011-05-07,,6.5,7.25,17.52,,498.04,508.55
2011-05-08,,6.5,7.25,17.52,,498.04,508.55
2011-05-09,,6.5,7.25,17.52,,498.04,508.55
2011-05-10,,6.5,7.25,17.52,,498.52,508.95
2011-05-11,,6.5,7.25,17.8,,499.52,510.1
2011-05-12,,6.5,7.25,17.8,,501.91,512.66
2011-05-13,,6.5,7.25,17.8,,499.07,509.95
2011-05-14,,6.5,7.25,17.8,,496.58,507.46
2011-05-15,,6.5,7.25,17.8,,496.58,507.46
2011-05-16,,6.5,7.25,17.8,,496.58,507.46
2011-05-17,,6.5,7.25,17.8,,496.08,506.65
2011-05-18,,6.5,7.25,17.8,,496.3,506.97
2011-05-19,,6.5,7.0,17.8,,497.07,507.81
2011-05-20,,6.5,7.0,17.8,,497.08,507.82
2011-05-21,,6.5,7.0,17.8,,497.15,507.9
2011-05-22,,6.5,7.0,17.8,,497.15,507.9
2011-05-23,,6.5,7.0,17.8,,497.15,507.9
2011-05-24,,6.5,7.0,17.8,,497.4,507.95
2011-05-25,,6.5,7.0,17.62,,499.89,510.7
2011-05-26,,6.5,7.25,17.62,,500.1,510.85
2011-05-27,,6.5,7.25,17.62,,499.37,510.15
2011-05-28,,6.5,7.25,17.62,,499.23,510.27
2011-05-29,,6.5,7.25,17.62,,499.23,510.27
2011-05-30,,6.5,7.25,17.62,,499.23,510.27
2011-05-31,79.92770624,6.5,7.25,17.62,8802885.84169161,499.98,511.15
2011-06-01,,6.5,7.25,17.78,,501.99,513.2
2011-06-02,,6.5,7.5,17.78,,503.49,514.46
2011-06-03,,6.5,7.5,17.78,,503.34,514.26
2011-06-04,,5.0,7.5,17.78,,503.16,513.99
2011-06-05,,5.0,7.5,17.78,,503.16,513.99
2011-06-06,,5.0,7.5,17.78,,503.16,513.99
2011-06-07,,5.0,7.5,17.78,,503.44,514.2
2011-06-08,,5.0,7.5,17.92,,503.51,514.29
2011-06-09,,5.0,7.25,17.92,,503.08,513.91
2011-06-10,,5.0,7.25,17.92,,499.79,510.77
2011-06-11,,5.0,7.25,17.92,,499.33,510.5
2011-06-12,,5.0,7.25,17.92,,499.33,510.5
2011-06-13,,5.0,7.25,17.92,,499.33,510.5
2011-06-14,,5.0,7.25,17.92,,499.22,510.33
2011-06-15,,5.0,7.25,17.86,,499.13,510.01
2011-06-16,,5.0,7.25,17.86,,499.32,510.07
2011-06-17,,5.0,7.25,17.86,,499.42,510.15
2011-06-18,,5.0,7.25,17.86,,499.36,510.22
2011-06-19,,5.0,7.25,17.86,,499.36,510.22
2011-06-20,,5.0,7.25,17.86,,499.36,510.22
2011-06-21,,5.0,7.25,17.86,,499.61,510.42
2011-06-22,,5.0,7.25,17.8,,499.36,510.15
2011-06-23,,5.0,7.25,17.8,,499.38,510.1
2011-06-24,,5.0,7.25,17.8,,498.53,509.29
2011-06-25,,5.0,7.25,17.8,,498.12,509.04
2011-06-26,,5.0,7.25,17.8,,498.12,509.04
2011-06-27,,5.0,7.25,17.8,,498.12,509.04
2011-06-28,,5.0,7.25,17.8,,497.72,508.6
2011-06-29,,5.0,7.25,17.8,,497.59,508.56
2011-06-30,80.37477639,5.0,7.25,17.8,8906009.48041463,498.61,509.57
2011-07-01,,5.0,7.25,17.8,,498.21,508.95
2011-07-02,,5.0,7.25,17.8,,498.22,508.95
2011-07-03,,5.0,7.25,17.8,,498.22,508.95
2011-07-04,,5.0,7.25,17.8,,498.22,508.95
2011-07-05,,5.0,7.25,17.8,,498.88,509.86
2011-07-06,,5.0,7.25,17.8,,500.72,511.69
2011-07-07,,5.0,7.25,17.8,,501.26,512.29
2011-07-08,,5.0,7.25,17.8,,501.22,512.29
2011-07-09,,5.0,7.25,17.8,,500.69,511.78
2011-07-10,,5.0,7.25,17.8,,500.69,511.78
2011-07-11,,5.0,7.25,17.8,,500.69,511.78
2011-07-12,,5.0,7.25,17.8,,500.61,511.76
2011-07-13,,5.0,7.25,17.78,,500.53,511.46
2011-07-14,,5.0,7.0,17.78,,500.27,511.05
2011-07-15,,5.0,7.0,17.78,,499.91,510.66
2011-07-16,,5.0,7.0,17.78,,498.93,509.84
2011-07-17,,5.0,7.0,17.78,,498.93,509.84
2011-07-18,,5.0,7.0,17.78,,498.93,509.84
2011-07-19,,5.0,7.0,17.78,,498.61,509.48
2011-07-20,,5.0,7.0,17.65,,498.92,509.62
2011-07-21,,5.0,7.0,17.65,,498.98,509.83
2011-07-22,,5.0,7.0,17.65,,498.94,509.68
2011-07-23,,5.0,7.0,17.65,,498.9,509.71
2011-07-24,,5.0,7.0,17.65,,498.9,509.71
2011-07-25,,5.0,7.0,17.65,,498.9,509.71
2011-07-26,,5.0,7.0,17.65,,498.9,509.71
2011-07-27,,5.0,7.0,17.65,,498.74,509.54
2011-07-28,,5.0,7.25,17.65,,498.65,509.82
2011-07-29,,5.0,7.25,17.65,,498.67,509.9
2011-07-30,,5.0,7.25,17.65,,499.72,510.88
2011-07-31,80.64548028,5.0,7.25,17.65,9041314.01935983,499.72,510.88
2011-08-01,,5.0,7.25,17.65,,499.72,510.88
2011-08-02,,5.0,7.25,17.65,,499.72,510.78
2011-08-03,,5.0,7.25,18.1,,499.72,510.78
2011-08-04,,5.0,7.5,18.1,,499.76,510.63
2011-08-05,,5.0,7.5,18.1,,499.89,510.59
2011-08-06,,5.0,7.5,18.1,,499.89,510.56
2011-08-07,,5.0,7.5,18.1,,499.89,510.56
2011-08-08,,5.0,7.5,18.1,,499.89,510.56
2011-08-09,,5.0,7.5,18.1,,499.91,510.68
2011-08-10,,5.0,7.5,18.25,,499.95,510.77
2011-08-11,,5.0,7.25,18.25,,499.55,510.21
2011-08-12,,5.0,7.25,18.25,,499.18,509.96
2011-08-13,,5.0,7.25,18.25,,498.88,509.73
2011-08-14,,5.0,7.25,18.25,,498.88,509.73
2011-08-15,,5.0,7.25,18.25,,498.88,509.73
2011-08-16,,5.0,7.25,18.25,,498.88,509.73
2011-08-17,,5.0,7.25,18.1,,497.78,508.7
2011-08-18,,5.0,7.25,18.1,,497.86,508.65
2011-08-19,,5.0,7.25,18.1,,497.81,508.55
2011-08-20,,5.0,7.25,18.1,,497.88,508.58
2011-08-21,,5.0,7.25,18.1,,497.88,508.58
2011-08-22,,5.0,7.25,18.1,,497.88,508.58
2011-08-23,,5.0,7.25,18.1,,498.36,509.18
2011-08-24,,5.0,7.25,18.06,,500.27,510.87
2011-08-25,,5.0,7.25,18.06,,502.25,512.89
2011-08-26,,5.0,7.25,18.06,,504.24,514.82
2011-08-27,,5.0,7.25,18.06,,503.69,514.45
2011-08-28,,5.0,7.25,18.06,,503.69,514.45
2011-08-29,,5.0,7.25,18.06,,503.69,514.45
2011-08-30,,5.0,7.25,18.06,,504.14,514.93
2011-08-31,80.85236513,5.0,7.25,17.84,9197152.18078423,505.91,516.77
2011-09-01,,5.0,7.25,17.84,,508.46,519.51
2011-09-02,,5.0,7.25,17.84,,507.88,518.8
2011-09-03,,5.0,7.25,17.84,,506.8,517.53
2011-09-04,,5.0,7.25,17.84,,506.8,517.53
2011-09-05,,5.0,7.25,17.84,,506.8,517.53
2011-09-06,,5.0,7.25,17.84,,506.73,517.41
2011-09-07,,5.0,7.25,17.38,,507.83,518.48
2011-09-08,,5.0,7.25,17.38,,508.79,519.28
2011-09-09,,5.0,7.25,17.38,,508.84,519.27
2011-09-10,,5.0,7.25,17.38,,508.7,519.26
2011-09-11,,5.0,7.25,17.38,,508.7,519.26
2011-09-12,,5.0,7.25,17.38,,508.7,519.26
2011-09-13,,5.0,7.25,17.38,,505.52,516.31
2011-09-14,,5.0,7.25,17.42,,503.52,514.29
2011-09-15,,5.0,7.5,17.42,,501.11,511.91
2011-09-16,,5.0,7.5,17.42,,501.11,511.91
2011-09-17,,5.0,7.5,17.42,,499.74,510.39
2011-09-18,,5.0,7.5,17.42,,499.74,510.39
2011-09-19,,5.0,7.5,17.42,,499.74,510.39
2011-09-20,,5.0,7.5,17.42,,498.55,509.33
2011-09-21,,5.0,7.5,17.62,,500.7,511.39
2011-09-22,,5.0,7.75,17.62,,502.98,513.56
2011-09-23,,5.0,7.75,17.62,,505.47,516.08
2011-09-24,,5.0,7.75,17.62,,507.48,518.21
2011-09-25,,5.0,7.75,17.62,,507.48,518.21
2011-09-26,,5.0,7.75,17.62,,507.48,518.21
2011-09-27,,5.0,7.75,17.62,,507.36,518.28
2011-09-28,,5.0,7.75,17.91,,505.88,517.2
2011-09-29,,5.0,7.75,17.91,,507.69,518.73
2011-09-30,80.72600411,5.0,7.75,17.91,9356327.57211234,508.36,519.87
2011-10-01,,5.0,7.75,17.91,,508.86,520.34
2011-10-02,,5.0,7.75,17.91,,508.86,520.34
2011-10-03,,5.0,7.75,17.91,,508.86,520.34
2011-10-04,,5.0,7.75,17.91,,509.7,521.01
2011-10-05,,5.0,7.75,17.73,,513.07,524.1
2011-10-06,,5.0,8.0,17.73,,514.4,525.56
2011-10-07,,5.0,8.0,17.73,,515.2,526.04
2011-10-08,,5.0,8.0,17.73,,515.11,526.05
2011-10-09,,5.0,8.0,17.73,,515.11,526.05
2011-10-10,,5.0,8.0,17.73,,515.11,526.05
2011-10-11,,5.0,8.0,17.73,,513.58,524.77
2011-10-12,,5.0,8.0,17.86,,510.77,521.76
2011-10-13,,5.0,8.0,17.86,,509.18,520.33
2011-10-14,,5.0,8.0,17.86,,506.96,518.05
2011-10-15,,5.0,8.0,17.86,,506.5,517.66
2011-10-16,,5.0,8.0,17.86,,506.5,517.66
2011-10-17,,5.0,8.0,17.86,,506.5,517.66
2011-10-18,,5.0,8.0,17.86,,506.5,517.66
2011-10-19,,5.0,8.0,17.86,,506.61,517.71
2011-10-20,,5.0,8.0,17.86,,506.66,517.66
2011-10-21,,5.0,8.0,17.86,,507.63,518.66
2011-10-22,,5.0,8.0,17.86,,508.59,519.78
2011-10-23,,5.0,8.0,17.86,,508.59,519.78
2011-10-24,,5.0,8.0,17.86,,508.59,519.78
2011-10-25,,5.0,8.0,17.86,,508.82,520.06
2011-10-26,,5.0,8.0,17.86,,506.26,517.22
2011-10-27,,5.0,8.0,17.86,,505.65,516.67
2011-10-28,,5.0,8.0,17.86,,507.64,518.88
2011-10-29,,5.0,8.0,17.86,,509.78,521.11
2011-10-30,,5.0,8.0,17.86,,509.78,521.11
2011-10-31,80.91713243,5.0,8.0,17.86,9496315.08828697,509.78,521.11
2011-11-01,,5.0,8.0,17.86,,509.51,520.87
2011-11-02,,5.0,8.0,17.77,,509.51,520.59
2011-11-03,,5.0,7.75,17.77,,509.96,520.9
2011-11-04,,5.0,7.75,17.77,,509.16,520.18
2011-11-05,,5.0,7.75,17.77,,508.63,519.58
2011-11-06,,5.0,7.75,17.77,,508.63,519.58
2011-11-07,,5.0,7.75,17.77,,508.63,519.58
2011-11-08,,5.0,7.75,17.77,,507.31,517.86
2011-11-09,,5.0,7.75,17.64,,507.67,518.12
2011-11-10,,5.0,8.25,17.64,,507.37,517.97
2011-11-11,,5.0,8.25,17.64,,505.49,516.41
2011-11-12,,5.0,8.25,17.64,,503.33,514.31
2011-11-13,,5.0,8.25,17.64,,503.33,514.31
2011-11-14,,5.0,8.25,17.64,,503.33,514.31
2011-11-15,,5.0,8.25,17.64,,500.21,511.11
2011-11-16,,5.0,8.25,17.92,,500.12,511.14
2011-11-17,,5.0,8.0,17.92,,500.1,511.11
2011-11-18,,5.0,8.0,17.92,,497.63,508.94
2011-11-19,,5.0,8.0,17.92,,497.2,508.56
2011-11-20,,5.0,8.0,17.92,,497.2,508.56
2011-11-21,,5.0,8.0,17.92,,497.2,508.56
2011-11-22,,5.0,8.0,17.92,,497.29,508.6
2011-11-23,,5.0,8.0,17.79,,497.4,508.48
2011-11-24,,5.0,8.0,17.79,,497.27,508.42
2011-11-25,,5.0,8.0,17.79,,497.34,508.4
2011-11-26,,5.0,8.0,17.79,,495.88,506.84
2011-11-27,,5.0,8.0,17.79,,495.88,506.84
2011-11-28,,5.0,8.0,17.79,,495.88,506.84
2011-11-29,,5.0,8.0,17.79,,497.02,508.23
2011-11-30,81.16004779,5.0,8.0,17.79,9601408.91589881,501.0,512.1
2011-12-01,,5.0,7.5,17.79,,497.88,509.26
2011-12-02,,5.0,7.5,17.79,,497.72,508.98
2011-12-03,,5.0,7.5,17.79,,497.93,509.06
2011-12-04,,5.0,7.5,17.79,,497.93,509.06
2011-12-05,,5.0,7.5,17.79,,497.93,509.06
2011-12-06,,5.0,7.5,17.79,,500.07,511.11
2011-12-07,,5.0,7.5,17.76,,501.58,512.51
2011-12-08,,5.0,8.0,17.76,,501.27,512.13
2011-12-09,,5.0,8.0,17.76,,501.15,511.98
2011-12-10,,5.0,8.0,17.76,,499.23,510.33
2011-12-11,,5.0,8.0,17.76,,499.23,510.33
2011-12-12,,5.0,8.0,17.76,,499.23,510.33
2011-12-13,,5.0,8.0,17.76,,497.63,508.39
2011-12-14,,5.0,8.0,18.01,,498.42,509.23
2011-12-15,,5.0,7.75,18.01,,498.53,509.52
2011-12-16,,5.0,7.75,18.01,,496.26,507.14
2011-12-17,,5.0,7.75,18.01,,495.37,506.33
2011-12-18,,5.0,7.75,18.01,,495.37,506.33
2011-12-19,,5.0,7.75,18.01,,495.37,506.33
2011-12-20,,5.0,7.75,18.01,,495.97,506.91
2011-12-21,,5.0,7.75,17.87,,498.08,508.94
2011-12-22,,5.0,8.0,17.87,,499.96,510.9
2011-12-23,,5.0,8.0,17.87,,501.42,512.41
2011-12-24,,5.0,8.0,17.87,,500.54,512.1
2011-12-25,,5.0,8.0,17.87,,500.54,512.1
2011-12-26,,5.0,8.0,17.87,,500.54,512.1
2011-12-27,,5.0,8.0,17.87,,503.34,515.24
2011-12-28,,5.0,8.0,17.88,,507.66,519.64
2011-12-29,,5.0,8.0,17.88,,507.13,520.71
2011-12-30,,5.0,8.0,17.88,,505.35,518.33
2011-12-31,81.90341174,5.0,8.0,17.88,9687953.85234099,505.35,518.33
2012-01-01,,5.0,8.0,17.88,,505.35,518.33
2012-01-02,,5.0,8.0,17.88,,505.35,518.33
2012-01-03,,5.0,8.0,17.88,,505.07,516.66
2012-01-04,,5.0,8.0,17.8,,506.62,518.0
2012-01-05,,5.0,8.0,17.8,,507.49,518.55
2012-01-06,,5.0,8.0,17.8,,508.29,519.29
2012-01-07,,5.0,8.0,17.8,,506.28,517.37
2012-01-08,,5.0,8.0,17.8,,506.28,517.37
2012-01-09,,5.0,8.0,17.8,,506.28,517.37
2012-01-10,,5.0,8.0,17.8,,504.96,515.71
2012-01-11,,5.0,8.0,17.8,,504.09,514.99
2012-01-12,,5.0,8.5,17.8,,503.12,514.1
2012-01-13,,5.0,8.5,17.8,,501.57,512.6
2012-01-14,,5.0,8.5,17.8,,501.08,512.27
2012-01-15,,5.0,8.5,17.8,,501.08,512.27
2012-01-16,,5.0,8.5,17.8,,501.08,512.27
2012-01-17,,5.0,8.5,17.8,,501.35,512.26
2012-01-18,,5.0,8.5,18.06,,501.87,512.67
2012-01-19,,5.0,8.5,18.06,,503.5,514.19
2012-01-20,,5.0,8.5,18.06,,503.62,514.59
2012-01-21,,5.0,8.5,18.06,,503.74,514.89
2012-01-22,,5.0,8.5,18.06,,503.74,514.89
2012-01-23,,5.0,8.5,18.06,,503.74,514.89
2012-01-24,,5.0,8.5,18.06,,504.43,515.4
2012-01-25,,5.0,8.5,18.25,,506.17,517.01
2012-01-26,,5.0,8.75,18.25,,505.66,516.59
2012-01-27,,5.0,8.75,18.25,,504.18,515.49
2012-01-28,,5.0,8.75,18.25,,502.45,513.97
2012-01-29,,5.0,8.75,18.25,,502.45,513.97
2012-01-30,,5.0,8.75,18.25,,502.45,513.97
2012-01-31,82.04658975,5.0,8.75,18.25,9711931.10148251,503.68,514.91
2012-02-01,,5.0,8.75,18.36,,504.85,516.23
2012-02-02,,5.0,8.75,18.36,,505.57,516.89
2012-02-03,,5.0,8.75,18.36,,505.94,517.01
2012-02-04,,5.0,8.75,18.36,,504.3,515.4
2012-02-05,,5.0,8.75,18.36,,504.3,515.4
2012-02-06,,5.0,8.75,18.36,,504.3,515.4
2012-02-07,,5.0,8.75,18.36,,504.27,515.36
2012-02-08,,5.0,8.75,18.36,,505.31,516.4
2012-02-09,,5.0,9.0,18.36,,505.53,516.52
2012-02-10,,5.0,9.0,18.36,,505.69,516.75
2012-02-11,,5.0,9.0,18.36,,505.18,516.31
2012-02-12,,5.0,9.0,18.36,,505.18,516.31
2012-02-13,,5.0,9.0,18.36,,505.18,516.31
2012-02-14,,5.0,9.0,18.36,,504.02,515.14
2012-02-15,,5.0,9.0,18.57,,503.69,514.99
2012-02-16,,5.0,8.75,18.57,,503.73,514.99
2012-02-17,,5.0,8.75,18.57,,503.92,515.1
2012-02-18,,5.0,8.75,18.57,,503.96,515.13
2012-02-19,,5.0,8.75,18.57,,503.96,515.13
2012-02-20,,5.0,8.75,18.57,,503.96,515.13
2012-02-21,,5.0,8.75,18.57,,504.26,515.2
2012-02-22,,5.0,8.75,18.55,,506.16,517.1
2012-02-23,,5.0,9.0,18.55,,507.53,518.55
2012-02-24,,5.0,9.0,18.55,,507.84,518.74
2012-02-25,,5.0,9.0,18.55,,505.77,516.94
2012-02-26,,5.0,9.0,18.55,,505.77,516.94
2012-02-27,,5.0,9.0,18.55,,505.77,516.94
2012-02-28,,5.0,9.0,18.55,,504.83,516.2
2012-02-29,82.27743102,5.0,9.0,18.68,9821759.40025675,505.66,516.94
2012-03-01,,5.0,9.25,18.68,,506.0,517.35
2012-03-02,,5.0,9.25,18.68,,505.96,517.29
2012-03-03,,5.0,9.25,18.68,,505.99,517.24
2012-03-04,,5.0,9.25,18.68,,505.99,517.24
2012-03-05,,5.0,9.25,18.68,,505.99,517.24
2012-03-06,,5.0,9.25,18.68,,506.08,517.17
2012-03-07,,5.0,9.25,18.83,,506.1,517.21
2012-03-08,,5.0,9.25,18.83,,506.09,517.16
2012-03-09,,5.0,9.25,18.83,,505.24,516.4
2012-03-10,,5.0,9.25,18.83,,503.89,515.11
2012-03-11,,5.0,9.25,18.83,,503.89,515.11
2012-03-12,,5.0,9.25,18.83,,503.89,515.11
2012-03-13,,5.0,9.25,18.83,,503.59,514.65
2012-03-14,,5.0,9.25,18.83,,503.35,514.48
2012-03-15,,5.0,9.25,18.83,,503.27,514.43
2012-03-16,,5.0,9.25,18.83,,501.62,512.79
2012-03-17,,5.0,9.25,18.83,,500.42,511.48
2012-03-18,,5.0,9.25,18.83,,500.42,511.48
2012-03-19,,5.0,9.25,18.83,,500.42,511.48
2012-03-20,,5.0,9.25,18.83,,501.25,512.35
2012-03-21,,5.0,9.25,18.83,,502.84,513.68
2012-03-22,,5.0,9.25,18.83,,502.77,513.59
2012-03-23,,5.0,9.25,18.83,,502.3,513.08
2012-03-24,,5.0,9.25,18.83,,501.11,512.18
2012-03-25,,5.0,9.25,18.83,,501.11,512.18
2012-03-26,,5.0,9.25,18.83,,501.11,512.18
2012-03-27,,5.0,9.25,18.83,,502.01,513.11
2012-03-28,,5.0,9.25,18.77,,501.84,512.97
2012-03-29,,5.0,9.25,18.77,,501.19,512.39
2012-03-30,,5.0,9.25,18.77,,502.65,513.83
2012-03-31,82.60731132,5.0,9.25,18.77,9938450.25381363,502.58,513.58
2012-04-01,,5.0,9.25,18.77,,502.58,513.58
2012-04-02,,5.0,9.25,18.77,,502.58,513.58
2012-04-03,,5.0,9.25,18.77,,501.69,512.71
2012-04-04,,5.0,9.25,19.02,,501.62,512.63
2012-04-05,,5.0,9.25,19.02,,501.33,512.45
2012-04-06,,5.0,9.25,19.02,,501.33,512.45
2012-04-07,,5.0,9.25,19.02,,501.33,512.45
2012-04-08,,5.0,9.25,19.02,,501.33,512.45
2012-04-09,,5.0,9.25,19.02,,501.33,512.45
2012-04-10,,5.0,9.25,19.02,,501.35,512.22
2012-04-11,,5.0,9.25,19.02,,501.44,512.36
2012-04-12,,5.0,9.25,19.02,,501.44,512.36
2012-04-13,,5.0,9.25,19.02,,500.49,511.71
2012-04-14,,5.0,9.25,19.02,,498.83,510.1
2012-04-15,,5.0,9.25,19.02,,498.83,510.1
2012-04-16,,5.0,9.25,19.02,,498.83,510.1
2012-04-17,,5.0,9.25,19.02,,498.17,509.52
2012-04-18,,5.0,9.25,19.02,,496.75,507.86
2012-04-19,,5.0,9.5,19.02,,497.64,508.91
2012-04-20,,5.0,9.5,19.02,,497.81,509.03
2012-04-21,,5.0,9.5,19.02,,497.5,508.6
2012-04-22,,5.0,9.5,19.02,,497.5,508.6
2012-04-23,,5.0,9.5,19.02,,497.5,508.6
2012-04-24,,5.0,9.5,19.02,,497.81,508.95
2012-04-25,,5.0,9.5,19.18,,498.6,509.35
2012-04-26,,5.0,9.5,19.18,,498.93,509.61
2012-04-27,,5.0,9.5,19.18,,498.89,509.67
2012-04-28,,5.0,9.5,19.18,,498.54,509.59
2012-04-29,,5.0,9.5,19.18,,498.54,509.59
2012-04-30,83.13127394,5.0,9.5,19.18,10002922.8094165,498.54,509.59
2012-05-01,,5.0,9.5,19.18,,498.75,509.79
2012-05-02,,5.0,9.5,19.23,,498.75,509.79
2012-05-03,,5.0,9.75,19.23,,500.52,511.64
2012-05-04,,5.0,9.75,19.23,,502.05,513.07
2012-05-05,,5.0,9.75,19.23,,502.1,512.97
2012-05-06,,5.0,9.75,19.23,,502.1,512.97
2012-05-07,,5.0,9.75,19.23,,502.1,512.97
2012-05-08,,5.0,9.75,19.23,,502.08,512.94
2012-05-09,,5.0,9.75,19.4,,502.4,513.15
2012-05-10,,5.0,10.0,19.4,,501.54,512.45
2012-05-11,,5.0,10.0,19.4,,499.85,510.86
2012-05-12,,5.0,10.0,19.4,,499.17,510.33
2012-05-13,,5.0,10.0,19.4,,499.17,510.33
2012-05-14,,5.0,10.0,19.4,,499.17,510.33
2012-05-15,,5.0,10.0,19.4,,498.84,509.96
2012-05-16,,5.0,10.0,19.77,,498.82,509.88
2012-05-17,,5.0,10.0,19.77,,499.28,510.29
2012-05-18,,5.0,10.0,19.77,,499.28,510.23
2012-05-19,,5.0,10.0,19.77,,498.26,509.4
2012-05-20,,5.0,10.0,19.77,,498.26,509.4
2012-05-21,,5.0,10.0,19.77,,498.26,509.4
2012-05-22,,5.0,10.0,19.77,,498.23,509.31
2012-05-23,,5.0,10.0,19.77,,498.43,509.48
2012-05-24,,5.0,9.75,19.77,,498.42,509.56
2012-05-25,,5.0,9.75,19.77,,498.28,509.29
2012-05-26,,5.0,9.75,19.77,,498.08,509.32
2012-05-27,,5.0,9.75,19.77,,498.08,509.32
2012-05-28,,5.0,9.75,19.77,,498.08,509.32
2012-05-29,,5.0,9.75,19.77,,497.86,509.09
2012-05-30,,5.0,9.75,19.7,,496.72,507.89
2012-05-31,83.95230348,5.0,10.0,19.7,10085587.6711689,496.17,507.3
2012-06-01,,5.0,10.0,19.7,,496.18,507.29
2012-06-02,,5.0,10.0,19.7,,496.18,507.34
2012-06-03,,5.0,10.0,19.7,,496.18,507.34
2012-06-04,,5.0,10.0,19.7,,496.18,507.34
2012-06-05,,5.0,10.0,19.7,,497.36,508.4
2012-06-06,,5.0,10.0,19.83,,498.69,509.69
2012-06-07,,5.0,10.0,19.83,,498.73,509.68
2012-06-08,,5.0,10.0,19.83,,498.46,509.43
2012-06-09,,5.0,10.0,19.83,,497.71,508.79
2012-06-10,,5.0,10.0,19.83,,497.71,508.79
2012-06-11,,5.0,10.0,19.83,,497.71,508.79
2012-06-12,,5.0,10.0,19.83,,496.47,507.4
2012-06-13,,5.0,10.0,19.83,,496.03,506.97
2012-06-14,,5.0,9.75,19.83,,494.58,505.31
2012-06-15,,5.0,9.75,19.83,,493.31,504.15
2012-06-16,,5.0,9.75,19.83,,493.16,504.1
2012-06-17,,5.0,9.75,19.83,,493.16,504.1
2012-06-18,,5.0,9.75,19.83,,493.16,504.1
2012-06-19,,5.0,9.75,19.83,,493.11,503.93
2012-06-20,,5.0,9.75,19.21,,492.96,503.66
2012-06-21,,5.0,9.5,19.21,,492.83,503.42
2012-06-22,,5.0,9.5,19.21,,492.77,503.38
2012-06-23,,5.0,9.5,19.21,,492.65,503.3
2012-06-24,,5.0,9.5,19.21,,492.65,503.3
2012-06-25,,5.0,9.5,19.21,,492.65,503.3
2012-06-26,,5.0,9.5,19.21,,492.61,503.32
2012-06-27,,5.0,9.5,19.59,,492.53,503.41
2012-06-28,,5.0,9.75,19.59,,492.5,503.47
2012-06-29,,5.0,9.75,19.59,,492.55,503.58
2012-06-30,84.08400002,5.0,9.75,19.59,10178484.6496223,492.57,503.85
2012-07-01,,5.0,9.75,19.59,,492.57,503.85
2012-07-02,,5.0,9.75,19.59,,492.57,503.85
2012-07-03,,5.0,9.75,19.59,,492.68,503.82
2012-07-04,,5.0,9.75,19.81,,495.85,506.74
2012-07-05,,5.0,9.5,19.81,,497.77,508.62
2012-07-06,,5.0,9.5,19.81,,497.97,508.68
2012-07-07,,5.0,9.5,19.81,,497.91,508.73
2012-07-08,,5.0,9.5,19.81,,497.91,508.73
2012-07-09,,5.0,9.5,19.81,,497.91,508.73
2012-07-10,,5.0,9.5,19.81,,497.91,508.72
2012-07-11,,5.0,9.5,19.7,,497.15,507.9
2012-07-12,,5.0,9.5,19.7,,495.64,506.43
2012-07-13,,5.0,9.5,19.7,,494.6,505.52
2012-07-14,,5.0,9.5,19.7,,494.14,505.0
2012-07-15,,5.0,9.5,19.7,,494.14,505.0
2012-07-16,,5.0,9.5,19.7,,494.14,505.0
2012-07-17,,5.0,9.5,19.7,,494.21,505.29
2012-07-18,,5.0,9.5,19.69,,494.17,505.19
2012-07-19,,5.0,10.0,19.69,,494.25,505.14
2012-07-20,,5.0,10.0,19.69,,494.31,505.12
2012-07-21,,5.0,10.0,19.69,,494.43,505.18
2012-07-22,,5.0,10.0,19.69,,494.43,505.18
2012-07-23,,5.0,10.0,19.69,,494.43,505.18
2012-07-24,,5.0,10.0,19.69,,494.56,505.28
2012-07-25,,5.0,10.0,19.94,,495.71,506.32
2012-07-26,,5.0,10.25,19.94,,495.71,506.32
2012-07-27,,5.0,10.25,19.94,,495.18,505.99
2012-07-28,,5.0,10.25,19.94,,495.11,506.08
2012-07-29,,5.0,10.25,19.94,,495.11,506.08
2012-07-30,,5.0,10.25,19.94,,495.11,506.08
2012-07-31,83.82988454,5.0,10.25,19.94,10301080.9220688,495.11,505.98
2012-08-01,,5.0,10.25,20.16,,495.03,505.82
2012-08-02,,5.0,10.5,20.16,,495.09,505.89
2012-08-03,,5.0,10.5,20.16,,495.09,505.89
2012-08-04,,5.0,10.5,20.16,,495.47,506.1
2012-08-05,,5.0,10.5,20.16,,495.47,506.1
2012-08-06,,5.0,10.5,20.16,,495.47,506.1
2012-08-07,,5.0,10.5,20.16,,495.4,506.05
2012-08-08,,5.0,10.5,20.29,,495.39,506.19
2012-08-09,,5.0,10.5,20.29,,495.36,506.09
2012-08-10,,5.0,10.5,20.29,,494.52,505.22
2012-08-11,,5.0,10.5,20.29,,494.38,505.23
2012-08-12,,5.0,10.5,20.29,,494.38,505.23
2012-08-13,,5.0,10.5,20.29,,494.38,505.23
2012-08-14,,5.0,10.5,20.29,,494.29,505.21
2012-08-15,,5.0,10.5,20.29,,494.22,505.09
2012-08-16,,5.0,10.5,20.29,,494.22,505.09
2012-08-17,,5.0,10.5,20.29,,494.15,504.89
2012-08-18,,5.0,10.5,20.29,,493.81,504.34
2012-08-19,,5.0,10.5,20.29,,493.81,504.34
2012-08-20,,5.0,10.5,20.29,,493.81,504.34
2012-08-21,,5.0,10.5,20.29,,492.86,503.14
2012-08-22,,5.0,10.5,20.29,,492.75,503.1
2012-08-23,,5.0,10.25,20.29,,492.77,503.15
2012-08-24,,5.0,10.25,20.29,,492.84,503.11
2012-08-25,,5.0,10.25,20.29,,492.82,503.15
2012-08-26,,5.0,10.25,20.29,,492.82,503.15
2012-08-27,,5.0,10.25,20.29,,492.82,503.15
2012-08-28,,5.0,10.25,20.29,,492.72,503.21
2012-08-29,,5.0,10.25,20.17,,492.67,503.26
2012-08-30,,5.0,10.5,20.17,,492.65,503.24
2012-08-31,84.27312287,5.0,10.5,20.17,10420035.158213,492.65,503.22
2012-09-01,,5.0,10.5,20.17,,492.65,503.34
2012-09-02,,5.0,10.5,20.17,,492.65,503.34
2012-09-03,,5.0,10.5,20.17,,492.65,503.34
2012-09-04,,5.0,10.5,20.17,,492.67,503.32
2012-09-05,,5.0,10.5,20.55,,492.61,503.51
2012-09-06,,5.0,10.0,20.55,,492.62,503.53
2012-09-07,,5.0,10.0,20.55,,492.53,503.29
2012-09-08,,5.0,10.0,20.55,,492.56,503.38
2012-09-09,,5.0,10.0,20.55,,492.56,503.38
2012-09-10,,5.0,10.0,20.55,,492.56,503.38
2012-09-11,,5.0,10.0,20.55,,492.66,503.45
2012-09-12,,5.0,10.0,20.3,,492.63,503.37
2012-09-13,,5.0,10.5,20.3,,492.67,503.37
2012-09-14,,5.0,10.5,20.3,,492.63,503.17
2012-09-15,,5.0,10.5,20.3,,492.62,503.2
2012-09-16,,5.0,10.5,20.3,,492.62,503.2
2012-09-17,,5.0,10.5,20.3,,492.62,503.2
2012-09-18,,5.0,10.5,20.3,,492.67,503.36
2012-09-19,,5.0,10.5,20.54,,492.63,503.4
2012-09-20,,5.0,10.25,20.54,,492.66,503.41
2012-09-21,,5.0,10.25,20.54,,492.65,503.28
2012-09-22,,5.0,10.25,20.54,,492.68,503.31
2012-09-23,,5.0,10.25,20.54,,492.68,503.31
2012-09-24,,5.0,10.25,20.54,,492.68,503.31
2012-09-25,,5.0,10.25,20.54,,492.71,503.24
2012-09-26,,5.0,10.25,20.42,,492.68,503.28
2012-09-27,,5.0,10.5,20.42,,492.65,503.35
2012-09-28,,5.0,10.5,20.42,,492.49,503.26
2012-09-29,,5.0,10.5,20.42,,492.42,503.31
2012-09-30,84.33147392,5.0,10.5,20.42,10512038.148269,492.42,503.31
2012-10-01,,5.0,10.5,20.42,,492.42,503.31
2012-10-02,,5.0,10.5,20.42,,492.41,503.3
2012-10-03,,5.0,10.5,20.69,,492.42,503.19
2012-10-04,,5.0,11.0,20.69,,492.46,503.07
2012-10-05,,5.0,11.0,20.69,,492.44,503.04
2012-10-06,,5.0,11.0,20.69,,492.38,503.0
2012-10-07,,5.0,11.0,20.69,,492.38,503.0
2012-10-08,,5.0,11.0,20.69,,492.38,503.0
2012-10-09,,5.0,11.0,20.69,,492.39,503.11
2012-10-10,,5.0,11.0,21.04,,492.33,503.17
2012-10-11,,5.0,10.5,21.04,,492.38,503.21
2012-10-12,,5.0,10.5,21.04,,492.41,503.22
2012-10-13,,5.0,10.5,21.04,,492.39,503.2
2012-10-14,,5.0,10.5,21.04,,492.39,503.2
2012-10-15,,5.0,10.5,21.04,,492.39,503.2
2012-10-16,,5.0,10.5,21.04,,492.39,503.2
2012-10-17,,5.0,10.5,20.81,,492.44,503.24
2012-10-18,,5.0,10.75,20.81,,492.42,503.26
2012-10-19,,5.0,10.75,20.81,,492.5,503.19
2012-10-20,,5.0,10.75,20.81,,492.42,503.21
2012-10-21,,5.0,10.75,20.81,,492.42,503.21
2012-10-22,,5.0,10.75,20.81,,492.42,503.21
2012-10-23,,5.0,10.75,20.81,,492.43,503.22
2012-10-24,,5.0,10.75,20.91,,492.46,503.23
2012-10-25,,5.0,10.25,20.91,,492.42,503.41
2012-10-26,,5.0,10.25,20.91,,492.39,503.37
2012-10-27,,5.0,10.25,20.91,,492.35,503.26
2012-10-28,,5.0,10.25,20.91,,492.35,503.26
2012-10-29,,5.0,10.25,20.91,,492.35,503.26
2012-10-30,,5.0,10.25,20.91,,492.35,503.24
2012-10-31,84.70730963,5.0,10.25,20.68,10635943.8659697,492.46,503.24
2012-11-01,,5.0,10.25,20.68,,496.8,507.79
2012-11-02,,5.0,10.25,20.68,,498.22,509.23
2012-11-03,,5.0,10.25,20.68,,496.2,507.21
2012-11-04,,5.0,10.25,20.68,,496.2,507.21
2012-11-05,,5.0,10.25,20.68,,496.2,507.21
2012-11-06,,5.0,10.25,20.68,,494.36,505.23
2012-11-07,,5.0,10.25,20.93214065,,494.3,505.23
2012-11-08,,5.0,10.0,20.93214065,,494.26,505.24
2012-11-09,,5.0,10.0,20.93214065,,494.16,505.29
2012-11-10,,5.0,10.0,20.93214065,,494.14,505.21
2012-11-11,,5.0,10.0,20.93214065,,494.14,505.21
2012-11-12,,5.0,10.0,20.93214065,,494.14,505.21
2012-11-13,,5.0,10.0,20.93214065,,494.21,505.21
2012-11-14,,5.0,10.0,20.79657685,,494.16,505.15
2012-11-15,,5.0,9.75,20.79657685,,494.19,505.12
2012-11-16,,5.0,9.75,20.79657685,,494.18,505.24
2012-11-17,,5.0,9.75,20.79657685,,494.02,505.24
2012-11-18,,5.0,9.75,20.79657685,,494.02,505.24
2012-11-19,,5.0,9.75,20.79657685,,494.02,505.24
2012-11-20,,5.0,9.75,20.79657685,,494.23,505.18
2012-11-21,,5.0,9.75,20.71837389,,494.19,505.14
2012-11-22,,5.0,9.75,20.71837389,,494.2,505.11
2012-11-23,,5.0,9.75,20.71837389,,494.17,505.12
2012-11-24,,5.0,9.75,20.71837389,,494.18,505.27
2012-11-25,,5.0,9.75,20.71837389,,494.18,505.27
2012-11-26,,5.0,9.75,20.71837389,,494.18,505.27
2012-11-27,,5.0,9.75,20.71837389,,493.27,503.66
2012-11-28,,5.0,9.75,20.68831001,,492.85,503.32
2012-11-29,,5.0,9.5,20.68831001,,492.82,503.32
2012-11-30,85.39365319,5.0,9.5,20.68831001,10786084.4393122,492.81,503.17
2012-12-01,,5.0,9.5,20.68831001,,492.82,503.28
2012-12-02,,5.0,9.5,20.68831001,,492.82,503.28
2012-12-03,,5.0,9.5,20.68831001,,492.82,503.28
2012-12-04,,5.0,9.5,20.68831001,,492.89,503.45
2012-12-05,,5.0,9.5,20.85099941,,492.88,503.34
2012-12-06,,5.0,9.5,20.85099941,,492.87,503.26
2012-12-07,,5.0,9.5,20.85099941,,492.9,503.19
2012-12-08,,5.0,9.5,20.85099941,,492.87,503.02
2012-12-09,,5.0,9.5,20.85099941,,492.87,503.02
2012-12-10,,5.0,9.5,20.85099941,,492.87,503.02
2012-12-11,,5.0,9.5,20.85099941,,492.89,503.07
2012-12-12,,5.0,9.5,20.8779081,,492.88,503.21
2012-12-13,,5.0,9.5,20.8779081,,492.85,503.17
2012-12-14,,5.0,9.5,20.8779081,,492.88,503.41
2012-12-15,,5.0,9.5,20.8779081,,492.89,503.51
2012-12-16,,5.0,9.5,20.8779081,,492.89,503.51
2012-12-17,,5.0,9.5,20.8779081,,492.89,503.51
2012-12-18,,5.0,9.5,20.8779081,,492.91,503.54
2012-12-19,,5.0,9.5,20.48649601,,492.86,503.54
2012-12-20,,5.0,9.5,20.48649601,,492.84,503.32
2012-12-21,,5.0,9.5,20.48649601,,492.83,503.22
2012-12-22,,5.0,9.5,20.48649601,,492.33,503.39
2012-12-23,,5.0,9.5,20.48649601,,492.33,503.39
2012-12-24,,5.0,9.5,20.48649601,,492.33,503.39
2012-12-25,,5.0,9.5,20.48649601,,494.18,505.85
2012-12-26,,5.0,9.5,20.4777929,,494.18,505.85
2012-12-27,,5.0,9.2,20.4777929,,498.91,510.71
2012-12-28,,5.0,9.2,20.4777929,,503.58,515.4
2012-12-29,,5.0,9.2,20.4777929,,502.07,514.32
2012-12-30,,5.0,9.2,20.4777929,,502.07,514.32
2012-12-31,85.63045146,5.0,9.2,20.4777929,11046826.9216767,502.07,514.32
2013-01-01,,5.0,9.2,20.4777929,,502.07,514.32
2013-01-02,,5.0,9.2,20.48228183,,502.07,514.32
2013-01-03,,5.0,9.1,20.48228183,,498.36,509.59
2013-01-04,,5.0,9.1,20.48228183,,498.35,509.49
2013-01-05,,5.0,9.1,20.48228183,,498.39,509.43
2013-01-06,,5.0,9.1,20.48228183,,498.39,509.43
2013-01-07,,5.0,9.1,20.48228183,,498.39,509.43
2013-01-08,,5.0,9.1,20.48228183,,497.64,508.59
2013-01-09,,5.0,9.1,20.44190522,,496.45,507.47
2013-01-10,,5.0,9.05,20.44190522,,493.94,504.74
2013-01-11,,5.0,9.05,20.44190522,,492.78,503.67
2013-01-12,,5.0,9.05,20.44190522,,492.26,503.03
2013-01-13,,5.0,9.05,20.44190522,,492.26,503.03
2013-01-14,,5.0,9.05,20.44190522,,492.26,503.03
2013-01-15,,5.0,9.05,20.44190522,,491.89,502.77
2013-01-16,,5.0,9.05,20.33215978,,491.84,502.62
2013-01-17,,5.0,8.9,20.33215978,,491.87,502.71
2013-01-18,,5.0,8.9,20.33215978,,491.86,502.59
2013-01-19,,5.0,8.9,20.33215978,,491.86,502.61
2013-01-20,,5.0,8.9,20.33215978,,491.86,502.61
2013-01-21,,5.0,8.9,20.33215978,,491.86,502.61
2013-01-22,,5.0,8.9,20.33215978,,495.41,506.25
2013-01-23,,5.0,8.9,20.27091445,,495.79,506.57
2013-01-24,,5.0,8.6,20.27091445,,496.42,507.18
2013-01-25,,5.0,8.6,20.27091445,,496.47,507.26
2013-01-26,,5.0,8.6,20.27091445,,495.89,506.71
2013-01-27,,5.0,8.6,20.27091445,,495.89,506.71
2013-01-28,,5.0,8.6,20.27091445,,495.89,506.71
2013-01-29,,5.0,8.6,20.27091445,,495.61,506.47
2013-01-30,,5.0,8.6,20.14050268,,495.3,506.36
2013-01-31,86.75335864,5.0,8.3,20.14050268,11039056.0218797,496.32,507.0
2013-02-01,,5.0,8.3,20.14050268,,496.87,508.11
2013-02-02,,5.0,8.3,20.14050268,,496.68,507.81
2013-02-03,,5.0,8.3,20.14050268,,496.68,507.81
2013-02-04,,5.0,8.3,20.14050268,,496.68,507.81
2013-02-05,,5.0,8.3,20.14050268,,496.74,507.66
2013-02-06,,5.0,8.3,20.06275249,,496.68,507.59
2013-02-07,,5.0,8.05,20.06275249,,496.61,507.51
2013-02-08,,5.0,8.05,20.06275249,,496.53,507.42
2013-02-09,,5.0,8.05,20.06275249,,496.27,507.24
2013-02-10,,5.0,8.05,20.06275249,,496.27,507.24
2013-02-11,,5.0,8.05,20.06275249,,496.27,507.24
2013-02-12,,5.0,8.05,20.06275249,,496.25,507.2
2013-02-13,,5.0,8.05,19.41658349,,496.25,507.29
2013-02-14,,5.0,7.8,19.41658349,,496.28,507.25
2013-02-15,,5.0,7.8,19.41658349,,496.31,507.19
2013-02-16,,5.0,7.8,19.41658349,,495.79,506.86
2013-02-17,,5.0,7.8,19.41658349,,495.79,506.86
2013-02-18,,5.0,7.8,19.41658349,,495.79,506.86
2013-02-19,,5.0,7.8,19.41658349,,495.95,506.75
2013-02-20,,5.0,7.8,19.31611677,,495.95,506.81
2013-02-21,,5.0,7.5,19.31611677,,495.94,506.88
2013-02-22,,5.0,7.5,19.31611677,,496.01,506.9
2013-02-23,,5.0,7.5,19.31611677,,495.93,507.0
2013-02-24,,5.0,7.5,19.31611677,,495.93,507.0
2013-02-25,,5.0,7.5,19.31611677,,495.93,507.0
2013-02-26,,5.0,7.5,19.31611677,,496.07,507.08
2013-02-27,,5.0,7.5,19.15009624,,495.94,506.91
2013-02-28,87.63845178,5.0,7.35,19.15009624,11077684.5011369,495.73,506.84
2013-03-01,,5.0,7.35,19.15009624,,495.55,506.92
2013-03-02,,5.0,7.35,19.15009624,,495.34,506.86
2013-03-03,,5.0,7.35,19.15009624,,495.34,506.86
2013-03-04,,5.0,7.35,19.15009624,,495.34,506.86
2013-03-05,,5.0,7.35,19.15009624,,494.72,506.25
2013-03-06,,5.0,7.35,18.94257607,,494.71,505.86
2013-03-07,,5.0,7.25,18.94257607,,494.76,505.82
2013-03-08,,5.0,7.25,18.94257607,,494.79,505.7
2013-03-09,,5.0,7.25,18.94257607,,493.66,504.59
2013-03-10,,5.0,7.25,18.94257607,,493.66,504.59
2013-03-11,,5.0,7.25,18.94257607,,493.66,504.59
2013-03-12,,5.0,7.25,18.94257607,,493.11,504.04
2013-03-13,,5.0,7.25,18.68649836,,493.01,503.98
2013-03-14,,5.0,7.1,18.68649836,,493.03,503.99
2013-03-15,,5.0,7.1,18.68649836,,492.97,503.82
2013-03-16,,5.0,7.1,18.68649836,,492.93,503.87
2013-03-17,,5.0,7.1,18.68649836,,492.93,503.87
2013-03-18,,5.0,7.1,18.68649836,,492.93,503.87
2013-03-19,,5.0,7.1,18.68649836,,492.96,503.91
2013-03-20,,5.0,7.1,18.81464649,,492.92,503.8
2013-03-21,,5.0,7.05,18.81464649,,492.9,503.8
2013-03-22,,5.0,7.05,18.81464649,,492.89,503.67
2013-03-23,,5.0,7.05,18.81464649,,492.72,503.69
2013-03-24,,5.0,7.05,18.81464649,,492.72,503.69
2013-03-25,,5.0,7.05,18.81464649,,492.72,503.69
2013-03-26,,5.0,7.05,18.81464649,,492.72,503.79
2013-03-27,,5.0,7.05,18.77889747,,492.69,503.82
2013-03-28,,5.0,6.95,18.77889747,,492.72,504.65
2013-03-29,,5.0,6.95,18.77889747,,492.72,504.65
2013-03-30,,5.0,6.95,18.77889747,,492.72,504.65
2013-03-31,87.73381988,5.0,6.95,18.77889747,11124545.0904824,492.72,504.65
2013-04-01,,5.0,6.95,18.77889747,,492.72,504.65
2013-04-02,,5.0,6.95,18.77889747,,492.72,503.85
2013-04-03,,5.0,6.95,18.76854397,,492.65,503.89
2013-04-04,,5.0,6.95,18.76854397,,494.38,505.62
2013-04-05,,5.0,6.95,18.76854397,,494.58,505.79
2013-04-06,,5.0,6.95,18.76854397,,494.65,505.72
2013-04-07,,5.0,6.95,18.76854397,,494.65,505.72
2013-04-08,,5.0,6.95,18.76854397,,494.65,505.72
2013-04-09,,5.0,6.95,18.76854397,,494.49,505.51
2013-04-10,,5.0,6.95,18.75510949,,494.48,505.53
2013-04-11,,5.0,6.95,18.75510949,,494.39,505.42
2013-04-12,,5.0,6.95,18.75510949,,494.39,505.42
2013-04-13,,5.0,6.95,18.75510949,,493.93,505.06
2013-04-14,,5.0,6.95,18.75510949,,493.93,505.06
2013-04-15,,5.0,6.95,18.75510949,,493.93,505.06
2013-04-16,,5.0,6.95,18.75510949,,493.38,504.34
2013-04-17,,5.0,6.95,18.75503509,,493.34,504.28
2013-04-18,,5.0,6.9,18.75503509,,493.35,504.38
2013-04-19,,5.0,6.9,18.75503509,,493.34,504.44
2013-04-20,,5.0,6.9,18.75503509,,492.26,503.29
2013-04-21,,5.0,6.9,18.75503509,,492.26,503.29
2013-04-22,,5.0,6.9,18.75503509,,492.26,503.29
2013-04-23,,5.0,6.9,18.75503509,,492.31,503.1
2013-04-24,,5.0,6.9,17.38964657,,491.97,502.63
2013-04-25,,5.0,6.75,17.38964657,,493.26,504.19
2013-04-26,,5.0,6.75,17.38964657,,493.3,504.31
2013-04-27,,5.0,6.75,17.38964657,,493.29,504.4
2013-04-28,,5.0,6.75,17.38964657,,493.29,504.4
2013-04-29,,5.0,6.75,17.38964657,,493.29,504.4
2013-04-30,88.37458721,5.0,6.75,17.38964657,11197302.8301646,493.36,504.46
2013-05-01,,5.0,6.75,16.86475136,,493.44,504.67
2013-05-02,,5.0,6.75,16.86475136,,493.44,504.67
2013-05-03,,5.0,6.75,16.86475136,,493.51,504.68
2013-05-04,,5.0,6.75,16.86475136,,493.51,504.68
2013-05-05,,5.0,6.75,16.86475136,,493.51,504.68
2013-05-06,,5.0,6.75,16.86475136,,493.51,504.68
2013-05-07,,5.0,6.75,16.86475136,,494.02,505.09
2013-05-08,,5.0,6.75,16.98145629,,494.08,505.07
2013-05-09,,5.0,6.7,16.98145629,,493.99,504.96
2013-05-10,,5.0,6.7,16.98145629,,493.67,504.57
2013-05-11,,5.0,6.7,16.98145629,,493.38,504.25
2013-05-12,,5.0,6.7,16.98145629,,493.38,504.25
2013-05-13,,5.0,6.7,16.98145629,,493.38,504.25
2013-05-14,,5.0,6.7,16.98145629,,493.43,504.4
2013-05-15,,5.0,6.7,16.78908873,,493.42,504.23
2013-05-16,,5.0,6.7,16.78908873,,493.43,504.27
2013-05-17,,5.0,6.7,16.78908873,,493.43,504.35
2013-05-18,,5.0,6.7,16.78908873,,493.44,504.31
2013-05-19,,5.0,6.7,16.78908873,,493.44,504.31
2013-05-20,,5.0,6.7,16.78908873,,493.44,504.31
2013-05-21,,5.0,6.7,16.78908873,,493.47,504.31
2013-05-22,,5.0,6.7,16.78886497,,493.45,504.27
2013-05-23,,5.0,6.7,16.78886497,,493.71,504.4
2013-05-24,,5.0,6.7,16.78886497,,494.34,505.21
2013-05-25,,5.0,6.7,16.78886497,,494.22,505.03
2013-05-26,,5.0,6.7,16.78886497,,494.22,505.03
2013-05-27,,5.0,6.7,16.78886497,,494.22,505.03
2013-05-28,,5.0,6.7,16.78886497,,493.35,504.02
2013-05-29,,5.0,6.7,16.78657844,,493.19,503.96
2013-05-30,,5.0,6.65,16.78657844,,493.2,504.13
2013-05-31,88.38837415,5.0,6.65,16.78657844,11297149.2842246,493.22,504.2
2013-06-01,,5.0,6.65,16.78657844,,493.19,504.38
2013-06-02,,5.0,6.65,16.78657844,,493.19,504.38
2013-06-03,,5.0,6.65,16.78657844,,493.19,504.38
2013-06-04,,5.0,6.65,16.78657844,,493.19,504.38
2013-06-05,,5.0,6.65,16.88377391,,493.22,504.4
2013-06-06,,5.0,6.65,16.88377391,,493.51,504.51
2013-06-07,,5.0,6.65,16.88377391,,493.47,504.49
2013-06-08,,5.0,6.65,16.88377391,,493.44,504.41
2013-06-09,,5.0,6.65,16.88377391,,493.44,504.41
2013-06-10,,5.0,6.65,16.88377391,,493.44,504.41
2013-06-11,,5.0,6.65,16.88377391,,493.31,504.35
2013-06-12,,5.0,6.65,16.89638898,,493.26,504.4
2013-06-13,,5.0,6.65,16.89638898,,493.4,504.52
2013-06-14,,5.0,6.65,16.89638898,,493.31,504.41
2013-06-15,,5.0,6.65,16.89638898,,493.11,504.17
2013-06-16,,5.0,6.65,16.89638898,,493.11,504.17
2013-06-17,,5.0,6.65,16.89638898,,493.11,504.17
2013-06-18,,5.0,6.65,16.89638898,,493.1,504.13
2013-06-19,,5.0,6.65,16.88693164,,493.03,504.06
2013-06-20,,4.0,6.6,16.88693164,,493.01,504.05
2013-06-21,,4.0,6.6,16.88693164,,493.15,504.17
2013-06-22,,4.0,6.6,16.88693164,,493.67,504.71
2013-06-23,,4.0,6.6,16.88693164,,493.67,504.71
2013-06-24,,4.0,6.6,16.88693164,,493.67,504.71
2013-06-25,,4.0,6.6,16.88693164,,493.73,504.77
2013-06-26,,4.0,6.6,16.86486384,,493.72,504.67
2013-06-27,,4.0,6.6,16.86486384,,493.68,504.68
2013-06-28,,4.0,6.6,16.86486384,,493.52,504.85
2013-06-29,,4.0,6.6,16.86486384,,493.03,504.53
2013-06-30,88.40415487,4.0,6.6,16.86486384,11385334.4779995,493.03,504.53
2013-07-01,,4.0,6.6,16.86486384,,493.03,504.53
2013-07-02,,4.0,6.6,16.86486384,,493.15,504.53
2013-07-03,,4.0,6.6,16.71972171,,493.16,504.48
2013-07-04,,4.0,6.6,16.71972171,,493.21,504.32
2013-07-05,,4.0,6.6,16.71972171,,493.25,504.37
2013-07-06,,4.0,6.6,16.71972171,,493.23,504.38
2013-07-07,,4.0,6.6,16.71972171,,493.23,504.38
2013-07-08,,4.0,6.6,16.71972171,,493.23,504.38
2013-07-09,,4.0,6.6,16.71972171,,493.29,504.36
2013-07-10,,4.0,6.6,16.71922736,,493.01,504.34
2013-07-11,,4.0,6.6,16.71922736,,493.03,504.31
2013-07-12,,4.0,6.6,16.71922736,,492.99,504.33
2013-07-13,,4.0,6.6,16.71922736,,493.17,504.38
2013-07-14,,4.0,6.6,16.71922736,,493.17,504.38
2013-07-15,,4.0,6.6,16.71922736,,493.17,504.38
2013-07-16,,4.0,6.6,16.71922736,,493.05,504.48
2013-07-17,,4.0,6.6,16.71919042,,493.0,504.46
2013-07-18,,4.0,6.65,16.71919042,,493.01,504.41
2013-07-19,,4.0,6.65,16.71919042,,492.99,504.25
2013-07-20,,4.0,6.65,16.71919042,,493.01,504.24
2013-07-21,,4.0,6.65,16.71919042,,493.01,504.24
2013-07-22,,4.0,6.65,16.71919042,,493.01,504.24
2013-07-23,,4.0,6.65,16.71919042,,493.03,504.3
2013-07-24,,4.0,6.65,16.73723509,,492.96,504.5
2013-07-25,,4.0,6.55,16.73723509,,492.95,504.46
2013-07-26,,4.0,6.55,16.73723509,,492.95,504.46
2013-07-27,,4.0,6.55,16.73723509,,492.95,504.5
2013-07-28,,4.0,6.55,16.73723509,,492.95,504.5
2013-07-29,,4.0,6.55,16.73723509,,492.95,504.5
2013-07-30,,4.0,6.55,16.73723509,,492.94,504.45
2013-07-31,88.70388504,4.0,6.55,16.69908058,11521098.5329215,492.99,504.44
2013-08-01,,4.0,6.6,16.69908058,,492.99,504.51
2013-08-02,,4.0,6.6,16.69908058,,492.98,504.52
2013-08-03,,4.0,6.6,16.69908058,,492.98,504.52
2013-08-04,,4.0,6.6,16.69908058,,492.98,504.52
2013-08-05,,4.0,6.6,16.69908058,,492.98,504.52
2013-08-06,,4.0,6.6,16.69908058,,492.98,504.57
2013-08-07,,4.0,6.6,16.08292653,,492.9,504.79
2013-08-08,,4.0,6.55,16.08292653,,492.9,504.73
2013-08-09,,4.0,6.55,16.08292653,,492.89,504.71
2013-08-10,,4.0,6.55,16.08292653,,492.89,504.73
2013-08-11,,4.0,6.55,16.08292653,,492.89,504.73
2013-08-12,,4.0,6.55,16.08292653,,492.89,504.73
2013-08-13,,4.0,6.55,16.08292653,,493.01,504.78
2013-08-14,,4.0,6.55,16.0510197,,492.96,504.86
2013-08-15,,4.0,6.55,16.0510197,,492.94,504.86
2013-08-16,,4.0,6.55,16.0510197,,492.94,504.86
2013-08-17,,4.0,6.55,16.0510197,,492.96,504.87
2013-08-18,,4.0,6.55,16.0510197,,492.96,504.87
2013-08-19,,4.0,6.55,16.0510197,,492.96,504.87
2013-08-20,,4.0,6.55,16.0510197,,492.93,504.79
2013-08-21,,4.0,6.55,16.05155645,,492.94,504.8
2013-08-22,,4.0,6.55,16.05155645,,492.94,504.79
2013-08-23,,4.0,6.55,16.05155645,,492.91,504.99
2013-08-24,,4.0,6.55,16.05155645,,493.03,505.27
2013-08-25,,4.0,6.55,16.05155645,,493.03,505.27
2013-08-26,,4.0,6.55,16.05155645,,493.03,505.27
2013-08-27,,4.0,6.55,16.05155645,,492.99,505.09
2013-08-28,,4.0,6.55,15.73571151,,492.96,505.06
2013-08-29,,4.0,6.55,15.73571151,,493.0,505.08
2013-08-30,,4.0,6.55,15.73571151,,494.56,506.89
2013-08-31,88.74549795,4.0,6.55,15.73571151,11673149.8113802,497.14,510.03
2013-09-01,,4.0,6.55,15.73571151,,497.14,510.03
2013-09-02,,4.0,6.55,15.73571151,,497.14,510.03
2013-09-03,,4.0,6.55,15.73571151,,497.2,510.11
2013-09-04,,4.0,6.55,15.83953865,,495.24,507.46
2013-09-05,,4.0,6.5,15.83953865,,495.58,507.79
2013-09-06,,4.0,6.5,15.83953865,,496.15,508.28
2013-09-07,,4.0,6.5,15.83953865,,496.68,508.79
2013-09-08,,4.0,6.5,15.83953865,,496.68,508.79
2013-09-09,,4.0,6.5,15.83953865,,496.68,508.79
2013-09-10,,4.0,6.5,15.83953865,,496.97,509.13
2013-09-11,,4.0,6.5,15.81051665,,496.62,509.01
2013-09-12,,4.0,6.55,15.81051665,,495.12,507.4
2013-09-13,,4.0,6.55,15.81051665,,494.97,507.28
2013-09-14,,4.0,6.55,15.81051665,,494.82,507.18
2013-09-15,,4.0,6.55,15.81051665,,494.82,507.18
2013-09-16,,4.0,6.55,15.81051665,,494.82,507.18
2013-09-17,,4.0,6.55,15.81051665,,494.16,506.5
2013-09-18,,4.0,6.55,15.88487349,,495.85,508.14
2013-09-19,,4.0,6.55,15.88487349,,495.34,507.48
2013-09-20,,4.0,6.55,15.88487349,,493.76,505.88
2013-09-21,,4.0,6.55,15.88487349,,493.48,505.61
2013-09-22,,4.0,6.55,15.88487349,,493.48,505.61
2013-09-23,,4.0,6.55,15.88487349,,493.48,505.61
2013-09-24,,4.0,6.55,15.88487349,,494.43,506.86
2013-09-25,,4.0,6.55,15.884895,,494.52,506.99
2013-09-26,,4.0,6.55,15.884895,,494.32,506.56
2013-09-27,,4.0,6.55,15.884895,,493.65,505.82
2013-09-28,,4.0,6.55,15.884895,,493.51,505.57
2013-09-29,,4.0,6.55,15.884895,,493.51,505.57
2013-09-30,88.86162454,4.0,6.55,15.884895,11800187.9022317,493.51,505.57
2013-10-01,,4.0,6.55,15.884895,,493.57,505.67
2013-10-02,,4.0,6.55,16.05468961,,493.48,505.68
2013-10-03,,4.0,6.55,16.05468961,,493.69,505.86
2013-10-04,,4.0,6.55,16.05468961,,493.64,505.85
2013-10-05,,4.0,6.55,16.05468961,,493.61,505.83
2013-10-06,,4.0,6.55,16.05468961,,493.61,505.83
2013-10-07,,4.0,6.55,16.05468961,,493.61,505.83
2013-10-08,,4.0,6.55,16.05468961,,494.84,506.95
2013-10-09,,4.0,6.55,16.04484845,,494.99,507.08
2013-10-10,,4.0,6.55,16.04484845,,494.79,506.9
2013-10-11,,4.0,6.55,16.04484845,,494.72,506.86
2013-10-12,,4.0,6.55,16.04484845,,494.71,506.81
2013-10-13,,4.0,6.55,16.04484845,,494.71,506.81
2013-10-14,,4.0,6.55,16.04484845,,494.71,506.81
2013-10-15,,4.0,6.55,16.04484845,,493.88,505.99
2013-10-16,,4.0,6.55,16.24687023,,493.64,505.8
2013-10-17,,4.0,6.6,16.24687023,,493.94,506.08
2013-10-18,,4.0,6.6,16.24687023,,493.92,506.06
2013-10-19,,4.0,6.6,16.24687023,,493.94,506.07
2013-10-20,,4.0,6.6,16.24687023,,493.94,506.07
2013-10-21,,4.0,6.6,16.24687023,,493.94,506.07
2013-10-22,,4.0,6.6,16.24687023,,493.95,506.08
2013-10-23,,4.0,6.6,16.3188795,,493.86,505.98
2013-10-24,,4.0,6.55,16.3188795,,493.71,506.0
2013-10-25,,4.0,6.55,16.3188795,,493.7,506.04
2013-10-26,,4.0,6.55,16.3188795,,493.6,506.02
2013-10-27,,4.0,6.55,16.3188795,,493.6,506.02
2013-10-28,,4.0,6.55,16.3188795,,493.6,506.02
2013-10-29,,4.0,6.55,16.3188795,,493.71,506.05
2013-10-30,,4.0,6.55,16.10128289,,493.61,505.97
2013-10-31,88.18552723,4.0,6.55,16.10128289,11982586.3141607,493.64,506.02
2013-11-01,,4.0,6.55,16.10128289,,493.73,506.01
2013-11-02,,4.0,6.55,16.10128289,,493.68,506.0
2013-11-03,,4.0,6.55,16.10128289,,493.68,506.0
2013-11-04,,4.0,6.55,16.10128289,,493.68,506.0
2013-11-05,,4.0,6.55,16.10128289,,494.15,506.37
2013-11-06,,4.0,6.55,16.12957547,,494.23,506.43
2013-11-07,,4.0,6.6,16.12957547,,494.43,506.65
2013-11-08,,4.0,6.6,16.12957547,,494.43,506.64
2013-11-09,,4.0,6.6,16.12957547,,494.07,506.2
2013-11-10,,4.0,6.6,16.12957547,,494.07,506.2
2013-11-11,,4.0,6.6,16.12957547,,494.07,506.2
2013-11-12,,4.0,6.6,16.12957547,,493.69,505.91
2013-11-13,,4.0,6.6,16.15856054,,493.61,505.88
2013-11-14,,4.0,6.55,16.15856054,,493.62,505.88
2013-11-15,,4.0,6.55,16.15856054,,492.49,505.88
2013-11-16,,4.0,6.55,16.15856054,,493.61,505.88
2013-11-17,,4.0,6.55,16.15856054,,493.61,505.88
2013-11-18,,4.0,6.55,16.15856054,,493.61,505.88
2013-11-19,,4.0,6.55,16.15856054,,493.7,505.89
2013-11-20,,4.0,6.55,16.11065806,,493.63,505.86
2013-11-21,,4.0,6.5,16.11065806,,493.15,505.36
2013-11-22,,4.0,6.5,16.11065806,,492.86,505.03
2013-11-23,,4.0,6.5,16.11065806,,493.34,505.53
2013-11-24,,4.0,6.5,16.11065806,,493.34,505.53
2013-11-25,,4.0,6.5,16.11065806,,493.34,505.53
2013-11-26,,4.0,6.5,16.11065806,,493.45,505.55
2013-11-27,,4.0,6.5,16.10924538,,493.35,505.5
2013-11-28,,4.0,6.55,16.10924538,,493.14,505.27
2013-11-29,,4.0,6.55,16.10924538,,492.96,505.08
2013-11-30,88.33387713,4.0,6.55,16.10924538,12192209.6158895,492.93,505.13
2013-12-01,,4.0,6.55,16.10924538,,492.93,505.13
2013-12-02,,4.0,6.55,16.10924538,,492.93,505.13
2013-12-03,,4.0,6.55,16.10924538,,493.0,505.13
2013-12-04,,4.0,6.55,16.19332501,,492.92,505.07
2013-12-05,,4.0,6.55,16.19332501,,492.87,505.17
2013-12-06,,4.0,6.55,16.19332501,,492.88,505.11
2013-12-07,,4.0,6.55,16.19332501,,492.85,505.08
2013-12-08,,4.0,6.55,16.19332501,,492.85,505.08
2013-12-09,,4.0,6.55,16.19332501,,492.85,505.08
2013-12-10,,4.0,6.55,16.19332501,,492.89,505.11
2013-12-11,,4.0,6.55,16.17637694,,492.83,505.11
2013-12-12,,4.0,6.5,16.17637694,,492.63,504.96
2013-12-13,,4.0,6.5,16.17637694,,492.62,504.88
2013-12-14,,4.0,6.5,16.17637694,,492.62,504.88
2013-12-15,,4.0,6.5,16.17637694,,492.62,504.88
2013-12-16,,4.0,6.5,16.17637694,,492.62,504.88
2013-12-17,,4.0,6.5,16.17637694,,492.72,504.92
2013-12-18,,4.0,6.5,16.13971334,,493.28,505.5
2013-12-19,,3.75,6.5,16.13971334,,493.3,505.77
2013-12-20,,3.75,6.5,16.13971334,,493.29,505.78
2013-12-21,,3.75,6.5,16.13971334,,493.49,505.96
2013-12-22,,3.75,6.5,16.13971334,,493.49,505.96
2013-12-23,,3.75,6.5,16.13971334,,493.49,505.96
2013-12-24,,3.75,6.5,16.13971334,,494.46,507.17
2013-12-25,,3.75,6.5,16.14115096,,495.45,508.33
2013-12-26,,3.75,6.5,16.14115096,,495.45,508.33
2013-12-27,,3.75,6.5,16.14115096,,495.59,508.52
2013-12-28,,3.75,6.5,16.14115096,,494.92,507.9
2013-12-29,,3.75,6.5,16.14115096,,494.92,507.9
2013-12-30,,3.75,6.5,16.14115096,,494.92,507.9
2013-12-31,88.78125875,3.75,6.5,16.14115096,12406791.8735725,495.01,507.8
2014-01-01,,3.75,6.5,16.18882844,,495.01,507.8
2014-01-02,,3.75,6.5,16.18882844,,495.01,507.8
2014-01-03,,3.75,6.5,16.18882844,,494.89,507.95
2014-01-04,,3.75,6.5,16.18882844,,495.45,508.65
2014-01-05,,3.75,6.5,16.18882844,,495.45,508.65
2014-01-06,,3.75,6.5,16.18882844,,495.45,508.65
2014-01-07,,3.75,6.5,16.18882844,,496.64,509.68
2014-01-08,,3.75,6.5,16.18451816,,496.28,509.2
2014-01-09,,3.75,6.55,16.18451816,,493.82,506.73
2014-01-10,,3.75,6.55,16.18451816,,493.62,506.3
2014-01-11,,3.75,6.55,16.18451816,,493.13,505.82
2014-01-12,,3.75,6.55,16.18451816,,493.13,505.82
2014-01-13,,3.75,6.55,16.18451816,,493.13,505.82
2014-01-14,,3.75,6.55,16.18451816,,494.47,507.23
2014-01-15,,3.75,6.55,16.214969,,494.84,507.67
2014-01-16,,3.75,6.5,16.214969,,494.86,507.51
2014-01-17,,3.75,6.5,16.214969,,494.85,507.56
2014-01-18,,3.75,6.5,16.214969,,494.74,507.47
2014-01-19,,3.75,6.5,16.214969,,494.74,507.47
2014-01-20,,3.75,6.5,16.214969,,494.74,507.47
2014-01-21,,3.75,6.5,16.214969,,495.02,507.88
2014-01-22,,3.75,6.5,16.41938471,,495.55,508.29
2014-01-23,,3.75,6.55,16.41938471,,497.53,510.34
2014-01-24,,3.75,6.55,16.41938471,,497.92,510.77
2014-01-25,,3.75,6.55,16.41938471,,499.92,512.54
2014-01-26,,3.75,6.55,16.41938471,,499.92,512.54
2014-01-27,,3.75,6.55,16.41938471,,499.92,512.54
2014-01-28,,3.75,6.55,16.41938471,,499.77,512.36
2014-01-29,,3.75,6.55,16.45067377,,498.58,511.08
2014-01-30,,3.75,6.55,16.45067377,,505.12,518.14
2014-01-31,89.44621159,3.75,6.55,16.45067377,12573754.6442992,505.39,519.63
2014-02-01,,3.75,6.55,16.45067377,,506.37,520.6
2014-02-02,,3.75,6.55,16.45067377,,506.37,520.6
2014-02-03,,3.75,6.55,16.45067377,,506.37,520.6
2014-02-04,,3.75,6.55,16.45067377,,510.15,524.82
2014-02-05,,3.75,6.55,16.40484532,,510.23,524.74
2014-02-06,,3.75,6.55,16.40484532,,514.76,529.39
2014-02-07,,3.75,6.55,16.40484532,,518.51,533.25
2014-02-08,,3.75,6.55,16.40484532,,513.97,528.56
2014-02-09,,3.75,6.55,16.40484532,,513.97,528.56
2014-02-10,,3.75,6.55,16.40484532,,513.97,528.56
2014-02-11,,3.75,6.55,16.40484532,,514.21,528.48
2014-02-12,,3.75,6.55,16.61367753,,516.79,530.88
2014-02-13,,3.75,6.5,16.61367753,,517.06,531.24
2014-02-14,,3.75,6.5,16.61367753,,517.15,531.28
2014-02-15,,3.75,6.5,16.61367753,,517.07,531.32
2014-02-16,,3.75,6.5,16.61367753,,517.07,531.32
2014-02-17,,3.75,6.5,16.61367753,,517.07,531.32
2014-02-18,,3.75,6.5,16.61367753,,517.52,531.62
2014-02-19,,3.75,6.5,16.57467833,,517.23,531.51
2014-02-20,,3.75,6.5,16.57467833,,519.12,533.45
2014-02-21,,3.75,6.5,16.57467833,,522.68,537.02
2014-02-22,,3.75,6.5,16.57467833,,526.24,540.45
2014-02-23,,3.75,6.5,16.57467833,,526.24,540.45
2014-02-24,,3.75,6.5,16.57467833,,526.24,540.45
2014-02-25,,3.75,6.5,16.57467833,,532.13,546.28
2014-02-26,,3.75,6.5,16.34263094,,532.1,546.22
2014-02-27,,3.75,6.5,16.34263094,,536.22,550.77
2014-02-28,90.03944972,3.75,6.5,16.34263094,13052192.5455587,538.58,553.54
2014-03-01,,3.75,6.5,16.34263094,,539.09,553.55
2014-03-02,,3.75,6.5,16.34263094,,539.09,553.55
2014-03-03,,3.75,6.5,16.34263094,,539.09,553.55
2014-03-04,,3.75,6.5,16.34263094,,542.53,557.11
2014-03-05,,3.75,6.5,16.58231259,,545.95,560.75
2014-03-06,,3.75,6.45,16.58231259,,549.43,564.17
2014-03-07,,3.75,6.45,16.58231259,,552.15,567.23
2014-03-08,,3.75,6.45,16.58231259,,555.79,570.79
2014-03-09,,3.75,6.45,16.58231259,,555.79,570.79
2014-03-10,,3.75,6.45,16.58231259,,555.79,570.79
2014-03-11,,3.75,6.45,16.58231259,,557.16,571.85
2014-03-12,,3.75,6.45,16.55403459,,557.62,572.44
2014-03-13,,4.75,6.5,16.55403459,,555.28,570.02
2014-03-14,,4.75,6.5,16.55403459,,541.2,558.73
2014-03-15,,4.75,6.5,16.55403459,,531.86,549.87
2014-03-16,,4.75,6.5,16.55403459,,531.86,549.87
2014-03-17,,4.75,6.5,16.55403459,,531.86,549.87
2014-03-18,,4.75,6.5,16.55403459,,531.88,548.96
2014-03-19,,4.75,6.5,16.68154766,,532.99,548.8
2014-03-20,,4.75,6.45,16.68154766,,533.05,548.77
2014-03-21,,4.75,6.45,16.68154766,,535.38,550.88
2014-03-22,,4.75,6.45,16.68154766,,539.55,554.54
2014-03-23,,4.75,6.45,16.68154766,,539.55,554.54
2014-03-24,,4.75,6.45,16.68154766,,539.55,554.54
2014-03-25,,4.75,6.45,16.68154766,,538.77,553.61
2014-03-26,,4.75,6.45,16.6508855,,538.42,553.29
2014-03-27,,4.75,6.6,16.6508855,,537.83,552.84
2014-03-28,,4.75,6.6,16.6508855,,538.44,553.53
2014-03-29,,4.75,6.6,16.6508855,,538.34,553.63
2014-03-30,,4.75,6.6,16.6508855,,538.34,553.63
2014-03-31,90.5932307,4.75,6.6,16.6508855,13248661.7035652,538.34,553.63
2014-04-01,,4.75,6.6,16.6508855,,538.59,553.57
2014-04-02,,4.75,6.6,16.93701347,,540.13,555.2
2014-04-03,,4.75,6.65,16.93701347,,544.01,558.95
2014-04-04,,4.75,6.65,16.93701347,,544.5,559.39
2014-04-05,,4.75,6.65,16.93701347,,542.81,557.83
2014-04-06,,4.75,6.65,16.93701347,,542.81,557.83
2014-04-07,,4.75,6.65,16.93701347,,542.81,557.83
2014-04-08,,4.75,6.65,16.93701347,,542.89,557.65
2014-04-09,,4.75,6.65,16.7109039,,542.7,557.56
2014-04-10,,4.75,6.7,16.7109039,,542.8,557.62
2014-04-11,,4.75,6.7,16.7109039,,542.22,557.11
2014-04-12,,4.75,6.7,16.7109039,,542.22,557.11
2014-04-13,,4.75,6.7,16.7109039,,542.22,557.11
2014-04-14,,4.75,6.7,16.7109039,,542.22,557.11
2014-04-15,,4.75,6.7,16.7109039,,536.29,551.3
2014-04-16,,4.75,6.7,16.9202605,,535.79,550.75
2014-04-17,,4.75,6.7,16.9202605,,535.18,550.88
2014-04-18,,4.75,6.7,16.9202605,,535.18,550.88
2014-04-19,,4.75,6.7,16.9202605,,535.18,550.88
2014-04-20,,4.75,6.7,16.9202605,,535.18,550.88
2014-04-21,,4.75,6.7,16.9202605,,535.18,550.88
2014-04-22,,4.75,6.7,16.9202605,,537.5,552.53
2014-04-23,,4.75,6.7,16.92029428,,540.59,555.55
2014-04-24,,4.75,6.7,16.92029428,,540.65,555.64
2014-04-25,,4.75,6.7,16.92029428,,540.36,555.4
2014-04-26,,4.75,6.7,16.92029428,,540.7,555.66
2014-04-27,,4.75,6.7,16.92029428,,540.7,555.66
2014-04-28,,4.75,6.7,16.92029428,,540.7,555.66
2014-04-29,,4.75,6.7,16.92029428,,540.83,555.79
2014-04-30,91.62614703,4.75,6.7,16.92029428,13418596.9591021,540.67,556.16
2014-05-01,,4.75,6.7,16.92029428,,544.65,559.58
2014-05-02,,4.75,6.7,16.92029428,,544.65,559.58
2014-05-03,,4.75,6.7,16.92029428,,544.82,559.63
2014-05-04,,4.75,6.7,16.92029428,,544.82,559.63
2014-05-05,,4.75,6.7,16.92029428,,544.82,559.63
2014-05-06,,4.75,6.7,16.92029428,,546.32,561.06
2014-05-07,,5.25,6.7,16.72956919,,546.89,561.58
2014-05-08,,5.25,6.8,16.72956919,,546.89,561.53
2014-05-09,,5.25,6.8,16.72956919,,546.89,561.53
2014-05-10,,5.25,6.8,16.72956919,,546.71,561.26
2014-05-11,,5.25,6.8,16.72956919,,546.71,561.26
2014-05-12,,5.25,6.8,16.72956919,,546.71,561.26
2014-05-13,,5.25,6.8,16.72956919,,546.68,561.13
2014-05-14,,5.25,6.8,16.48951375,,545.63,560.35
2014-05-15,,5.25,6.75,16.48951375,,545.38,560.09
2014-05-16,,5.25,6.75,16.48951375,,544.42,559.1
2014-05-17,,5.25,6.75,16.48951375,,544.42,559.16
2014-05-18,,5.25,6.75,16.48951375,,544.42,559.16
2014-05-19,,5.25,6.75,16.48951375,,544.42,559.16
2014-05-20,,5.25,6.75,16.48951375,,544.73,559.31
2014-05-21,,5.25,6.75,16.91660951,,545.41,560.0
2014-05-22,,5.25,6.75,16.91660951,,547.18,561.76
2014-05-23,,5.25,6.75,16.91660951,,547.88,562.37
2014-05-24,,5.25,6.75,16.91660951,,546.14,560.84
2014-05-25,,5.25,6.75,16.91660951,,546.14,560.84
2014-05-26,,5.25,6.75,16.91660951,,546.14,560.84
2014-05-27,,5.25,6.75,16.91660951,,545.23,559.77
2014-05-28,,5.25,6.75,16.66765293,,545.12,559.76
2014-05-29,,5.25,6.85,16.66765293,,545.14,559.78
2014-05-30,,5.25,6.85,16.66765293,,545.85,559.88
2014-05-31,92.10978884,5.25,6.85,16.66765293,13591224.334315,546.35,559.88
2014-06-01,,5.25,6.85,16.66765293,,546.35,559.88
2014-06-02,,5.25,6.85,16.66765293,,546.35,559.88
2014-06-03,,5.25,6.85,16.66765293,,546.68,559.77
2014-06-04,,5.25,6.85,16.69841302,,546.87,559.88
2014-06-05,,5.25,6.9,16.69841302,,547.04,560.08
2014-06-06,,5.25,6.9,16.69841302,,547.05,560.08
2014-06-07,,5.25,6.9,16.69841302,,546.99,560.08
2014-06-08,,5.25,6.9,16.69841302,,546.99,560.08
2014-06-09,,5.25,6.9,16.69841302,,546.99,560.08
2014-06-10,,5.25,6.9,16.69841302,,547.09,560.1
2014-06-11,,5.25,6.9,16.70622436,,547.99,560.08
2014-06-12,,5.25,6.95,16.70622436,,550.07,560.99
2014-06-13,,5.25,6.95,16.70622436,,549.85,560.76
2014-06-14,,5.25,6.95,16.70622436,,548.78,559.61
2014-06-15,,5.25,6.95,16.70622436,,548.78,559.61
2014-06-16,,5.25,6.95,16.70622436,,548.78,559.61
2014-06-17,,5.25,6.95,16.70622436,,547.48,558.25
2014-06-18,,5.25,6.95,16.63488868,,547.65,558.47
2014-06-19,,5.25,6.95,16.63488868,,546.21,557.22
2014-06-20,,5.25,6.95,16.63488868,,544.45,555.5
2014-06-21,,5.25,6.95,16.63488868,,540.12,551.11
2014-06-22,,5.25,6.95,16.63488868,,540.12,551.11
2014-06-23,,5.25,6.95,16.63488868,,540.12,551.11
2014-06-24,,5.25,6.95,16.63488868,,539.94,550.77
2014-06-25,,5.25,6.95,16.6276056,,540.04,550.91
2014-06-26,,5.25,6.95,16.6276056,,540.11,551.03
2014-06-27,,5.25,6.95,16.6276056,,541.25,552.15
2014-06-28,,5.25,6.95,16.6276056,,537.58,548.66
2014-06-29,,5.25,6.95,16.6276056,,537.58,548.66
2014-06-30,92.46114068,5.25,6.95,16.6276056,13648811.8860616,537.58,548.66
2014-07-01,,5.25,6.95,16.6276056,,537.48,548.45
2014-07-02,,5.25,6.95,16.65626818,,536.32,547.2
2014-07-03,,5.25,6.95,16.65626818,,534.92,545.83
2014-07-04,,5.25,6.95,16.65626818,,534.08,544.95
2014-07-05,,5.25,6.95,16.65626818,,534.04,544.92
2014-07-06,,5.25,6.95,16.65626818,,534.04,544.92
2014-07-07,,5.25,6.95,16.65626818,,534.04,544.92
2014-07-08,,5.25,6.95,16.65626818,,534.11,545.05
2014-07-09,,5.25,6.95,16.63591713,,534.03,545.0
2014-07-10,,5.25,7.0,16.63591713,,533.99,545.0
2014-07-11,,5.25,7.0,16.63591713,,532.96,543.9
2014-07-12,,5.25,7.0,16.63591713,,531.93,542.64
2014-07-13,,5.25,7.0,16.63591713,,531.93,542.64
2014-07-14,,5.25,7.0,16.63591713,,531.93,542.64
2014-07-15,,5.25,7.0,16.63591713,,531.82,542.9
2014-07-16,,5.25,7.0,16.66395942,,531.88,542.92
2014-07-17,,5.25,6.95,16.66395942,,531.8,542.69
2014-07-18,,5.25,6.95,16.66395942,,531.8,542.68
2014-07-19,,5.25,6.95,16.66395942,,531.97,542.67
2014-07-20,,5.25,6.95,16.66395942,,531.97,542.67
2014-07-21,,5.25,6.95,16.66395942,,531.97,542.67
2014-07-22,,5.25,6.95,16.66395942,,532.03,542.7
2014-07-23,,5.25,6.95,16.6356112,,531.9,542.7
2014-07-24,,5.25,7.0,16.6356112,,532.52,543.42
2014-07-25,,5.25,7.0,16.6356112,,532.41,543.39
2014-07-26,,5.25,7.0,16.6356112,,532.41,543.39
2014-07-27,,5.25,7.0,16.6356112,,532.41,543.39
2014-07-28,,5.25,7.0,16.6356112,,532.41,543.39
2014-07-29,,5.25,7.0,16.6356112,,532.44,543.36
2014-07-30,,5.25,7.0,16.66514214,,533.17,543.98
2014-07-31,93.30406865,5.25,7.0,16.66514214,13799702.0459234,533.0,543.93
2014-08-01,,5.25,7.0,16.66514214,,533.07,543.86
2014-08-02,,5.25,7.0,16.66514214,,533.12,543.95
2014-08-03,,5.25,7.0,16.66514214,,533.12,543.95
2014-08-04,,5.25,7.0,16.66514214,,533.12,543.95
2014-08-05,,5.25,7.0,16.66514214,,534.03,544.74
2014-08-06,,5.25,7.0,16.4558248,,534.26,545.18
2014-08-07,,5.25,6.95,16.4558248,,534.54,545.53
2014-08-08,,5.25,6.95,16.4558248,,534.46,545.41
2014-08-09,,5.25,6.95,16.4558248,,534.38,545.25
2014-08-10,,5.25,6.95,16.4558248,,534.38,545.25
2014-08-11,,5.25,6.95,16.4558248,,534.38,545.25
2014-08-12,,5.25,6.95,16.4558248,,534.37,545.08
2014-08-13,,5.25,6.95,16.43472276,,534.27,545.04
2014-08-14,,5.25,6.95,16.43472276,,534.32,545.01
2014-08-15,,5.25,6.95,16.43472276,,534.34,545.09
2014-08-16,,5.25,6.95,16.43472276,,534.34,545.09
2014-08-17,,5.25,6.95,16.43472276,,534.34,545.09
2014-08-18,,5.25,6.95,16.43472276,,534.34,545.09
2014-08-19,,5.25,6.95,16.43472276,,534.31,545.1
2014-08-20,,5.25,6.95,16.43488796,,534.3,545.09
2014-08-21,,5.25,7.05,16.43488796,,534.28,545.13
2014-08-22,,5.25,7.05,16.43488796,,534.41,545.34
2014-08-23,,5.25,7.05,16.43488796,,534.33,545.38
2014-08-24,,5.25,7.05,16.43488796,,534.33,545.38
2014-08-25,,5.25,7.05,16.43488796,,534.33,545.38
2014-08-26,,5.25,7.05,16.43488796,,534.43,545.37
2014-08-27,,5.25,7.05,16.26846962,,534.33,545.31
2014-08-28,,5.25,7.1,16.26846962,,534.27,545.34
2014-08-29,,5.25,7.1,16.26846962,,534.26,545.32
2014-08-30,,5.25,7.1,16.26846962,,534.28,545.33
2014-08-31,93.6138515,5.25,7.1,16.26846962,13951366.9009658,534.28,545.33
2014-09-01,,5.25,7.1,16.26846962,,534.28,545.33
2014-09-02,,5.25,7.1,16.26846962,,534.38,545.34
2014-09-03,,5.25,7.1,16.41703603,,534.45,545.34
2014-09-04,,5.25,7.15,16.41703603,,534.44,545.32
2014-09-05,,5.25,7.15,16.41703603,,534.45,545.33
2014-09-06,,5.25,7.15,16.41703603,,534.36,545.37
2014-09-07,,5.25,7.15,16.41703603,,534.36,545.37
2014-09-08,,5.25,7.15,16.41703603,,534.36,545.37
2014-09-09,,5.25,7.15,16.41703603,,534.44,545.35
2014-09-10,,5.25,7.15,16.59804243,,534.4,545.37
2014-09-11,,5.25,7.15,16.59804243,,534.39,545.32
2014-09-12,,5.25,7.15,16.59804243,,534.36,545.27
2014-09-13,,5.25,7.15,16.59804243,,534.47,545.27
2014-09-14,,5.25,7.15,16.59804243,,534.47,545.27
2014-09-15,,5.25,7.15,16.59804243,,534.47,545.27
2014-09-16,,5.25,7.15,16.59804243,,534.47,545.27
2014-09-17,,5.25,7.15,16.67286242,,534.49,545.24
2014-09-18,,5.25,7.15,16.67286242,,534.22,545.56
2014-09-19,,5.25,7.15,16.67286242,,534.14,545.52
2014-09-20,,5.25,7.15,16.67286242,,534.13,545.52
2014-09-21,,5.25,7.15,16.67286242,,534.13,545.52
2014-09-22,,5.25,7.15,16.67286242,,534.13,545.52
2014-09-23,,5.25,7.15,16.67286242,,534.12,545.54
2014-09-24,,5.25,7.15,16.671587,,534.04,545.51
2014-09-25,,5.25,7.15,16.671587,,534.0,545.52
2014-09-26,,5.25,7.15,16.671587,,533.92,545.48
2014-09-27,,5.25,7.15,16.671587,,533.93,545.51
2014-09-28,,5.25,7.15,16.671587,,533.93,545.51
2014-09-29,,5.25,7.15,16.671587,,533.93,545.51
2014-09-30,93.4850984,5.25,7.15,16.671587,14012150.131509,534.02,545.52
2014-10-01,,5.25,7.15,16.82285781,,534.02,545.52
2014-10-02,,5.25,7.15,16.82285781,,534.08,545.57
2014-10-03,,5.25,7.15,16.82285781,,534.06,545.54
2014-10-04,,5.25,7.15,16.82285781,,534.04,545.56
2014-10-05,,5.25,7.15,16.82285781,,534.04,545.56
2014-10-06,,5.25,7.15,16.82285781,,534.04,545.56
2014-10-07,,5.25,7.15,16.82285781,,534.03,545.55
2014-10-08,,5.25,7.15,16.71264027,,533.98,545.51
2014-10-09,,5.25,7.2,16.71264027,,533.97,545.49
2014-10-10,,5.25,7.2,16.71264027,,533.95,545.46
2014-10-11,,5.25,7.2,16.71264027,,533.98,545.47
2014-10-12,,5.25,7.2,16.71264027,,533.98,545.47
2014-10-13,,5.25,7.2,16.71264027,,533.98,545.47
2014-10-14,,5.25,7.2,16.71264027,,534.03,545.49
2014-10-15,,5.25,7.2,16.69223324,,533.98,545.56
2014-10-16,,5.25,7.15,16.69223324,,533.97,545.56
2014-10-17,,5.25,7.15,16.69223324,,533.99,545.59
2014-10-18,,5.25,7.15,16.69223324,,534.0,545.57
2014-10-19,,5.25,7.15,16.69223324,,534.0,545.57
2014-10-20,,5.25,7.15,16.69223324,,534.0,545.57
2014-10-21,,5.25,7.15,16.69223324,,534.02,545.52
2014-10-22,,5.25,7.15,16.68033642,,533.97,545.53
2014-10-23,,5.25,7.2,16.68033642,,533.94,545.49
2014-10-24,,5.25,7.2,16.68033642,,533.82,545.44
2014-10-25,,5.25,7.2,16.68033642,,533.48,545.03
2014-10-26,,5.25,7.2,16.68033642,,533.48,545.03
2014-10-27,,5.25,7.2,16.68033642,,533.48,545.03
2014-10-28,,5.25,7.2,16.68033642,,533.14,544.67
2014-10-29,,5.25,7.2,16.57921961,,533.06,544.65
2014-10-30,,5.25,7.2,16.57921961,,533.26,544.79
2014-10-31,93.21436857,5.25,7.2,16.57921961,14194689.9866339,533.12,544.71
2014-11-01,,5.25,7.2,16.57921961,,533.29,544.89
2014-11-02,,5.25,7.2,16.57921961,,533.29,544.89
2014-11-03,,5.25,7.2,16.57921961,,533.29,544.89
2014-11-04,,5.25,7.2,16.57921961,,533.39,544.93
2014-11-05,,5.25,7.2,16.5716826,,533.34,544.95
2014-11-06,,5.25,7.2,16.5716826,,533.37,544.93
2014-11-07,,5.25,7.2,16.5716826,,532.68,544.29
2014-11-08,,5.25,7.2,16.5716826,,532.02,543.61
2014-11-09,,5.25,7.2,16.5716826,,532.02,543.61
2014-11-10,,5.25,7.2,16.5716826,,532.02,543.61
2014-11-11,,5.25,7.2,16.5716826,,531.99,543.56
2014-11-12,,5.25,7.2,16.56243584,,531.9,543.56
2014-11-13,,5.25,7.25,16.56243584,,531.9,543.57
2014-11-14,,5.25,7.25,16.56243584,,531.83,543.5
2014-11-15,,5.25,7.25,16.56243584,,531.1,542.72
2014-11-16,,5.25,7.25,16.56243584,,531.1,542.72
2014-11-17,,5.25,7.25,16.56243584,,531.1,542.72
2014-11-18,,5.25,7.25,16.56243584,,530.8,542.43
2014-11-19,,5.25,7.25,16.57309612,,530.44,542.13
2014-11-20,,5.25,7.2,16.57309612,,530.39,542.07
2014-11-21,,5.25,7.2,16.57309612,,530.35,542.08
2014-11-22,,5.25,7.2,16.57309612,,530.3,542.08
2014-11-23,,5.25,7.2,16.57309612,,530.3,542.08
2014-11-24,,5.25,7.2,16.57309612,,530.3,542.08
2014-11-25,,5.25,7.2,16.57309612,,530.34,541.99
2014-11-26,,5.25,7.2,16.49963364,,530.06,541.93
2014-11-27,,5.25,7.2,16.49963364,,529.83,541.53
2014-11-28,,5.25,7.2,16.49963364,,529.89,541.5
2014-11-29,,5.25,7.2,16.49963364,,529.6,541.19
2014-11-30,93.53338269,5.25,7.2,16.49963364,14409102.1767157,529.6,541.19
2014-12-01,,5.25,7.2,16.49963364,,529.6,541.19
2014-12-02,,5.25,7.2,16.49963364,,528.74,540.24
2014-12-03,,5.25,7.2,16.96205105,,528.27,539.91
2014-12-04,,5.25,7.25,16.96205105,,528.15,539.74
2014-12-05,,5.25,7.25,16.96205105,,528.05,539.64
2014-12-06,,5.25,7.25,16.96205105,,527.94,539.55
2014-12-07,,5.25,7.25,16.96205105,,527.94,539.55
2014-12-08,,5.25,7.25,16.96205105,,527.94,539.55
2014-12-09,,5.25,7.25,16.96205105,,527.75,539.56
2014-12-10,,5.25,7.25,17.0086366,,528.24,539.82
2014-12-11,,5.25,7.2,17.0086366,,528.21,539.86
2014-12-12,,5.25,7.2,17.0086366,,528.17,539.84
2014-12-13,,5.25,7.2,17.0086366,,528.2,539.88
2014-12-14,,5.25,7.2,17.0086366,,528.2,539.88
2014-12-15,,5.25,7.2,17.0086366,,528.2,539.88
2014-12-16,,5.25,7.2,17.0086366,,528.22,539.87
2014-12-17,,5.25,7.2,16.98191106,,527.72,539.49
2014-12-18,,5.25,7.25,16.98191106,,527.22,539.07
2014-12-19,,5.25,7.25,16.98191106,,527.13,538.94
2014-12-20,,5.25,7.25,16.98191106,,526.99,538.95
2014-12-21,,5.25,7.25,16.98191106,,526.99,538.95
2014-12-22,,5.25,7.25,16.98191106,,526.99,538.95
2014-12-23,,5.25,7.25,16.98191106,,530.47,542.47
2014-12-24,,5.25,7.25,17.00801949,,532.76,545.24
2014-12-25,,5.25,7.2,17.00801949,,532.68,545.39
2014-12-26,,5.25,7.2,17.00801949,,532.68,545.39
2014-12-27,,5.25,7.2,17.00801949,,532.83,545.37
2014-12-28,,5.25,7.2,17.00801949,,532.83,545.37
2014-12-29,,5.25,7.2,17.00801949,,532.83,545.37
2014-12-30,,5.25,7.2,17.00801949,,533.28,545.55
2014-12-31,93.33323837,5.25,7.2,17.00963906,14585057.881653,533.31,545.53
2015-01-01,,5.25,7.2,17.00963906,,533.31,545.53
2015-01-02,,5.25,7.2,17.00963906,,533.31,545.53
2015-01-03,,5.25,7.2,17.00963906,,533.27,545.65
2015-01-04,,5.25,7.2,17.00963906,,533.27,545.65
2015-01-05,,5.25,7.2,17.00963906,,533.27,545.65
2015-01-06,,5.25,7.2,17.00963906,,533.05,545.51
2015-01-07,,5.25,7.2,16.75743282,,532.82,545.28
2015-01-08,,5.25,7.25,16.75743282,,533.1,545.4
2015-01-09,,5.25,7.25,16.75743282,,533.07,545.4
2015-01-10,,5.25,7.25,16.75743282,,533.17,545.5
2015-01-11,,5.25,7.25,16.75743282,,533.17,545.5
2015-01-12,,5.25,7.25,16.75743282,,533.17,545.5
2015-01-13,,5.25,7.25,16.75743282,,533.2,545.4
2015-01-14,,5.25,7.25,16.79783851,,533.09,545.36
2015-01-15,,5.25,7.2,16.79783851,,530.64,543.13
2015-01-16,,5.25,7.2,16.79783851,,530.1,542.41
2015-01-17,,5.25,7.2,16.79783851,,530.04,542.29
2015-01-18,,5.25,7.2,16.79783851,,530.04,542.29
2015-01-19,,5.25,7.2,16.79783851,,530.04,542.29
2015-01-20,,5.25,7.2,16.79783851,,530.15,542.2
2015-01-21,,5.25,7.2,16.77580139,,530.08,542.1
2015-01-22,,5.25,7.25,16.77580139,,530.07,542.11
2015-01-23,,5.25,7.25,16.77580139,,530.1,542.23
2015-01-24,,5.25,7.25,16.77580139,,529.91,542.06
2015-01-25,,5.25,7.25,16.77580139,,529.91,542.06
2015-01-26,,5.25,7.25,16.77580139,,529.91,542.06
2015-01-27,,5.25,7.25,16.77580139,,529.98,542.08
2015-01-28,,5.25,7.25,16.77849441,,529.86,542.09
2015-01-29,,5.25,7.2,16.77849441,,529.87,542.08
2015-01-30,,5.25,7.2,16.77849441,,530.53,542.64
2015-01-31,93.36925676,5.25,7.2,16.77849441,14606933.6981184,530.85,543.08
2015-02-01,,5.25,7.2,16.77849441,,530.85,543.08
2015-02-02,,4.75,7.2,16.77849441,,530.85,543.08
2015-02-03,,4.75,7.2,16.77849441,,530.98,543.16
2015-02-04,,4.75,7.2,16.78852964,,530.85,543.09
2015-02-05,,4.75,7.25,16.78852964,,531.58,543.75
2015-02-06,,4.75,7.25,16.78852964,,532.48,544.64
2015-02-07,,4.75,7.25,16.78852964,,532.59,544.74
2015-02-08,,4.75,7.25,16.78852964,,532.59,544.74
2015-02-09,,4.75,7.25,16.78852964,,532.59,544.74
2015-02-10,,4.75,7.25,16.78852964,,532.71,544.72
2015-02-11,,4.75,7.25,16.79604226,,532.6,544.68
2015-02-12,,4.75,7.15,16.79604226,,532.63,544.65
2015-02-13,,4.75,7.15,16.79604226,,531.33,543.34
2015-02-14,,4.75,7.15,16.79604226,,531.14,543.26
2015-02-15,,4.75,7.15,16.79604226,,531.14,543.26
2015-02-16,,4.75,7.15,16.79604226,,531.14,543.26
2015-02-17,,4.75,7.15,16.79604226,,530.86,542.86
2015-02-18,,4.75,7.15,16.74770549,,530.76,542.81
2015-02-19,,4.75,7.15,16.74770549,,530.46,542.41
2015-02-20,,4.75,7.15,16.74770549,,530.27,542.25
2015-02-21,,4.75,7.15,16.74770549,,529.97,541.96
2015-02-22,,4.75,7.15,16.74770549,,529.97,541.96
2015-02-23,,4.75,7.15,16.74770549,,529.97,541.96
2015-02-24,,4.75,7.15,16.74770549,,529.31,541.14
2015-02-25,,4.75,7.15,16.74031511,,528.84,540.78
2015-02-26,,4.75,7.15,16.74031511,,528.72,540.66
2015-02-27,,4.75,7.15,16.74031511,,528.64,540.59
2015-02-28,93.21522756,4.75,7.15,16.74031511,14674538.6946499,528.69,540.58
2015-03-01,,4.75,7.15,16.74031511,,528.69,540.58
2015-03-02,,4.75,7.15,16.74031511,,528.69,540.58
2015-03-03,,4.75,7.15,16.74031511,,527.91,539.61
2015-03-04,,4.75,7.15,16.32397921,,527.78,539.52
2015-03-05,,4.75,7.15,16.32397921,,528.64,540.47
2015-03-06,,4.75,7.15,16.32397921,,528.75,540.53
2015-03-07,,4.75,7.15,16.32397921,,528.68,540.53
2015-03-08,,4.75,7.15,16.32397921,,528.68,540.53
2015-03-09,,4.75,7.15,16.32397921,,528.68,540.53
2015-03-10,,4.75,7.15,16.32397921,,528.76,540.54
2015-03-11,,4.75,7.15,16.32330314,,528.63,540.52
2015-03-12,,4.75,7.15,16.32330314,,528.39,540.31
2015-03-13,,4.75,7.15,16.32330314,,527.56,539.46
2015-03-14,,4.75,7.15,16.32330314,,526.87,538.8
2015-03-15,,4.75,7.15,16.32330314,,526.87,538.8
2015-03-16,,4.75,7.15,16.32330314,,526.87,538.8
2015-03-17,,4.75,7.15,16.32330314,,526.92,538.73
2015-03-18,,4.75,7.15,16.37629101,,526.67,538.51
2015-03-19,,4.5,7.1,16.37629101,,526.7,538.54
2015-03-20,,4.5,7.1,16.37629101,,526.48,538.4
2015-03-21,,4.5,7.1,16.37629101,,526.45,538.35
2015-03-22,,4.5,7.1,16.37629101,,526.45,538.35
2015-03-23,,4.5,7.1,16.37629101,,526.45,538.35
2015-03-24,,4.5,7.1,16.37629101,,526.54,538.37
2015-03-25,,4.5,7.1,16.28604307,,526.45,538.37
2015-03-26,,4.5,7.1,16.28604307,,526.42,538.38
2015-03-27,,4.5,7.1,16.28604307,,526.45,538.38
2015-03-28,,4.5,7.1,16.28604307,,526.46,538.36
2015-03-29,,4.5,7.1,16.28604307,,526.46,538.36
2015-03-30,,4.5,7.1,16.28604307,,526.46,538.36
2015-03-31,93.35298491,4.5,7.1,16.28604307,14814446.4436585,527.36,539.08
2015-04-01,,4.5,7.1,16.05975243,,527.35,539.12
2015-04-02,,4.5,7.1,16.05975243,,526.65,539.01
2015-04-03,,4.5,7.1,16.05975243,,526.65,539.01
2015-04-04,,4.5,7.1,16.05975243,,526.65,539.01
2015-04-05,,4.5,7.1,16.05975243,,526.65,539.01
2015-04-06,,4.5,7.1,16.05975243,,526.65,539.01
2015-04-07,,4.5,7.1,16.05975243,,526.72,538.61
2015-04-08,,4.5,7.1,16.05975243,,526.45,538.5
2015-04-09,,4.5,7.05,16.05975243,,526.46,538.49
2015-04-10,,4.5,7.05,16.05975243,,526.47,538.43
2015-04-11,,4.5,7.05,16.05975243,,526.3,538.22
2015-04-12,,4.5,7.05,16.05975243,,526.3,538.22
2015-04-13,,4.5,7.05,16.05975243,,526.3,538.22
2015-04-14,,4.5,7.05,16.05975243,,526.36,538.11
2015-04-15,,4.5,7.05,16.0404469,,526.03,537.85
2015-04-16,,4.5,7.1,16.0404469,,525.75,537.48
2015-04-17,,4.5,7.1,16.0404469,,525.44,537.38
2015-04-18,,4.5,7.1,16.0404469,,525.36,537.28
2015-04-19,,4.5,7.1,16.0404469,,525.36,537.28
2015-04-20,,4.5,7.1,16.0404469,,525.36,537.28
2015-04-21,,4.5,7.1,16.0404469,,525.57,537.43
2015-04-22,,4.5,7.1,16.03725337,,525.82,537.84
2015-04-23,,4.0,7.1,16.03725337,,525.8,537.76
2015-04-24,,4.0,7.1,16.03725337,,525.9,537.81
2015-04-25,,4.0,7.1,16.03725337,,525.94,537.75
2015-04-26,,4.0,7.1,16.03725337,,525.94,537.75
2015-04-27,,4.0,7.1,16.03725337,,525.94,537.75
2015-04-28,,4.0,7.1,16.03725337,,526.27,538.02
2015-04-29,,4.0,7.1,16.06278426,,526.27,538.11
2015-04-30,93.28004433,4.0,7.1,16.06278426,14913692.7493879,526.27,538.11
2015-05-01,,4.0,7.1,16.06278426,,526.31,538.17
2015-05-02,,4.0,7.1,16.06278426,,526.31,538.17
2015-05-03,,4.0,7.1,16.06278426,,526.31,538.17
2015-05-04,,4.0,7.1,16.06278426,,526.31,538.17
2015-05-05,,4.0,7.1,16.06278426,,526.27,538.16
2015-05-06,,4.0,7.1,15.98621319,,526.23,538.17
2015-05-07,,4.0,7.05,15.98621319,,526.24,538.13
2015-05-08,,4.0,7.05,15.98621319,,526.21,538.09
2015-05-09,,4.0,7.05,15.98621319,,526.65,538.53
2015-05-10,,4.0,7.05,15.98621319,,526.65,538.53
2015-05-11,,4.0,7.05,15.98621319,,526.65,538.53
2015-05-12,,4.0,7.05,15.98621319,,526.76,538.47
2015-05-13,,4.0,7.05,15.88586919,,526.73,538.52
2015-05-14,,4.0,7.0,15.88586919,,526.77,538.55
2015-05-15,,4.0,7.0,15.88586919,,526.78,538.52
2015-05-16,,4.0,7.0,15.88586919,,526.8,538.56
2015-05-17,,4.0,7.0,15.88586919,,526.8,538.56
2015-05-18,,4.0,7.0,15.88586919,,526.8,538.56
2015-05-19,,4.0,7.0,15.88586919,,526.84,538.55
2015-05-20,,4.0,7.0,15.88037431,,526.76,538.54
2015-05-21,,3.75,6.95,15.88037431,,526.75,538.55
2015-05-22,,3.75,6.95,15.88037431,,526.71,538.55
2015-05-23,,3.75,6.95,15.88037431,,526.69,538.55
2015-05-24,,3.75,6.95,15.88037431,,526.69,538.55
2015-05-25,,3.75,6.95,15.88037431,,526.69,538.55
2015-05-26,,3.75,6.95,15.88037431,,526.71,538.58
2015-05-27,,3.75,6.95,15.85511524,,526.65,538.56
2015-05-28,,3.75,6.9,15.85511524,,527.73,539.65
2015-05-29,,3.75,6.9,15.85511524,,528.07,539.99
2015-05-30,,3.75,6.9,15.85511524,,530.25,542.46
2015-05-31,93.00555951,3.75,6.9,15.85511524,15075624.3984943,530.25,542.46
2015-06-01,,3.75,6.9,15.85511524,,530.25,542.46
2015-06-02,,3.75,6.9,15.85511524,,530.45,542.45
2015-06-03,,3.75,6.9,16.02674005,,530.47,542.38
2015-06-04,,3.75,6.85,16.02674005,,530.42,542.34
2015-06-05,,3.75,6.85,16.02674005,,530.4,542.32
2015-06-06,,3.75,6.85,16.02674005,,530.38,542.28
2015-06-07,,3.75,6.85,16.02674005,,530.38,542.28
2015-06-08,,3.75,6.85,16.02674005,,530.38,542.28
2015-06-09,,3.75,6.85,16.02674005,,530.42,542.28
2015-06-10,,3.75,6.85,15.80982775,,530.02,542.31
2015-06-11,,3.75,6.8,15.80982775,,530.01,542.31
2015-06-12,,3.75,6.8,15.80982775,,529.91,542.22
2015-06-13,,3.75,6.8,15.80982775,,529.9,542.2
2015-06-14,,3.75,6.8,15.80982775,,529.9,542.2
2015-06-15,,3.75,6.8,15.80982775,,529.9,542.2
2015-06-16,,3.75,6.8,15.80982775,,529.92,542.19
2015-06-17,,3.75,6.8,15.97802626,,529.89,542.2
2015-06-18,,3.75,6.8,15.97802626,,529.93,542.24
2015-06-19,,3.75,6.8,15.97802626,,529.4,541.74
2015-06-20,,3.5,6.8,15.97802626,,529.31,541.64
2015-06-21,,3.5,6.8,15.97802626,,529.31,541.64
2015-06-22,,3.5,6.8,15.97802626,,529.31,541.64
2015-06-23,,3.5,6.8,15.97802626,,528.88,541.14
2015-06-24,,3.5,6.8,15.97100875,,528.79,541.06
2015-06-25,,3.5,6.8,15.97100875,,528.78,541.09
2015-06-26,,3.5,6.8,15.97100875,,528.81,541.11
2015-06-27,,3.5,6.8,15.97100875,,528.63,540.92
2015-06-28,,3.5,6.8,15.97100875,,528.63,540.92
2015-06-29,,3.5,6.8,15.97100875,,528.63,540.92
2015-06-30,93.40471371,3.5,6.8,15.97100875,15208117.8390156,528.71,540.97
2015-07-01,,3.5,6.8,15.98440915,,528.47,540.82
2015-07-02,,3.5,6.7,15.98440915,,528.49,540.87
2015-07-03,,3.5,6.7,15.98440915,,528.48,540.86
2015-07-04,,3.5,6.7,15.98440915,,528.38,540.73
2015-07-05,,3.5,6.7,15.98440915,,528.38,540.73
2015-07-06,,3.5,6.7,15.98440915,,528.38,540.73
2015-07-07,,3.5,6.7,15.98440915,,528.44,540.71
2015-07-08,,3.5,6.7,15.95148321,,528.34,540.61
2015-07-09,,3.5,6.7,15.95148321,,528.28,540.63
2015-07-10,,3.5,6.7,15.95148321,,528.27,540.65
2015-07-11,,3.5,6.7,15.95148321,,528.25,540.62
2015-07-12,,3.5,6.7,15.95148321,,528.25,540.62
2015-07-13,,3.5,6.7,15.95148321,,528.25,540.62
2015-07-14,,3.5,6.7,15.95148321,,528.34,540.68
2015-07-15,,3.5,6.7,15.9488903,,528.3,540.69
2015-07-16,,3.5,6.7,15.9488903,,528.3,540.69
2015-07-17,,3.5,6.7,15.9488903,,528.32,540.74
2015-07-18,,3.5,6.7,15.9488903,,528.31,540.73
2015-07-19,,3.5,6.7,15.9488903,,528.31,540.73
2015-07-20,,3.5,6.7,15.9488903,,528.31,540.73
2015-07-21,,3.5,6.7,15.9488903,,528.36,540.72
2015-07-22,,3.5,6.7,15.95022296,,528.3,540.71
2015-07-23,,3.5,6.75,15.95022296,,528.25,540.67
2015-07-24,,3.5,6.75,15.95022296,,528.31,540.7
2015-07-25,,3.5,6.75,15.95022296,,528.29,540.71
2015-07-26,,3.5,6.75,15.95022296,,528.29,540.71
2015-07-27,,3.5,6.75,15.95022296,,528.29,540.71
2015-07-28,,3.5,6.75,15.95022296,,528.39,540.72
2015-07-29,,3.5,6.75,15.97169276,,528.36,540.79
2015-07-30,,3.5,6.75,15.97169276,,528.41,540.8
2015-07-31,93.00390934,3.0,6.75,15.97169276,15385185.520097,528.43,540.8
2015-08-01,,3.0,6.75,15.97169276,,528.42,540.79
2015-08-02,,3.0,6.75,15.97169276,,528.42,540.79
2015-08-03,,3.0,6.75,15.97169276,,528.42,540.79
2015-08-04,,3.0,6.75,15.97169276,,528.44,540.75
2015-08-05,,3.0,6.75,15.97720181,,528.3,540.73
2015-08-06,,3.0,6.75,15.97720181,,528.28,540.71
2015-08-07,,3.0,6.75,15.97720181,,528.27,540.78
2015-08-08,,3.0,6.75,15.97720181,,528.31,540.81
2015-08-09,,3.0,6.75,15.97720181,,528.31,540.81
2015-08-10,,3.0,6.75,15.97720181,,528.31,540.81
2015-08-11,,3.0,6.75,15.97720181,,528.44,540.84
2015-08-12,,3.0,6.75,15.97635541,,528.39,540.85
2015-08-13,,3.0,6.7,15.97635541,,528.39,540.88
2015-08-14,,3.0,6.7,15.97635541,,528.35,540.85
2015-08-15,,3.0,6.7,15.97635541,,527.75,540.31
2015-08-16,,3.0,6.7,15.97635541,,527.75,540.31
2015-08-17,,3.0,6.7,15.97635541,,527.75,540.31
2015-08-18,,3.0,6.7,15.97635541,,527.53,539.97
2015-08-19,,3.0,6.7,15.95428633,,527.36,539.87
2015-08-20,,3.0,6.65,15.95428633,,527.35,539.82
2015-08-21,,3.0,6.65,15.95428633,,527.34,539.79
2015-08-22,,3.0,6.65,15.95428633,,527.32,539.76
2015-08-23,,3.0,6.65,15.95428633,,527.32,539.76
2015-08-24,,3.0,6.65,15.95428633,,527.32,539.76
2015-08-25,,3.0,6.65,15.95428633,,527.38,539.75
2015-08-26,,3.0,6.65,15.9251407,,527.35,539.79
2015-08-27,,3.0,6.55,15.9251407,,527.43,539.83
2015-08-28,,3.0,6.55,15.9251407,,527.44,539.87
2015-08-29,,3.0,6.55,15.9251407,,529.05,541.46
2015-08-30,,3.0,6.55,15.9251407,,529.05,541.46
2015-08-31,92.92271414,3.0,6.55,15.9251407,15536573.0414239,529.05,541.46
2015-09-01,,3.0,6.55,15.9251407,,529.18,541.5
2015-09-02,,3.0,6.55,15.82199715,,529.35,541.74
2015-09-03,,3.0,6.5,15.82199715,,529.48,541.91
2015-09-04,,3.0,6.5,15.82199715,,531.08,543.54
2015-09-05,,3.0,6.5,15.82199715,,531.45,543.97
2015-09-06,,3.0,6.5,15.82199715,,531.45,543.97
2015-09-07,,3.0,6.5,15.82199715,,531.45,543.97
2015-09-08,,3.0,6.5,15.82199715,,531.5,543.99
2015-09-09,,3.0,6.5,15.79985299,,531.47,544.02
2015-09-10,,3.0,6.55,15.79985299,,531.28,543.84
2015-09-11,,3.0,6.55,15.79985299,,529.86,542.4
2015-09-12,,3.0,6.55,15.79985299,,528.15,540.51
2015-09-13,,3.0,6.55,15.79985299,,528.15,540.51
2015-09-14,,3.0,6.55,15.79985299,,528.15,540.51
2015-09-15,,3.0,6.55,15.79985299,,527.59,539.98
2015-09-16,,3.0,6.55,15.78923895,,527.59,539.98
2015-09-17,,3.0,6.5,15.78923895,,527.42,539.83
2015-09-18,,3.0,6.5,15.78923895,,527.35,539.78
2015-09-19,,3.0,6.5,15.78923895,,527.43,539.88
2015-09-20,,3.0,6.5,15.78923895,,527.43,539.88
2015-09-21,,3.0,6.5,15.78923895,,527.43,539.88
2015-09-22,,3.0,6.5,15.78923895,,527.39,539.89
2015-09-23,,3.0,6.5,15.76648062,,527.38,539.82
2015-09-24,,3.0,6.55,15.76648062,,527.39,539.81
2015-09-25,,3.0,6.55,15.76648062,,527.64,540.09
2015-09-26,,3.0,6.55,15.76648062,,527.72,540.21
2015-09-27,,3.0,6.55,15.76648062,,527.72,540.21
2015-09-28,,3.0,6.55,15.76648062,,527.72,540.21
2015-09-29,,3.0,6.55,15.76648062,,527.71,540.21
2015-09-30,92.67720735,3.0,6.55,15.77762947,15721915.250705,528.62,541.04
2015-10-01,,3.0,6.45,15.77762947,,528.8,541.27
2015-10-02,,3.0,6.45,15.77762947,,528.93,541.33
2015-10-03,,3.0,6.45,15.77762947,,528.92,541.29
2015-10-04,,3.0,6.45,15.77762947,,528.92,541.29
2015-10-05,,3.0,6.45,15.77762947,,528.92,541.29
2015-10-06,,3.0,6.45,15.77762947,,528.96,541.29
2015-10-07,,3.0,6.45,15.74102282,,528.94,541.3
2015-10-08,,3.0,6.5,15.74102282,,529.01,541.4
2015-10-09,,3.0,6.5,15.74102282,,528.99,541.36
2015-10-10,,3.0,6.5,15.74102282,,528.47,540.76
2015-10-11,,3.0,6.5,15.74102282,,528.47,540.76
2015-10-12,,3.0,6.5,15.74102282,,528.47,540.76
2015-10-13,,3.0,6.5,15.74102282,,528.47,540.76
2015-10-14,,3.0,6.5,16.03260603,,528.13,540.49
2015-10-15,,3.0,6.45,16.03260603,,528.06,540.54
2015-10-16,,3.0,6.45,16.03260603,,528.05,540.53
2015-10-17,,3.0,6.45,16.03260603,,528.01,540.46
2015-10-18,,3.0,6.45,16.03260603,,528.01,540.46
2015-10-19,,3.0,6.45,16.03260603,,528.01,540.46
2015-10-20,,3.0,6.45,16.03260603,,528.0,540.43
2015-10-21,,2.25,6.45,15.74130234,,528.09,540.52
2015-10-22,,2.25,6.45,15.74130234,,528.08,540.54
2015-10-23,,2.25,6.45,15.74130234,,528.07,540.57
2015-10-24,,2.25,6.45,15.74130234,,528.06,540.6
2015-10-25,,2.25,6.45,15.74130234,,528.06,540.6
2015-10-26,,2.25,6.45,15.74130234,,528.06,540.6
2015-10-27,,2.25,6.45,15.74130234,,528.1,540.58
2015-10-28,,2.25,6.45,15.73662883,,528.07,540.55
2015-10-29,,2.25,6.25,15.73662883,,527.93,540.38
2015-10-30,,2.25,6.25,15.73662883,,527.99,540.4
2015-10-31,92.41604093,2.25,6.25,15.73662883,15913225.7320749,528.01,540.43
2015-11-01,,2.25,6.25,15.73662883,,528.01,540.43
2015-11-02,,2.25,6.25,15.73662883,,528.01,540.43
2015-11-03,,2.25,6.25,15.73662883,,528.09,540.42
2015-11-04,,2.25,6.25,15.31535183,,528.01,540.41
2015-11-05,,2.25,6.15,15.31535183,,527.97,540.41
2015-11-06,,2.25,6.15,15.31535183,,527.95,540.37
2015-11-07,,2.25,6.15,15.31535183,,527.93,540.37
2015-11-08,,2.25,6.15,15.31535183,,527.93,540.37
2015-11-09,,2.25,6.15,15.31535183,,527.93,540.37
2015-11-10,,2.25,6.15,15.31535183,,528.01,540.41
2015-11-11,,2.25,6.15,15.42282784,,527.95,540.4
2015-11-12,,2.25,6.0,15.42282784,,527.94,540.47
2015-11-13,,2.25,6.0,15.42282784,,527.92,540.46
2015-11-14,,2.25,6.0,15.42282784,,527.94,540.44
2015-11-15,,2.25,6.0,15.42282784,,527.94,540.44
2015-11-16,,2.25,6.0,15.42282784,,527.94,540.44
2015-11-17,,2.25,6.0,15.42282784,,527.12,539.46
2015-11-18,,2.25,6.0,15.30956084,,526.62,539.04
2015-11-19,,2.25,6.0,15.30956084,,526.6,539.05
2015-11-20,,2.25,6.0,15.30956084,,526.44,538.94
2015-11-21,,2.25,6.0,15.30956084,,526.41,538.96
2015-11-22,,2.25,6.0,15.30956084,,526.41,538.96
2015-11-23,,2.25,6.0,15.30956084,,526.41,538.96
2015-11-24,,2.25,6.0,15.30956084,,526.47,538.94
2015-11-25,,2.25,6.0,15.26309746,,526.4,538.98
2015-11-26,,2.25,6.0,15.26309746,,526.45,538.95
2015-11-27,,2.25,6.0,15.26309746,,526.44,538.86
2015-11-28,,2.25,6.0,15.26309746,,526.05,538.71
2015-11-29,,2.25,6.0,15.26309746,,526.05,538.71
2015-11-30,92.40745245,2.25,6.0,15.26309746,16092526.7898775,526.05,538.71
2015-12-01,,2.25,6.0,15.26309746,,526.29,538.68
2015-12-02,,2.25,6.0,15.5244614,,526.27,538.74
2015-12-03,,2.25,5.95,15.5244614,,526.25,538.73
2015-12-04,,2.25,5.95,15.5244614,,526.36,538.77
2015-12-05,,2.25,5.95,15.5244614,,526.03,538.51
2015-12-06,,2.25,5.95,15.5244614,,526.03,538.51
2015-12-07,,2.25,5.95,15.5244614,,526.03,538.51
2015-12-08,,2.25,5.95,15.5244614,,526.1,538.47
2015-12-09,,2.25,5.95,15.56072794,,526.29,538.71
2015-12-10,,2.25,5.95,15.56072794,,526.3,538.7
2015-12-11,,2.25,5.95,15.56072794,,526.27,538.7
2015-12-12,,2.25,5.95,15.56072794,,526.26,538.71
2015-12-13,,2.25,5.95,15.56072794,,526.26,538.71
2015-12-14,,2.25,5.95,15.56072794,,526.26,538.71
2015-12-15,,2.25,5.95,15.56072794,,526.27,538.7
2015-12-16,,2.25,5.95,15.52665468,,526.21,538.69
2015-12-17,,2.25,5.95,15.52665468,,526.23,538.7
2015-12-18,,2.25,5.95,15.52665468,,526.33,538.81
2015-12-19,,2.25,5.95,15.52665468,,528.4,540.87
2015-12-20,,2.25,5.95,15.52665468,,528.4,540.87
2015-12-21,,2.25,5.95,15.52665468,,528.4,540.87
2015-12-22,,2.25,5.95,15.52665468,,530.12,542.6
2015-12-23,,2.25,5.95,15.49916133,,530.25,542.88
2015-12-24,,2.25,5.95,15.49916133,,530.43,543.04
2015-12-25,,2.25,5.95,15.49916133,,531.31,544.3
2015-12-26,,2.25,5.95,15.49916133,,531.31,544.3
2015-12-27,,2.25,5.95,15.49916133,,531.31,544.3
2015-12-28,,2.25,5.95,15.49916133,,531.31,544.3
2015-12-29,,2.25,5.95,15.49916133,,532.33,545.04
2015-12-30,,2.25,5.95,15.46072571,,532.31,545.18
2015-12-31,92.57949656,2.25,5.95,15.46072571,16318187.1215069,531.94,544.87
2016-01-01,,2.25,5.95,15.46072571,,531.94,544.87
2016-01-02,,2.25,5.95,15.46072571,,531.94,544.87
2016-01-03,,2.25,5.95,15.46072571,,531.94,544.87
2016-01-04,,1.75,5.95,15.46072571,,531.94,544.87
2016-01-05,,1.75,5.95,15.46072571,,530.77,543.79
2016-01-06,,1.75,5.95,15.42723718,,530.26,543.39
2016-01-07,,1.75,5.95,15.42723718,,530.49,543.42
2016-01-08,,1.75,5.95,15.42723718,,530.45,543.36
2016-01-09,,1.75,5.95,15.42723718,,529.76,542.6
2016-01-10,,1.75,5.95,15.42723718,,529.76,542.6
2016-01-11,,1.75,5.95,15.42723718,,529.76,542.6
2016-01-12,,1.75,5.95,15.42723718,,529.34,541.93
2016-01-13,,1.75,5.95,15.41070191,,528.71,541.33
2016-01-14,,1.75,5.95,15.41070191,,528.74,541.33
2016-01-15,,1.75,5.95,15.41070191,,528.74,541.3
2016-01-16,,1.75,5.95,15.41070191,,528.74,541.34
2016-01-17,,1.75,5.95,15.41070191,,528.74,541.34
2016-01-18,,1.75,5.95,15.41070191,,528.74,541.34
2016-01-19,,1.75,5.95,15.41070191,,528.81,541.29
2016-01-20,,1.75,5.95,15.38872258,,529.01,541.54
2016-01-21,,1.75,5.95,15.38872258,,529.01,541.56
2016-01-22,,1.75,5.95,15.38872258,,529.54,542.13
2016-01-23,,1.75,5.95,15.38872258,,529.77,542.44
2016-01-24,,1.75,5.95,15.38872258,,529.77,542.44
2016-01-25,,1.75,5.95,15.38872258,,529.77,542.44
2016-01-26,,1.75,5.95,15.38872258,,529.89,542.49
2016-01-27,,1.75,5.95,15.62900239,,530.09,542.78
2016-01-28,,1.75,5.95,15.62900239,,530.53,543.26
2016-01-29,,1.75,5.95,15.62900239,,531.29,543.92
2016-01-30,,1.75,5.95,15.62900239,,531.87,544.57
2016-01-31,93.2080079,1.75,5.95,15.62900239,16402089.496239,531.87,544.57
2016-02-01,,1.75,5.95,15.62900239,,531.87,544.57
2016-02-02,,1.75,5.95,15.62900239,,531.99,544.65
2016-02-03,,1.75,5.95,15.40673349,,532.19,544.82
2016-02-04,,1.75,5.95,15.40673349,,532.21,544.83
2016-02-05,,1.75,5.95,15.40673349,,532.23,544.83
2016-02-06,,1.75,5.95,15.40673349,,532.08,544.74
2016-02-07,,1.75,5.95,15.40673349,,532.08,544.74
2016-02-08,,1.75,5.95,15.40673349,,532.08,544.74
2016-02-09,,1.75,5.95,15.40673349,,531.98,544.53
2016-02-10,,1.75,5.95,15.40484033,,531.44,544.2
2016-02-11,,1.75,5.9,15.40484033,,531.19,543.95
2016-02-12,,1.75,5.9,15.40484033,,530.24,542.98
2016-02-13,,1.75,5.9,15.40484033,,529.41,542.12
2016-02-14,,1.75,5.9,15.40484033,,529.41,542.12
2016-02-15,,1.75,5.9,15.40484033,,529.41,542.12
2016-02-16,,1.75,5.9,15.40484033,,529.47,542.05
2016-02-17,,1.75,5.9,15.39070781,,529.36,542.01
2016-02-18,,1.75,5.75,15.39070781,,529.59,542.16
2016-02-19,,1.75,5.75,15.39070781,,529.45,542.04
2016-02-20,,1.75,5.75,15.39070781,,529.18,541.82
2016-02-21,,1.75,5.75,15.39070781,,529.18,541.82
2016-02-22,,1.75,5.75,15.39070781,,529.18,541.82
2016-02-23,,1.75,5.75,15.39070781,,529.28,541.75
2016-02-24,,1.75,5.75,15.33902373,,529.17,541.77
2016-02-25,,1.75,5.7,15.33902373,,529.23,541.81
2016-02-26,,1.75,5.7,15.33902373,,529.23,541.82
2016-02-27,,1.75,5.7,15.33902373,,529.67,542.2
2016-02-28,,1.75,5.7,15.33902373,,529.67,542.2
2016-02-29,93.18508438,1.75,5.7,15.33902373,16454213.6833624,529.67,542.2
2016-03-01,,1.75,5.7,15.33902373,,529.68,542.22
2016-03-02,,1.75,5.7,15.47171288,,529.59,542.25
2016-03-03,,1.75,5.6,15.47171288,,529.58,542.24
2016-03-04,,1.75,5.6,15.47171288,,529.33,542.06
2016-03-05,,1.75,5.6,15.47171288,,529.43,542.09
2016-03-06,,1.75,5.6,15.47171288,,529.43,542.09
2016-03-07,,1.75,5.6,15.47171288,,529.43,542.09
2016-03-08,,1.75,5.6,15.47171288,,529.52,542.05
2016-03-09,,1.75,5.6,15.45507779,,529.4,542.02
2016-03-10,,1.75,5.65,15.45507779,,529.43,542.03
2016-03-11,,1.75,5.65,15.45507779,,529.07,541.7
2016-03-12,,1.75,5.65,15.45507779,,529.08,541.67
2016-03-13,,1.75,5.65,15.45507779,,529.08,541.67
2016-03-14,,1.75,5.65,15.45507779,,529.08,541.67
2016-03-15,,1.75,5.65,15.45507779,,528.99,541.57
2016-03-16,,1.75,5.65,15.44492689,,528.93,541.57
2016-03-17,,1.75,5.55,15.44492689,,528.94,541.54
2016-03-18,,1.75,5.55,15.44492689,,528.96,541.57
2016-03-19,,1.75,5.55,15.44492689,,528.89,541.44
2016-03-20,,1.75,5.55,15.44492689,,528.89,541.44
2016-03-21,,1.75,5.55,15.44492689,,528.89,541.44
2016-03-22,,1.75,5.55,15.44492689,,528.95,541.43
2016-03-23,,1.75,5.55,15.41687084,,528.86,541.45
2016-03-24,,1.75,5.65,15.41687084,,528.7,541.45
2016-03-25,,1.75,5.65,15.41687084,,528.7,541.45
2016-03-26,,1.75,5.65,15.41687084,,528.7,541.45
2016-03-27,,1.75,5.65,15.41687084,,528.7,541.45
2016-03-28,,1.75,5.65,15.41687084,,528.7,541.45
2016-03-29,,1.75,5.65,15.41687084,,528.7,541.36
2016-03-30,,1.75,5.65,15.44650947,,528.77,541.59
2016-03-31,92.33908505,1.75,5.7,15.44650947,16567568.1986223,529.59,542.23
2016-04-01,,1.75,5.7,15.44650947,,529.61,542.17
2016-04-02,,1.75,5.7,15.44650947,,529.64,542.23
2016-04-03,,1.75,5.7,15.44650947,,529.64,542.23
2016-04-04,,1.75,5.7,15.44650947,,529.64,542.23
2016-04-05,,1.75,5.7,15.44650947,,529.98,542.44
2016-04-06,,1.75,5.7,15.04015096,,530.3,542.81
2016-04-07,,1.75,5.45,15.04015096,,530.27,542.8
2016-04-08,,1.75,5.45,15.04015096,,530.27,542.76
2016-04-09,,1.75,5.45,15.04015096,,530.2,542.72
2016-04-10,,1.75,5.45,15.04015096,,530.2,542.72
2016-04-11,,1.75,5.45,15.04015096,,530.2,542.72
2016-04-12,,1.75,5.45,15.04015096,,530.2,542.72
2016-04-13,,1.75,5.45,14.97342366,,530.1,542.55
2016-04-14,,1.75,5.55,14.97342366,,529.62,542.1
2016-04-15,,1.75,5.55,14.97342366,,529.43,541.79
2016-04-16,,1.75,5.55,14.97342366,,529.15,541.62
2016-04-17,,1.75,5.55,14.97342366,,529.15,541.62
2016-04-18,,1.75,5.55,14.97342366,,529.15,541.62
2016-04-19,,1.75,5.55,14.97342366,,529.09,541.63
2016-04-20,,1.75,5.55,15.01981122,,529.33,541.83
2016-04-21,,1.75,5.5,15.01981122,,529.33,541.87
2016-04-22,,1.75,5.5,15.01981122,,529.26,541.86
2016-04-23,,1.75,5.5,15.01981122,,529.23,541.83
2016-04-24,,1.75,5.5,15.01981122,,529.23,541.83
2016-04-25,,1.75,5.5,15.01981122,,529.23,541.83
2016-04-26,,1.75,5.5,15.01981122,,529.33,541.83
2016-04-27,,1.75,5.5,14.8865336,,530.01,542.65
2016-04-28,,1.75,5.55,14.8865336,,530.84,543.48
2016-04-29,,1.75,5.55,14.8865336,,531.0,543.62
2016-04-30,92.42368042,1.75,5.55,14.8865336,16693708.225894,531.49,544.03
2016-05-01,,1.75,5.55,14.8865336,,531.49,544.03
2016-05-02,,1.75,5.55,14.8865336,,531.49,544.03
2016-05-03,,1.75,5.55,14.8865336,,531.4,543.95
2016-05-04,,1.75,5.55,14.89973878,,531.19,543.73
2016-05-05,,1.75,5.35,14.89973878,,531.2,543.71
2016-05-06,,1.75,5.35,14.89973878,,531.17,543.69
2016-05-07,,1.75,5.35,14.89973878,,531.14,543.65
2016-05-08,,1.75,5.35,14.89973878,,531.14,543.65
2016-05-09,,1.75,5.35,14.89973878,,531.14,543.65
2016-05-10,,1.75,5.35,14.89973878,,531.18,543.61
2016-05-11,,1.75,5.35,14.78151796,,531.15,543.65
2016-05-12,,1.75,5.4,14.78151796,,531.03,543.48
2016-05-13,,1.75,5.4,14.78151796,,530.81,543.3
2016-05-14,,1.75,5.4,14.78151796,,530.77,543.34
2016-05-15,,1.75,5.4,14.78151796,,530.77,543.34
2016-05-16,,1.75,5.4,14.78151796,,530.77,543.34
2016-05-17,,1.75,5.4,14.78151796,,530.76,543.21
2016-05-18,,1.75,5.4,14.8488879,,530.83,543.38
2016-05-19,,1.75,5.3,14.8488879,,531.07,543.64
2016-05-20,,1.75,5.3,14.8488879,,531.09,543.63
2016-05-21,,1.75,5.3,14.8488879,,531.02,543.65
2016-05-22,,1.75,5.3,14.8488879,,531.02,543.65
2016-05-23,,1.75,5.3,14.8488879,,531.02,543.65
2016-05-24,,1.75,5.3,14.8488879,,531.32,543.86
2016-05-25,,1.75,5.3,14.27648589,,531.67,544.39
2016-05-26,,1.75,5.4,14.27648589,,532.04,544.6
2016-05-27,,1.75,5.4,14.27648589,,531.85,544.36
2016-05-28,,1.75,5.4,14.27648589,,531.69,544.17
2016-05-29,,1.75,5.4,14.27648589,,531.69,544.17
2016-05-30,,1.75,5.4,14.27648589,,531.69,544.17
2016-05-31,92.603103,1.75,5.4,14.27648589,16914113.735678,532.25,544.26
2016-06-01,,1.75,5.4,14.26033988,,531.98,544.5
2016-06-02,,1.75,5.35,14.26033988,,532.14,544.71
2016-06-03,,1.75,5.35,14.26033988,,532.51,544.99
2016-06-04,,1.75,5.35,14.26033988,,534.33,546.81
2016-06-05,,1.75,5.35,14.26033988,,534.33,546.81
2016-06-06,,1.75,5.35,14.26033988,,534.33,546.81
2016-06-07,,1.75,5.35,14.26033988,,535.27,547.42
2016-06-08,,1.75,5.35,14.247291,,535.88,548.09
2016-06-09,,1.75,5.3,14.247291,,535.9,548.12
2016-06-10,,1.75,5.3,14.247291,,536.42,548.88
2016-06-11,,1.75,5.3,14.247291,,536.52,549.04
2016-06-12,,1.75,5.3,14.247291,,536.52,549.04
2016-06-13,,1.75,5.3,14.247291,,536.52,549.04
2016-06-14,,1.75,5.3,14.247291,,536.33,548.83
2016-06-15,,1.75,5.3,14.24618374,,536.2,548.77
2016-06-16,,1.75,5.3,14.24618374,,536.18,548.79
2016-06-17,,1.75,5.3,14.24618374,,536.14,548.76
2016-06-18,,1.75,5.3,14.24618374,,537.14,549.74
2016-06-19,,1.75,5.3,14.24618374,,537.14,549.74
2016-06-20,,1.75,5.3,14.24618374,,537.14,549.74
2016-06-21,,1.75,5.3,14.24618374,,539.81,552.54
2016-06-22,,1.75,5.3,14.24949522,,539.86,552.66
2016-06-23,,1.75,5.3,14.24949522,,540.13,552.75
2016-06-24,,1.75,5.3,14.24949522,,540.49,553.08
2016-06-25,,1.75,5.3,14.24949522,,540.33,552.9
2016-06-26,,1.75,5.3,14.24949522,,540.33,552.9
2016-06-27,,1.75,5.3,14.24949522,,540.33,552.9
2016-06-28,,1.75,5.3,14.24949522,,540.47,552.93
2016-06-29,,1.75,5.3,14.24659229,,541.63,554.11
2016-06-30,92.58425206,1.75,5.25,14.24659229,17231368.5143777,541.67,554.2
2016-07-01,,1.75,5.25,14.24659229,,541.59,554.14
2016-07-02,,1.75,5.25,14.24659229,,541.58,554.11
2016-07-03,,1.75,5.25,14.24659229,,541.58,554.11
2016-07-04,,1.75,5.25,14.24659229,,541.58,554.11
2016-07-05,,1.75,5.25,14.24659229,,541.59,554.1
2016-07-06,,1.75,5.25,14.27,,542.03,554.69
2016-07-07,,1.75,5.05,14.27,,542.15,554.84
2016-07-08,,1.75,5.05,14.27,,542.17,554.88
2016-07-09,,1.75,5.05,14.27,,542.49,555.16
2016-07-10,,1.75,5.05,14.27,,542.49,555.16
2016-07-11,,1.75,5.05,14.27,,542.49,555.16
2016-07-12,,1.75,5.05,14.27,,542.61,555.16
2016-07-13,,1.75,5.05,14.21558965,,542.55,555.17
2016-07-14,,1.75,5.15,14.21558965,,542.17,554.74
2016-07-15,,1.75,5.15,14.21558965,,541.51,554.16
2016-07-16,,1.75,5.15,14.21558965,,541.41,554.04
2016-07-17,,1.75,5.15,14.21558965,,541.41,554.04
2016-07-18,,1.75,5.15,14.21558965,,541.41,554.04
2016-07-19,,1.75,5.15,14.21558965,,541.48,554.02
2016-07-20,,1.75,5.15,14.27919373,,541.39,554.03
2016-07-21,,1.75,5.1,14.27919373,,541.39,554.03
2016-07-22,,1.75,5.1,14.27919373,,541.42,554.12
2016-07-23,,1.75,5.1,14.27919373,,541.36,554.3
2016-07-24,,1.75,5.1,14.27919373,,541.36,554.3
2016-07-25,,1.75,5.1,14.27919373,,541.36,554.3
2016-07-26,,1.75,5.1,14.27919373,,541.36,554.3
2016-07-27,,1.75,5.1,14.26531771,,541.42,554.16
2016-07-28,,1.75,5.2,14.26531771,,541.31,554.16
2016-07-29,,1.75,5.2,14.26531771,,542.81,555.6
2016-07-30,,1.75,5.2,14.26531771,,543.29,556.16
2016-07-31,93.44616814,1.75,5.2,14.26531771,17381241.2322683,543.29,556.16
2016-08-01,,1.75,5.2,14.26531771,,543.29,556.16
2016-08-02,,1.75,5.2,14.26531771,,543.18,555.91
2016-08-03,,1.75,5.2,14.21448279,,543.18,555.91
2016-08-04,,1.75,5.05,14.21448279,,543.19,555.87
2016-08-05,,1.75,5.05,14.21448279,,543.26,556.02
2016-08-06,,1.75,5.05,14.21448279,,543.31,556.03
2016-08-07,,1.75,5.05,14.21448279,,543.31,556.03
2016-08-08,,1.75,5.05,14.21448279,,543.31,556.03
2016-08-09,,1.75,5.05,14.21448279,,543.22,555.93
2016-08-10,,1.75,5.05,14.19649865,,543.59,556.33
2016-08-11,,1.75,5.0,14.19649865,,543.61,556.31
2016-08-12,,1.75,5.0,14.19649865,,543.64,556.41
2016-08-13,,1.75,5.0,14.19649865,,543.5,556.18
2016-08-14,,1.75,5.0,14.19649865,,543.5,556.18
2016-08-15,,1.75,5.0,14.19649865,,543.5,556.18
2016-08-16,,1.75,5.0,14.19649865,,543.5,556.18
2016-08-17,,1.75,5.0,14.18393426,,544.03,556.53
2016-08-18,,1.75,4.9,14.18393426,,543.97,556.57
2016-08-19,,1.75,4.9,14.18393426,,544.66,557.34
2016-08-20,,1.75,4.9,14.18393426,,545.11,557.8
2016-08-21,,1.75,4.9,14.18393426,,545.11,557.8
2016-08-22,,1.75,4.9,14.18393426,,545.11,557.8
2016-08-23,,1.75,4.9,14.18393426,,545.01,557.65
2016-08-24,,1.75,4.9,14.15709172,,545.02,557.63
2016-08-25,,1.75,5.0,14.15709172,,545.02,557.62
2016-08-26,,1.75,5.0,14.15709172,,546.03,558.69
2016-08-27,,1.75,5.0,14.15709172,,546.11,558.77
2016-08-28,,1.75,5.0,14.15709172,,546.11,558.77
2016-08-29,,1.75,5.0,14.15709172,,546.11,558.77
2016-08-30,,1.75,5.0,14.15709172,,546.0,558.63
2016-08-31,93.4764097,1.75,5.0,14.18266888,17570451.9860035,545.98,558.64
2016-09-01,,1.75,4.9,14.18266888,,546.0,558.63
2016-09-02,,1.75,4.9,14.18266888,,545.99,558.6
2016-09-03,,1.75,4.9,14.18266888,,546.0,558.6
2016-09-04,,1.75,4.9,14.18266888,,546.0,558.6
2016-09-05,,1.75,4.9,14.18266888,,546.0,558.6
2016-09-06,,1.75,4.9,14.18266888,,546.02,558.61
2016-09-07,,1.75,4.9,14.18637705,,545.94,558.59
2016-09-08,,1.75,4.75,14.18637705,,546.2,558.83
2016-09-09,,1.75,4.75,14.18637705,,546.35,558.96
2016-09-10,,1.75,4.75,14.18637705,,546.37,558.99
2016-09-11,,1.75,4.75,14.18637705,,546.37,558.99
2016-09-12,,1.75,4.75,14.18637705,,546.37,558.99
2016-09-13,,1.75,4.75,14.18637705,,546.53,559.1
2016-09-14,,1.75,4.75,14.14794935,,546.16,558.78
2016-09-15,,1.75,4.8,14.14794935,,545.49,558.08
2016-09-16,,1.75,4.8,14.14794935,,545.49,558.08
2016-09-17,,1.75,4.8,14.14794935,,545.26,557.76
2016-09-18,,1.75,4.8,14.14794935,,545.26,557.76
2016-09-19,,1.75,4.8,14.14794935,,545.26,557.76
2016-09-20,,1.75,4.8,14.14794935,,545.12,557.69
2016-09-21,,1.75,4.8,14.15385718,,545.2,557.77
2016-09-22,,1.75,4.7,14.15385718,,545.35,557.92
2016-09-23,,1.75,4.7,14.15385718,,545.92,558.56
2016-09-24,,1.75,4.7,14.15385718,,545.94,558.59
2016-09-25,,1.75,4.7,14.15385718,,545.94,558.59
2016-09-26,,1.75,4.7,14.15385718,,545.94,558.59
2016-09-27,,1.75,4.7,14.15385718,,545.97,558.62
2016-09-28,,1.75,4.7,14.12798334,,545.93,558.63
2016-09-29,,1.75,4.7,14.12798334,,545.95,558.61
2016-09-30,93.03471405,1.75,4.7,14.12798334,17803289.925417,546.33,558.8
2016-10-01,,1.75,4.7,14.12798334,,546.35,558.86
2016-10-02,,1.75,4.7,14.12798334,,546.35,558.86
2016-10-03,,1.75,4.7,14.12798334,,546.35,558.86
2016-10-04,,1.75,4.7,14.12798334,,546.33,558.8
2016-10-05,,1.75,4.7,14.42343194,,546.91,559.41
2016-10-06,,1.75,4.65,14.42343194,,547.23,559.78
2016-10-07,,1.75,4.65,14.42343194,,547.25,559.76
2016-10-08,,1.75,4.65,14.42343194,,547.21,559.8
2016-10-09,,1.75,4.65,14.42343194,,547.21,559.8
2016-10-10,,1.75,4.65,14.42343194,,547.21,559.8
2016-10-11,,1.75,4.65,14.42343194,,547.23,559.76
2016-10-12,,1.75,4.65,14.41136865,,547.18,559.79
2016-10-13,,1.75,4.6,14.41136865,,547.19,559.8
2016-10-14,,1.75,4.6,14.41136865,,547.24,559.82
2016-10-15,,1.75,4.6,14.41136865,,547.26,559.82
2016-10-16,,1.75,4.6,14.41136865,,547.26,559.82
2016-10-17,,1.75,4.6,14.41136865,,547.26,559.82
2016-10-18,,1.75,4.6,14.41136865,,547.26,559.82
2016-10-19,,1.75,4.6,14.39469249,,547.32,559.82
2016-10-20,,1.75,4.55,14.39469249,,547.27,559.84
2016-10-21,,1.75,4.55,14.39469249,,547.25,559.83
2016-10-22,,1.75,4.55,14.39469249,,547.23,559.82
2016-10-23,,1.75,4.55,14.39469249,,547.23,559.82
2016-10-24,,1.75,4.55,14.39469249,,547.23,559.82
2016-10-25,,1.75,4.55,14.39469249,,547.2,559.81
2016-10-26,,1.75,4.55,14.48176242,,547.38,559.98
2016-10-27,,1.75,4.65,14.48176242,,547.4,559.99
2016-10-28,,1.75,4.65,14.48176242,,547.55,560.17
2016-10-29,,1.75,4.65,14.48176242,,547.38,560.18
2016-10-30,,1.75,4.65,14.48176242,,547.38,560.18
2016-10-31,92.92599356,1.75,4.65,14.48176242,17984066.3116681,547.38,560.18
2016-11-01,,1.75,4.65,14.48176242,,547.4,560.12
2016-11-02,,1.75,4.65,14.3937957,,547.6,560.12
2016-11-03,,1.75,4.5,14.3937957,,547.79,560.3
2016-11-04,,1.75,4.5,14.3937957,,547.94,560.43
2016-11-05,,1.75,4.5,14.3937957,,548.45,561.04
2016-11-06,,1.75,4.5,14.3937957,,548.45,561.04
2016-11-07,,1.75,4.5,14.3937957,,548.45,561.04
2016-11-08,,1.75,4.5,14.3937957,,548.71,561.27
2016-11-09,,1.75,4.5,14.39110697,,548.69,561.32
2016-11-10,,1.75,4.55,14.39110697,,549.03,561.64
2016-11-11,,1.75,4.55,14.39110697,,549.34,561.98
2016-11-12,,1.75,4.55,14.39110697,,549.13,561.81
2016-11-13,,1.75,4.55,14.39110697,,549.13,561.81
2016-11-14,,1.75,4.55,14.39110697,,549.13,561.81
2016-11-15,,1.75,4.55,14.39110697,,549.16,561.79
2016-11-16,,1.75,4.55,14.36310778,,549.13,561.8
2016-11-17,,1.75,4.5,14.36310778,,549.12,561.79
2016-11-18,,1.75,4.5,14.36310778,,548.7,561.35
2016-11-19,,1.75,4.5,14.36310778,,548.04,560.74
2016-11-20,,1.75,4.5,14.36310778,,548.04,560.74
2016-11-21,,1.75,4.5,14.36310778,,548.04,560.74
2016-11-22,,1.75,4.5,14.36310778,,547.43,559.99
2016-11-23,,1.75,4.5,14.21795021,,547.36,559.95
2016-11-24,,1.75,4.6,14.21795021,,547.34,559.9
2016-11-25,,1.75,4.6,14.21795021,,547.05,559.72
2016-11-26,,1.75,4.6,14.21795021,,546.82,559.53
2016-11-27,,1.75,4.6,14.21795021,,546.82,559.53
2016-11-28,,1.75,4.6,14.21795021,,546.82,559.53
2016-11-29,,1.75,4.6,14.21795021,,546.58,559.15
2016-11-30,92.92527825,1.75,4.6,14.25039071,18208079.9315135,545.75,558.4
2016-12-01,,1.75,4.55,14.25039071,,545.25,557.95
2016-12-02,,1.75,4.55,14.25039071,,545.17,557.88
2016-12-03,,1.75,4.55,14.25039071,,545.17,557.75
2016-12-04,,1.75,4.55,14.25039071,,545.17,557.75
2016-12-05,,1.75,4.55,14.25039071,,545.17,557.75
2016-12-06,,1.75,4.55,14.25039071,,545.24,557.77
2016-12-07,,1.75,4.55,14.24992126,,545.13,557.72
2016-12-08,,1.75,4.35,14.24992126,,545.1,557.64
2016-12-09,,1.75,4.35,14.24992126,,545.04,557.61
2016-12-10,,1.75,4.35,14.24992126,,545.01,557.6
2016-12-11,,1.75,4.35,14.24992126,,545.01,557.6
2016-12-12,,1.75,4.35,14.24992126,,545.01,557.6
2016-12-13,,1.75,4.35,14.24992126,,545.09,557.61
2016-12-14,,1.75,4.35,14.19287336,,545.06,557.64
2016-12-15,,1.75,4.45,14.19287336,,545.05,557.62
2016-12-16,,1.75,4.45,14.19287336,,545.08,557.63
2016-12-17,,1.75,4.45,14.19287336,,545.07,557.64
2016-12-18,,1.75,4.45,14.19287336,,545.07,557.64
2016-12-19,,1.75,4.45,14.19287336,,545.07,557.64
2016-12-20,,1.75,4.45,14.19287336,,545.47,557.96
2016-12-21,,1.75,4.45,14.23939873,,546.41,559.02
2016-12-22,,1.75,4.5,14.23939873,,548.32,561.04
2016-12-23,,1.75,4.5,14.23939873,,549.06,561.8
2016-12-24,,1.75,4.5,14.23939873,,548.06,560.77
2016-12-25,,1.75,4.5,14.23939873,,548.06,560.77
2016-12-26,,1.75,4.5,14.23939873,,548.06,560.77
2016-12-27,,1.75,4.5,14.23939873,,548.2,560.84
2016-12-28,,1.75,4.5,14.25108629,,548.32,561.08
2016-12-29,,1.75,4.45,14.25108629,,548.26,561.09
2016-12-30,,1.75,4.45,14.25108629,,548.18,561.1
2016-12-31,93.28790662,1.75,4.45,14.25108629,18403519.2061113,548.18,561.1
2017-01-01,,1.75,4.45,14.25108629,,548.18,561.1
2017-01-02,,1.75,4.45,14.25108629,,548.18,561.1
2017-01-03,,1.75,4.45,14.25108629,,548.14,561.1
2017-01-04,,1.75,4.45,14.24317977,,548.17,561.09
2017-01-05,,1.75,4.35,14.24317977,,548.8,561.6
2017-01-06,,1.75,4.35,14.24317977,,549.12,561.87
2017-01-07,,1.75,4.35,14.24317977,,549.27,561.98
2017-01-08,,1.75,4.35,14.24317977,,549.27,561.98
2017-01-09,,1.75,4.35,14.24317977,,549.27,561.98
2017-01-10,,1.75,4.35,14.24317977,,549.4,561.95
2017-01-11,,1.75,4.35,14.21183218,,549.33,561.94
2017-01-12,,1.75,4.55,14.21183218,,549.12,561.76
2017-01-13,,1.75,4.55,14.21183218,,548.6,561.19
2017-01-14,,1.75,4.55,14.21183218,,548.1,560.76
2017-01-15,,1.75,4.55,14.21183218,,548.1,560.76
2017-01-16,,1.75,4.55,14.21183218,,548.1,560.76
2017-01-17,,1.75,4.55,14.21183218,,548.09,560.62
2017-01-18,,1.75,4.55,14.26967644,,548.03,560.62
2017-01-19,,1.75,4.5,14.26967644,,548.04,560.6
2017-01-20,,1.75,4.5,14.26967644,,548.01,560.59
2017-01-21,,1.75,4.5,14.26967644,,547.97,560.59
2017-01-22,,1.75,4.5,14.26967644,,547.97,560.59
2017-01-23,,1.75,4.5,14.26967644,,547.97,560.59
2017-01-24,,1.75,4.5,14.26967644,,548.03,560.61
2017-01-25,,1.75,4.5,14.24705502,,547.92,560.66
2017-01-26,,1.75,4.55,14.24705502,,547.86,560.62
2017-01-27,,1.75,4.55,14.24705502,,548.23,560.96
2017-01-28,,1.75,4.55,14.24705502,,548.64,561.38
2017-01-29,,1.75,4.55,14.24705502,,548.64,561.38
2017-01-30,,1.75,4.55,14.24705502,,548.64,561.38
2017-01-31,93.81918636,1.75,4.55,14.24705502,18477382.0013763,548.75,561.42
2017-02-01,,1.75,4.55,14.31928978,,550.08,562.7
2017-02-02,,1.75,4.6,14.31928978,,550.14,562.77
2017-02-03,,1.75,4.6,14.31928978,,550.99,563.62
2017-02-04,,1.75,4.6,14.31928978,,551.63,564.19
2017-02-05,,1.75,4.6,14.31928978,,551.63,564.19
2017-02-06,,1.75,4.6,14.31928978,,551.63,564.19
2017-02-07,,1.75,4.6,14.31928978,,551.93,564.53
2017-02-08,,1.75,4.6,14.36764109,,553.1,565.82
2017-02-09,,1.75,4.5,14.36764109,,553.62,566.31
2017-02-10,,1.75,4.5,14.36764109,,553.65,566.38
2017-02-11,,1.75,4.5,14.36764109,,554.08,566.16
2017-02-12,,1.75,4.5,14.36764109,,554.08,566.16
2017-02-13,,1.75,4.5,14.36764109,,554.08,566.16
2017-02-14,,1.75,4.5,14.36764109,,554.18,566.77
2017-02-15,,1.75,4.5,14.33984393,,553.95,566.9
2017-02-16,,1.75,4.55,14.33984393,,554.5,567.49
2017-02-17,,1.75,4.55,14.33984393,,555.82,568.78
2017-02-18,,1.75,4.55,14.33984393,,555.98,568.92
2017-02-19,,1.75,4.55,14.33984393,,555.98,568.92
2017-02-20,,1.75,4.55,14.33984393,,555.98,568.92
2017-02-21,,1.75,4.55,14.33984393,,556.06,568.93
2017-02-22,,1.75,4.55,14.33715211,,555.93,568.9
2017-02-23,,1.75,4.6,14.33715211,,555.93,568.87
2017-02-24,,1.75,4.6,14.33715211,,555.76,568.77
2017-02-25,,1.75,4.6,14.33715211,,555.3,568.37
2017-02-26,,1.75,4.6,14.33715211,,555.3,568.37
2017-02-27,,1.75,4.6,14.33715211,,555.3,568.37
2017-02-28,94.19657621,1.75,4.6,14.33715211,18635352.6008029,555.19,568.16
2017-03-01,,1.75,4.6,14.14708123,,554.97,567.96
2017-03-02,,1.75,4.6,14.14708123,,554.65,567.29
2017-03-03,,1.75,4.6,14.14708123,,554.58,567.26
2017-03-04,,1.75,4.6,14.14708123,,554.6,567.27
2017-03-05,,1.75,4.6,14.14708123,,554.6,567.27
2017-03-06,,1.75,4.6,14.14708123,,554.6,567.27
2017-03-07,,1.75,4.6,14.14708123,,554.88,567.4
2017-03-08,,1.75,4.6,14.1467633,,554.82,567.44
2017-03-09,,1.75,4.55,14.1467633,,555.35,567.98
2017-03-10,,1.75,4.55,14.1467633,,555.41,568.09
2017-03-11,,1.75,4.55,14.1467633,,555.1,567.83
2017-03-12,,1.75,4.55,14.1467633,,555.1,567.83
2017-03-13,,1.75,4.55,14.1467633,,555.1,567.83
2017-03-14,,1.75,4.55,14.1467633,,555.09,567.72
2017-03-15,,1.75,4.55,14.13112324,,554.52,567.21
2017-03-16,,1.75,4.5,14.13112324,,553.57,566.17
2017-03-17,,1.75,4.5,14.13112324,,552.9,565.53
2017-03-18,,1.75,4.5,14.13112324,,551.81,564.43
2017-03-19,,1.75,4.5,14.13112324,,551.81,564.43
2017-03-20,,1.75,4.5,14.13112324,,551.81,564.43
2017-03-21,,1.75,4.5,14.13112324,,551.56,564.07
2017-03-22,,1.75,4.5,14.11575113,,551.44,564.04
2017-03-23,,1.75,4.45,14.11575113,,551.63,564.3
2017-03-24,,1.75,4.45,14.11575113,,552.11,564.85
2017-03-25,,1.75,4.45,14.11575113,,552.12,564.89
2017-03-26,,1.75,4.45,14.11575113,,552.12,564.89
2017-03-27,,1.75,4.45,14.11575113,,552.12,564.89
2017-03-28,,1.75,4.45,14.11575113,,552.48,565.11
2017-03-29,,1.75,4.45,14.09935246,,552.67,565.41
2017-03-30,,1.75,4.5,14.09935246,,553.27,566.11
2017-03-31,93.79957582,1.75,4.5,14.09935246,18783890.3805516,554.43,567.34
2017-04-01,,1.75,4.5,14.09935246,,554.47,567.36
2017-04-02,,1.75,4.5,14.09935246,,554.47,567.36
2017-04-03,,1.75,4.5,14.09935246,,554.47,567.36
2017-04-04,,1.75,4.5,14.09935246,,555.0,567.62
2017-04-05,,1.75,4.5,14.11429966,,555.46,568.13
2017-04-06,,2.25,4.45,14.11429966,,556.14,568.79
2017-04-07,,2.25,4.45,14.11429966,,556.36,568.99
2017-04-08,,2.25,4.45,14.11429966,,556.52,569.13
2017-04-09,,2.25,4.45,14.11429966,,556.52,569.13
2017-04-10,,2.25,4.45,14.11429966,,556.52,569.13
2017-04-11,,2.25,4.45,14.11429966,,556.57,569.28
2017-04-12,,2.25,4.45,14.09965664,,556.57,569.28
2017-04-13,,2.25,4.55,14.09965664,,555.36,568.2
2017-04-14,,2.25,4.55,14.09965664,,555.36,568.2
2017-04-15,,2.25,4.55,14.09965664,,555.36,568.2
2017-04-16,,2.25,4.55,14.09965664,,555.36,568.2
2017-04-17,,2.25,4.55,14.09965664,,555.36,568.2
2017-04-18,,2.25,4.55,14.09965664,,555.12,567.7
2017-04-19,,2.25,4.55,14.12880557,,554.88,567.62
2017-04-20,,2.25,4.4,14.12880557,,554.8,567.67
2017-04-21,,2.25,4.4,14.12880557,,554.85,567.67
2017-04-22,,2.25,4.4,14.12880557,,554.84,567.71
2017-04-23,,2.25,4.4,14.12880557,,554.84,567.71
2017-04-24,,2.25,4.4,14.12880557,,554.84,567.71
2017-04-25,,2.25,4.4,14.12880557,,555.19,567.88
2017-04-26,,2.25,4.4,14.18579848,,555.75,568.5
2017-04-27,,2.5,4.6,14.18579848,,556.79,569.56
2017-04-28,,2.5,4.6,14.18579848,,557.86,570.62
2017-04-29,,2.5,4.6,14.18579848,,557.9,570.72
2017-04-30,93.94299154,2.5,4.6,14.18579848,18966391.0324567,557.9,570.72
2017-05-01,,2.5,4.6,14.18579848,,557.9,570.72
2017-05-02,,2.5,4.6,14.18579848,,557.9,570.72
2017-05-03,,2.5,4.6,14.8214071,,558.49,571.14
2017-05-04,,2.5,4.6,14.8214071,,558.84,571.55
2017-05-05,,2.5,4.6,14.8214071,,559.43,572.04
2017-05-06,,2.5,4.6,14.8214071,,560.92,573.51
2017-05-07,,2.5,4.6,14.8214071,,560.92,573.51
2017-05-08,,2.5,4.6,14.8214071,,560.92,573.51
2017-05-09,,2.5,4.6,14.8214071,,561.84,574.48
2017-05-10,,2.5,4.6,14.26440015,,563.79,576.33
2017-05-11,,2.5,4.55,14.26440015,,564.18,576.74
2017-05-12,,2.5,4.55,14.26440015,,564.14,576.74
2017-05-13,,2.5,4.55,14.26440015,,564.43,577.03
2017-05-14,,2.5,4.55,14.26440015,,564.43,577.03
2017-05-15,,2.5,4.55,14.26440015,,564.43,577.03
2017-05-16,,2.5,4.55,14.26440015,,564.86,577.39
2017-05-17,,2.5,4.55,14.23169601,,566.31,578.94
2017-05-18,,2.5,4.55,14.23169601,,569.26,581.9
2017-05-19,,3.0,4.55,14.23169601,,570.71,583.37
2017-05-20,,3.0,4.55,14.23169601,,573.82,586.43
2017-05-21,,3.0,4.55,14.23169601,,573.82,586.43
2017-05-22,,3.0,4.55,14.23169601,,573.82,586.43
2017-05-23,,3.0,4.55,14.23169601,,577.98,590.57
2017-05-24,,3.0,4.55,14.14692711,,582.18,595.13
2017-05-25,,4.0,4.55,14.14692711,,585.56,598.49
2017-05-26,,4.0,4.55,14.14692711,,581.71,594.47
2017-05-27,,4.0,4.55,14.14692711,,574.06,587.25
2017-05-28,,4.0,4.55,14.14692711,,574.06,587.25
2017-05-29,,4.0,4.55,14.14692711,,574.06,587.25
2017-05-30,,4.0,4.55,14.14692711,,570.26,582.87
2017-05-31,94.15064897,4.0,4.55,14.14639311,19176254.2210129,567.37,580.12
2017-06-01,,4.0,4.65,14.14639311,,564.22,576.86
2017-06-02,,4.0,4.65,14.14639311,,562.76,575.67
2017-06-03,,4.0,4.65,14.14639311,,562.74,575.47
2017-06-04,,4.0,4.65,14.14639311,,562.74,575.47
2017-06-05,,4.0,4.65,14.14639311,,562.74,575.47
2017-06-06,,4.0,4.65,14.14639311,,562.8,575.4
2017-06-07,,4.0,4.65,14.19641792,,562.76,575.46
2017-06-08,,4.5,4.8,14.19641792,,562.88,575.52
2017-06-09,,4.5,4.8,14.19641792,,563.6,576.39
2017-06-10,,4.5,4.8,14.19641792,,564.56,577.4
2017-06-11,,4.5,4.8,14.19641792,,564.56,577.4
2017-06-12,,4.5,4.8,14.19641792,,564.56,577.4
2017-06-13,,4.5,4.8,14.19641792,,564.75,577.48
2017-06-14,,4.5,4.8,14.24111218,,564.71,577.53
2017-06-15,,4.5,4.95,14.24111218,,564.65,577.45
2017-06-16,,4.5,4.95,14.24111218,,564.67,577.46
2017-06-17,,4.5,4.95,14.24111218,,564.12,576.78
2017-06-18,,4.5,4.95,14.24111218,,564.12,576.78
2017-06-19,,4.5,4.95,14.24111218,,564.12,576.78
2017-06-20,,4.5,4.95,14.24111218,,564.18,576.83
2017-06-21,,4.5,4.95,14.32336431,,564.62,577.37
2017-06-22,,4.5,5.5,14.32336431,,564.65,577.39
2017-06-23,,4.5,5.5,14.32336431,,564.62,577.39
2017-06-24,,4.5,5.5,14.32336431,,564.58,577.39
2017-06-25,,4.5,5.5,14.32336431,,564.58,577.39
2017-06-26,,4.5,5.5,14.32336431,,564.58,577.39
2017-06-27,,4.5,5.5,14.32336431,,564.69,577.41
2017-06-28,,4.5,5.5,14.74281159,,564.55,577.39
2017-06-29,,4.5,5.7,14.74281159,,564.77,577.64
2017-06-30,94.22699022,4.5,5.7,14.74281159,19383043.1359666,567.09,579.87
2017-07-01,,4.5,5.7,14.74281159,,566.01,579.03
2017-07-02,,4.5,5.7,14.74281159,,566.01,579.03
2017-07-03,,4.5,5.7,14.74281159,,566.01,579.03
2017-07-04,,4.5,5.7,14.74281159,,568.31,575.38
2017-07-05,,4.5,5.7,14.85750514,,568.87,575.6
2017-07-06,,4.5,5.75,14.85750514,,569.67,575.13
2017-07-07,,4.5,5.75,14.85750514,,569.21,574.54
2017-07-08,,4.5,5.75,14.85750514,,569.3,574.83
2017-07-09,,4.5,5.75,14.85750514,,569.3,574.83
2017-07-10,,4.5,5.75,14.85750514,,569.3,574.83
2017-07-11,,4.5,5.75,14.85750514,,568.51,575.44
2017-07-12,,4.5,5.75,14.87277084,,569.99,575.0
2017-07-13,,4.5,6.0,14.87277084,,569.83,575.05
2017-07-14,,4.5,6.0,14.87277084,,568.48,574.01
2017-07-15,,4.5,6.0,14.87277084,,568.2,574.57
2017-07-16,,4.5,6.0,14.87277084,,568.2,574.57
2017-07-17,,4.5,6.0,14.87277084,,568.2,574.57
2017-07-18,,4.5,6.0,14.87277084,,568.39,574.99
2017-07-19,,4.5,6.0,15.18905925,,569.33,575.01
2017-07-20,,4.5,5.9,15.18905925,,569.7,574.39
2017-07-21,,4.5,5.9,15.18905925,,569.73,575.18
2017-07-22,,4.5,5.9,15.18905925,,568.9,575.25
2017-07-23,,4.5,5.9,15.18905925,,568.9,575.25
2017-07-24,,4.5,5.9,15.18905925,,568.9,575.25
2017-07-25,,4.5,5.9,15.18905925,,568.63,575.35
2017-07-26,,4.5,5.9,15.29818044,,568.63,575.35
2017-07-27,,4.5,5.95,15.29818044,,568.75,575.05
2017-07-28,,4.5,5.95,15.29818044,,569.68,574.58
2017-07-29,,4.5,5.95,15.29818044,,568.87,575.17
2017-07-30,,4.5,5.95,15.29818044,,568.87,575.17
2017-07-31,94.53304812,4.5,5.95,15.29818044,19450226.6355864,568.87,575.17
2017-08-01,,4.5,5.95,15.29818044,,568.96,575.59
2017-08-02,,4.5,5.95,14.76729731,,570.34,576.62
2017-08-03,,4.5,5.95,14.76729731,,570.34,576.62
2017-08-04,,4.5,5.95,14.76729731,,571.55,577.62
2017-08-05,,4.5,5.95,14.76729731,,571.5,577.62
2017-08-06,,4.5,5.95,14.76729731,,571.5,577.62
2017-08-07,,4.5,5.95,14.76729731,,571.5,577.62
2017-08-08,,4.5,5.95,14.76729731,,570.43,577.91
2017-08-09,,4.5,5.95,14.76629875,,572.26,578.44
2017-08-10,,4.5,5.9,14.76629875,,573.7,579.33
2017-08-11,,4.5,5.9,14.76629875,,573.54,578.83
2017-08-12,,4.5,5.9,14.76629875,,572.97,578.91
2017-08-13,,4.5,5.9,14.76629875,,572.97,578.91
2017-08-14,,4.5,5.9,14.76629875,,572.97,578.91
2017-08-15,,4.5,5.9,14.76629875,,572.88,578.66
2017-08-16,,4.5,5.9,14.70962131,,572.88,578.66
2017-08-17,,4.5,5.85,14.70962131,,572.09,578.02
2017-08-18,,4.5,5.85,14.70962131,,571.1,577.6
2017-08-19,,4.5,5.85,14.70962131,,571.6,577.4
2017-08-20,,4.5,5.85,14.70962131,,571.6,577.4
2017-08-21,,4.5,5.85,14.70962131,,571.6,577.4
2017-08-22,,4.5,5.85,14.70962131,,571.4,577.48
2017-08-23,,4.5,5.85,14.76464374,,572.08,577.14
2017-08-24,,4.5,5.9,14.76464374,,572.65,577.18
2017-08-25,,4.5,5.9,14.76464374,,572.34,577.52
2017-08-26,,4.5,5.9,14.76464374,,571.41,577.27
2017-08-27,,4.5,5.9,14.76464374,,571.41,577.27
2017-08-28,,4.5,5.9,14.76464374,,571.41,577.27
2017-08-29,,4.5,5.9,14.76464374,,571.05,577.53
2017-08-30,,4.5,5.9,14.75859025,,571.27,577.23
2017-08-31,94.32652354,4.5,5.95,14.75859025,19615826.5773565,571.91,577.42
2017-09-01,,4.5,5.95,14.75859025,,572.81,578.08
2017-09-02,,4.5,5.95,14.75859025,,572.7,578.78
2017-09-03,,4.5,5.95,14.75859025,,572.7,578.78
2017-09-04,,4.5,5.95,14.75859025,,572.7,578.78
2017-09-05,,4.5,5.95,14.75859025,,571.95,579.35
2017-09-06,,4.5,5.95,14.77214421,,574.36,579.71
2017-09-07,,4.5,5.75,14.77214421,,575.52,580.65
2017-09-08,,4.5,5.75,14.77214421,,576.17,580.87
2017-09-09,,4.5,5.75,14.77214421,,574.29,580.76
2017-09-10,,4.5,5.75,14.77214421,,574.29,580.76
2017-09-11,,4.5,5.75,14.77214421,,574.29,580.76
2017-09-12,,4.5,5.75,14.77214421,,574.41,580.63
2017-09-13,,4.5,5.75,14.73217026,,575.12,579.95
2017-09-14,,4.5,5.85,14.73217026,,574.94,579.82
2017-09-15,,4.5,5.85,14.73217026,,574.22,579.48
2017-09-16,,4.5,5.85,14.73217026,,574.22,579.48
2017-09-17,,4.5,5.85,14.73217026,,574.22,579.48
2017-09-18,,4.5,5.85,14.73217026,,574.22,579.48
2017-09-19,,4.5,5.85,14.73217026,,573.53,579.37
2017-09-20,,4.5,5.85,14.77207173,,573.44,578.91
2017-09-21,,4.5,5.8,14.77207173,,572.93,578.28
2017-09-22,,4.5,5.8,14.77207173,,572.55,577.96
2017-09-23,,4.5,5.8,14.77207173,,571.46,577.33
2017-09-24,,4.5,5.8,14.77207173,,571.46,577.33
2017-09-25,,4.5,5.8,14.77207173,,571.46,577.33
2017-09-26,,4.5,5.8,14.77207173,,570.37,577.11
2017-09-27,,4.5,5.8,14.75724746,,570.74,576.62
2017-09-28,,4.5,5.85,14.75724746,,570.52,575.13
2017-09-29,,4.5,5.85,14.75724746,,569.62,575.01
2017-09-30,94.56160003,4.5,5.85,14.75724746,19634118.1936092,568.33,574.13
2017-10-01,,4.5,5.85,14.75724746,,568.33,574.13
2017-10-02,,4.5,5.85,14.75724746,,568.33,574.13
2017-10-03,,4.5,5.85,14.75724746,,567.04,575.46
2017-10-04,,4.5,5.85,14.84677432,,569.57,575.46
2017-10-05,,4.5,5.8,14.84677432,,570.62,575.47
2017-10-06,,4.5,5.8,14.84677432,,571.73,575.76
2017-10-07,,4.5,5.8,14.84677432,,571.28,577.04
2017-10-08,,4.5,5.8,14.84677432,,571.28,577.04
2017-10-09,,4.5,5.8,14.84677432,,571.28,577.04
2017-10-10,,4.5,5.8,14.84677432,,571.37,577.87
2017-10-11,,4.5,5.8,14.80903415,,571.7,577.4
2017-10-12,,4.5,5.8,14.80903415,,571.33,576.74
2017-10-13,,4.5,5.8,14.80903415,,570.42,574.78
2017-10-14,,4.5,5.8,14.80903415,,568.13,573.78
2017-10-15,,4.5,5.8,14.80903415,,568.13,573.78
2017-10-16,,4.5,5.8,14.80903415,,568.13,573.78
2017-10-17,,4.5,5.8,14.80903415,,568.13,573.78
2017-10-18,,4.5,5.8,14.83899998,,566.69,573.16
2017-10-19,,4.5,5.75,14.83899998,,567.24,572.85
2017-10-20,,4.5,5.75,14.83899998,,567.3,572.42
2017-10-21,,4.5,5.75,14.83899998,,567.15,573.5
2017-10-22,,4.5,5.75,14.83899998,,567.15,573.5
2017-10-23,,4.5,5.75,14.83899998,,567.15,573.5
2017-10-24,,4.5,5.75,14.83899998,,566.52,573.2
2017-10-25,,4.5,5.75,14.82487481,,566.39,571.71
2017-10-26,,4.5,5.9,14.82487481,,567.21,571.94
2017-10-27,,4.5,5.9,14.82487481,,566.83,571.74
2017-10-28,,4.5,5.9,14.82487481,,566.02,572.36
2017-10-29,,4.5,5.9,14.82487481,,566.02,572.36
2017-10-30,,4.5,5.9,14.82487481,,566.02,572.36
2017-10-31,95.08692398,4.5,5.9,14.82487481,19677343.9865717,566.65,572.11
2017-11-01,,4.5,5.9,14.82555229,,566.23,571.69
2017-11-02,,4.5,5.8,14.82555229,,566.28,572.54
2017-11-03,,4.5,5.8,14.82555229,,567.65,572.56
2017-11-04,,4.5,5.8,14.82555229,,566.36,571.72
2017-11-05,,4.5,5.8,14.82555229,,566.36,571.72
2017-11-06,,4.5,5.8,14.82555229,,566.36,571.72
2017-11-07,,4.5,5.8,14.82555229,,565.77,572.71
2017-11-08,,4.5,5.8,14.79763217,,566.91,572.66
2017-11-09,,4.5,5.85,14.79763217,,567.08,572.37
2017-11-10,,4.5,5.85,14.79763217,,567.41,571.92
2017-11-11,,4.5,5.85,14.79763217,,566.92,572.06
2017-11-12,,4.5,5.85,14.79763217,,566.92,572.06
2017-11-13,,4.5,5.85,14.79763217,,566.92,572.06
2017-11-14,,4.5,5.85,14.79763217,,566.25,571.88
2017-11-15,,4.5,5.85,14.84813056,,565.96,571.11
2017-11-16,,4.5,5.85,14.84813056,,565.3,570.9
2017-11-17,,4.5,5.85,14.84813056,,564.76,569.83
2017-11-18,,4.5,5.85,14.84813056,,563.48,569.41
2017-11-19,,4.5,5.85,14.84813056,,563.48,569.41
2017-11-20,,4.5,5.85,14.84813056,,563.48,569.41
2017-11-21,,4.5,5.85,14.84813056,,561.75,568.8
2017-11-22,,4.5,5.85,14.81021702,,562.63,568.51
2017-11-23,,4.5,5.9,14.81021702,,562.57,568.37
2017-11-24,,4.5,5.9,14.81021702,,562.71,568.06
2017-11-25,,4.5,5.9,14.81021702,,563.36,568.04
2017-11-26,,4.5,5.9,14.81021702,,563.36,568.04
2017-11-27,,4.5,5.9,14.81021702,,563.36,568.04
2017-11-28,,4.5,5.9,14.81021702,,563.12,568.41
2017-11-29,,4.5,5.9,14.84730493,,562.81,568.47
2017-11-30,95.24034131,4.75,5.9,14.84730493,19819618.0898678,563.32,568.56
2017-12-01,,4.75,5.9,14.84730493,,563.42,568.13
2017-12-02,,4.75,5.9,14.84730493,,562.25,568.91
2017-12-03,,4.75,5.9,14.84730493,,562.25,568.91
2017-12-04,,4.75,5.9,14.84730493,,562.25,568.91
2017-12-05,,4.75,5.9,14.84730493,,563.12,568.42
2017-12-06,,4.75,5.9,14.88305043,,563.1,568.6
2017-12-07,,4.75,5.75,14.88305043,,563.53,568.75
2017-12-08,,4.75,5.75,14.88305043,,563.83,568.85
2017-12-09,,4.75,5.75,14.88305043,,562.34,569.0
2017-12-10,,4.75,5.75,14.88305043,,562.34,569.0
2017-12-11,,4.75,5.75,14.88305043,,562.34,569.0
2017-12-12,,4.75,5.75,14.88305043,,562.75,568.86
2017-12-13,,4.75,5.75,14.73859131,,562.9,568.65
2017-12-14,,4.75,5.9,14.73859131,,563.45,568.83
2017-12-15,,4.75,5.9,14.73859131,,563.72,568.08
2017-12-16,,4.75,5.9,14.73859131,,563.04,568.37
2017-12-17,,4.75,5.9,14.73859131,,563.04,568.37
2017-12-18,,4.75,5.9,14.73859131,,563.04,568.37
2017-12-19,,4.75,5.9,14.73859131,,562.94,568.59
2017-12-20,,4.75,5.9,14.86303161,,563.16,569.12
2017-12-21,,4.75,5.95,14.86303161,,563.81,570.03
2017-12-22,,4.75,5.95,14.86303161,,565.01,570.82
2017-12-23,,4.75,5.95,14.86303161,,563.7,571.05
2017-12-24,,4.75,5.95,14.86303161,,563.7,571.05
2017-12-25,,4.75,5.95,14.86303161,,563.7,571.05
2017-12-26,,4.75,5.95,14.86303161,,563.7,571.05
2017-12-27,,4.75,5.95,14.86897454,,565.26,570.96
2017-12-28,,4.75,5.95,14.86897454,,565.52,571.33
2017-12-29,,4.75,5.95,14.86897454,,566.42,572.56
2017-12-30,,4.75,5.95,14.86897454,,566.42,572.56
2017-12-31,95.68923991,4.75,5.95,14.86897454,19956012.8638832,566.42,572.56
2018-01-01,,4.75,5.95,14.86897454,,566.42,572.56
2018-01-02,,4.75,5.95,14.86897454,,566.42,572.56
2018-01-03,,4.75,5.95,14.91267406,,566.08,572.71
2018-01-04,,4.75,5.9,14.91267406,,566.76,572.25
2018-01-05,,4.75,5.9,14.91267406,,568.03,572.97
2018-01-06,,4.75,5.9,14.91267406,,566.03,572.42
2018-01-07,,4.75,5.9,14.91267406,,566.03,572.42
2018-01-08,,4.75,5.9,14.91267406,,566.03,572.42
2018-01-09,,4.75,5.9,14.91267406,,565.85,572.94
2018-01-10,,4.75,5.9,15.03453749,,566.99,572.79
2018-01-11,,4.75,6.0,15.03453749,,566.86,573.06
2018-01-12,,4.75,6.0,15.03453749,,567.17,572.38
2018-01-13,,4.75,6.0,15.03453749,,566.0,571.96
2018-01-14,,4.75,6.0,15.03453749,,566.0,571.96
2018-01-15,,4.75,6.0,15.03453749,,566.0,571.96
2018-01-16,,4.75,6.0,15.03453749,,565.29,571.51
2018-01-17,,4.75,6.0,15.03453749,,565.5,571.56
2018-01-18,,4.75,6.05,15.06168029,,565.85,570.47
2018-01-19,,4.75,6.05,15.06168029,,565.9,571.06
2018-01-20,,4.75,6.05,15.06168029,,565.61,571.73
2018-01-21,,4.75,6.05,15.06168029,,565.61,571.73
2018-01-22,,4.75,6.05,15.06168029,,565.61,571.73
2018-01-23,,4.75,6.05,15.06168029,,566.03,571.85
2018-01-24,,4.75,6.05,15.07433703,,566.23,572.02
2018-01-25,,4.75,6.1,15.07433703,,565.63,571.66
2018-01-26,,4.75,6.1,15.07433703,,566.4,571.12
2018-01-27,,4.75,6.1,15.07433703,,566.05,571.09
2018-01-28,,4.75,6.1,15.07433703,,566.05,571.09
2018-01-29,,4.75,6.1,15.07433703,,566.05,571.09
2018-01-30,,4.75,6.1,15.07433703,,565.9,571.61
2018-01-31,96.07818835,4.75,6.1,14.40029242,19969333.168715,566.4,572.27
2018-02-01,,5.0,6.05,,,566.31,573.22
2018-02-02,,5.0,6.05,,,567.99,573.5
2018-02-03,,5.0,6.05,,,567.54,574.09
2018-02-04,,5.0,6.05,,,567.54,574.09
2018-02-05,,5.0,6.05,,,567.54,574.09
2018-02-06,,5.0,6.05,,,568.29,575.37
2018-02-07,,5.0,6.05,,,569.8,576.51
2018-02-08,,5.0,6.0,,,570.24,577.36
2018-02-09,,5.0,6.0,,,571.48,576.75
2018-02-10,,5.0,6.0,,,569.44,575.42
2018-02-11,,5.0,6.0,,,569.44,575.42
2018-02-12,,5.0,6.0,,,569.44,575.42
2018-02-13,,5.0,6.0,,,567.69,574.55
2018-02-14,,5.0,6.0,,,567.36,572.8
2018-02-15,,5.0,6.05,,,566.51,572.34
2018-02-16,,5.0,6.05,,,566.84,572.06
2018-02-17,,5.0,6.05,,,566.64,572.54
2018-02-18,,5.0,6.05,,,566.64,572.54
2018-02-19,,5.0,6.05,,,566.64,572.54
2018-02-20,,5.0,6.05,,,566.04,572.41
2018-02-21,,5.0,6.05,,,566.26,572.88
2018-02-22,,5.0,6.0,,,566.36,572.61
2018-02-23,,5.0,6.0,,,566.83,572.58
2018-02-24,,5.0,6.0,,,566.56,572.43
2018-02-25,,5.0,6.0,,,566.56,572.43
2018-02-26,,5.0,6.0,,,566.56,572.43
2018-02-27,,5.0,6.0,,,566.69,572.84
2018-02-28,96.2806643,5.0,6.0,17.00466405,19980565.0402855,567.12,572.82
2018-03-01,,5.0,6.1,,,566.62,572.84
2018-03-02,,5.0,6.1,,,566.66,572.81
2018-03-03,,5.0,6.1,,,566.32,572.78
2018-03-04,,5.0,6.1,,,566.32,572.78
2018-03-05,,5.0,6.1,,,566.32,572.78
2018-03-06,,5.0,6.1,,,566.37,572.76
2018-03-07,,5.0,6.1,,,566.64,571.74
2018-03-08,,5.0,5.95,,,566.4,571.85
2018-03-09,,5.0,5.95,,,566.53,571.77
2018-03-10,,5.0,5.95,,,566.41,572.11
2018-03-11,,5.0,5.95,,,566.41,572.11
2018-03-12,,5.0,5.95,,,566.41,572.11
2018-03-13,,5.0,5.95,,,565.84,572.34
2018-03-14,,5.0,5.95,,,565.4,571.5
2018-03-15,,5.0,6.05,,,564.78,569.91
2018-03-16,,5.0,6.05,,,563.33,568.26
2018-03-17,,5.0,6.05,,,562.68,568.66
2018-03-18,,5.0,6.05,,,562.68,568.66
2018-03-19,,5.0,6.05,,,562.68,568.66
2018-03-20,,5.0,6.05,,,561.68,568.69
2018-03-21,,5.0,6.05,,,561.8,568.08
2018-03-22,,5.0,6.0,,,562.25,568.18
2018-03-23,,5.0,6.0,,,562.8,567.45
2018-03-24,,5.0,6.0,,,562.15,567.34
2018-03-25,,5.0,6.0,,,562.15,567.34
2018-03-26,,5.0,6.0,,,562.15,567.34
2018-03-27,,5.0,6.0,,,562.04,568.08
2018-03-28,,5.0,6.0,,,563.17,568.4
2018-03-29,,5.0,6.0,,,562.4,569.31
2018-03-30,,5.0,6.0,,,562.4,569.31
2018-03-31,96.25052843,5.0,6.0,14.77664079,19940339.4545064,562.4,569.31
2018-04-01,,5.0,6.0,,,562.4,569.31
2018-04-02,,5.0,6.0,,,562.4,569.31
2018-04-03,,5.0,6.0,,,561.31,569.19
2018-04-04,,5.0,6.0,,,561.98,569.33
2018-04-05,,5.0,5.9,,,562.99,569.12
2018-04-06,,5.0,5.9,,,564.13,569.87
2018-04-07,,5.0,5.9,,,564.48,570.2
2018-04-08,,5.0,5.9,,,564.48,570.2
2018-04-09,,5.0,5.9,,,564.48,570.2
2018-04-10,,5.0,5.9,,,562.47,568.88
2018-04-11,,5.0,5.9,,,563.27,568.56
2018-04-12,,5.0,6.0,,,563.27,568.56
2018-04-13,,5.0,6.0,,,562.69,567.63
2018-04-14,,5.0,6.0,,,562.07,567.0
2018-04-15,,5.0,6.0,,,562.07,567.0
2018-04-16,,5.0,6.0,,,562.07,567.0
2018-04-17,,5.0,6.0,,,561.08,567.39
2018-04-18,,5.0,6.0,,,561.1,567.47
2018-04-19,,5.0,5.95,,,560.65,567.53
2018-04-20,,5.0,5.95,,,561.21,566.82
2018-04-21,,5.0,5.95,,,561.27,567.64
2018-04-22,,5.0,5.95,,,561.27,567.64
2018-04-23,,5.0,5.95,,,561.27,567.64
2018-04-24,,5.0,5.95,,,560.66,567.56
2018-04-25,,5.0,5.95,,,560.45,567.04
2018-04-26,,5.0,6.15,,,561.19,567.03
2018-04-27,,5.0,6.15,,,562.17,567.3
2018-04-28,,5.0,6.15,,,562.04,568.31
2018-04-29,,5.0,6.15,,,562.04,568.31
2018-04-30,96.17454173,5.0,6.15,14.32795354,19977255.2464088,562.04,568.31
2018-05-01,,5.0,6.15,,,562.13,568.82
2018-05-02,,5.0,6.15,,,562.13,568.82
2018-05-03,,5.0,6.1,,,560.57,568.71
2018-05-04,,5.0,6.1,,,561.64,568.53
2018-05-05,,5.0,6.1,,,562.76,569.08
2018-05-06,,5.0,6.1,,,562.76,569.08
2018-05-07,,5.0,6.1,,,562.76,569.08
2018-05-08,,5.0,6.1,,,562.96,569.39
2018-05-09,,5.0,6.1,,,562.96,569.39
2018-05-10,,5.0,6.0,,,563.21,569.08
2018-05-11,,5.0,6.0,,,563.5,569.0
2018-05-12,,5.0,6.0,,,562.78,568.92
2018-05-13,,5.0,6.0,,,562.78,568.92
2018-05-14,,5.0,6.0,,,562.78,568.92
2018-05-15,,5.0,6.0,,,562.24,568.3
2018-05-16,,5.0,6.0,,,562.24,567.97
2018-05-17,,5.0,5.95,,,562.9,568.01
2018-05-18,,5.0,5.95,,,561.77,567.83
2018-05-19,,5.0,5.95,,,560.94,567.7
2018-05-20,,5.0,5.95,,,560.94,567.7
2018-05-21,,5.0,5.95,,,560.94,567.7
2018-05-22,,5.0,5.95,,,560.46,567.04
2018-05-23,,5.0,5.95,,,560.69,567.14
2018-05-24,,5.0,6.0,,,560.87,567.31
2018-05-25,,5.0,6.0,,,562.45,568.19
2018-05-26,,5.0,6.0,,,561.8,567.91
2018-05-27,,5.0,6.0,,,561.8,567.91
2018-05-28,,5.0,6.0,,,561.8,567.91
2018-05-29,,5.0,6.0,,,561.65,568.77
2018-05-30,,5.0,6.0,,,562.43,568.84
2018-05-31,96.06746497,5.0,5.95,15.0862301,20053315.3703202,563.5,568.77
2018-06-01,,5.0,5.95,,,564.16,569.97
2018-06-02,,5.0,5.95,,,564.1,570.54
2018-06-03,,5.0,5.95,,,564.1,570.54
2018-06-04,,5.0,5.95,,,564.1,570.54
2018-06-05,,5.0,5.95,,,563.17,570.44
2018-06-06,,5.0,5.95,,,562.76,570.25
2018-06-07,,5.0,5.9,,,565.01,570.49
2018-06-08,,5.0,5.9,,,564.36,570.69
2018-06-09,,5.0,5.9,,,564.27,571.16
2018-06-10,,5.0,5.9,,,564.27,571.16
2018-06-11,,5.0,5.9,,,564.27,571.16
2018-06-12,,5.0,5.9,,,563.08,570.45
2018-06-13,,5.0,5.9,,,564.36,570.44
2018-06-14,,5.0,5.95,,,565.03,570.37
2018-06-15,,5.0,5.95,,,565.01,570.19
2018-06-16,,5.0,5.95,,,564.57,569.94
2018-06-17,,5.0,5.95,,,564.57,569.94
2018-06-18,,5.0,5.95,,,564.57,569.94
2018-06-19,,5.0,5.95,,,564.01,570.76
2018-06-20,,5.0,5.95,,,564.4,570.31
2018-06-21,,5.0,5.85,,,562.85,570.19
2018-06-22,,5.0,5.85,,,563.92,570.67
2018-06-23,,5.0,5.85,,,564.99,570.52
2018-06-24,,5.0,5.85,,,564.99,570.52
2018-06-25,,5.0,5.85,,,564.99,570.52
2018-06-26,,5.0,5.85,,,563.76,570.65
2018-06-27,,5.0,5.85,,,564.08,570.59
2018-06-28,,5.0,5.95,,,564.74,570.05
2018-06-29,,5.0,5.95,,,564.17,569.79
2018-06-30,96.2379182,5.0,5.95,13.81655592,20120408.4502129,563.44,570.08
2018-07-01,,5.0,5.95,,,563.44,570.08
2018-07-02,,5.0,5.95,,,563.44,570.08
2018-07-03,,5.0,5.95,,,562.45,571.08
2018-07-04,,5.0,5.95,,,564.02,571.26
2018-07-05,,5.0,5.9,,,563.96,570.53
2018-07-06,,5.0,5.9,,,565.1,570.29
2018-07-07,,5.0,5.9,,,563.68,570.94
2018-07-08,,5.0,5.9,,,563.68,570.94
2018-07-09,,5.0,5.9,,,563.68,570.94
2018-07-10,,5.0,5.9,,,564.06,571.54
2018-07-11,,5.0,5.9,,,563.31,570.68
2018-07-12,,5.0,5.9,,,564.21,569.68
2018-07-13,,5.0,5.9,,,564.33,570.04
2018-07-14,,5.0,5.9,,,563.84,569.76
2018-07-15,,5.0,5.9,,,563.84,569.76
2018-07-16,,5.0,5.9,,,563.84,569.76
2018-07-17,,5.0,5.9,,,563.91,569.58
2018-07-18,,5.0,5.9,,,564.43,570.3
2018-07-19,,5.0,5.85,,,564.45,570.71
2018-07-20,,5.0,5.85,,,564.07,569.94
2018-07-21,,5.0,5.85,,,564.13,570.39
2018-07-22,,5.0,5.85,,,564.13,570.39
2018-07-23,,5.0,5.85,,,564.13,570.39
2018-07-24,,5.0,5.85,,,564.19,570.89
2018-07-25,,5.0,5.85,,,563.91,570.29
2018-07-26,,5.0,6.0,,,563.91,570.29
2018-07-27,,5.0,6.0,,,563.64,569.36
2018-07-28,,5.0,6.0,,,563.74,569.81
2018-07-29,,5.0,6.0,,,563.74,569.81
2018-07-30,,5.0,6.0,,,563.74,569.81
2018-07-31,96.50343843,5.0,6.0,13.75655396,20229377.6736491,563.43,570.07
2018-08-01,,5.0,6.0,,,563.85,570.19
2018-08-02,,5.0,5.95,,,564.83,570.34
2018-08-03,,5.0,5.95,,,564.83,570.34
2018-08-04,,5.0,5.95,,,562.76,570.15
2018-08-05,,5.0,5.95,,,562.76,570.15
2018-08-06,,5.0,5.95,,,562.76,570.15
2018-08-07,,5.0,5.95,,,564.31,570.78
2018-08-08,,5.0,5.95,,,563.29,570.65
2018-08-09,,5.0,5.95,,,564.05,570.91
2018-08-10,,5.0,5.95,,,564.41,569.82
2018-08-11,,5.0,5.95,,,564.25,570.19
2018-08-12,,5.0,5.95,,,564.25,570.19
2018-08-13,,5.0,5.95,,,564.25,570.19
2018-08-14,,5.0,5.95,,,564.47,570.22
2018-08-15,,5.0,5.95,,,564.57,570.0
2018-08-16,,5.0,5.95,,,564.57,570.0
2018-08-17,,5.0,5.95,,,564.08,570.12
2018-08-18,,5.0,5.95,,,564.42,569.78
2018-08-19,,5.0,5.95,,,564.42,569.78
2018-08-20,,5.0,5.95,,,564.42,569.78
2018-08-21,,5.0,5.95,,,563.33,571.24
2018-08-22,,5.0,5.95,,,563.9,571.96
2018-08-23,,5.0,5.9,,,565.23,571.24
2018-08-24,,5.0,5.9,,,565.86,572.26
2018-08-25,,5.0,5.9,,,565.27,571.75
2018-08-26,,5.0,5.9,,,565.27,571.75
2018-08-27,,5.0,5.9,,,565.27,571.75
2018-08-28,,5.0,5.9,,,565.97,572.65
2018-08-29,,5.0,5.9,,,566.09,573.18
2018-08-30,,5.0,5.95,,,567.07,574.86
2018-08-31,96.43975477,5.0,5.95,14.35880888,20385263.745623,569.54,575.67
2018-09-01,,5.0,5.95,,,571.36,578.56
2018-09-02,,5.0,5.95,,,571.36,578.56
2018-09-03,,5.0,5.95,,,571.36,578.56
2018-09-04,,5.0,5.95,,,574.01,583.11
2018-09-05,,5.0,5.95,,,576.87,585.15
2018-09-06,,5.0,5.85,,,579.09,585.74
2018-09-07,,5.0,5.85,,,581.28,586.9
2018-09-08,,5.0,5.85,,,579.39,585.62
2018-09-09,,5.0,5.85,,,579.39,585.62
2018-09-10,,5.0,5.85,,,579.39,585.62
2018-09-11,,5.0,5.85,,,576.72,584.47
2018-09-12,,5.0,5.85,,,575.77,582.4
2018-09-13,,5.0,5.85,,,574.39,579.76
2018-09-14,,5.0,5.85,,,574.47,579.69
2018-09-15,,5.0,5.85,,,573.61,581.34
2018-09-16,,5.0,5.85,,,573.61,581.34
2018-09-17,,5.0,5.85,,,573.61,581.34
2018-09-18,,5.0,5.85,,,573.93,580.65
2018-09-19,,5.0,5.85,,,575.13,580.71
2018-09-20,,5.0,5.75,,,574.33,580.78
2018-09-21,,5.0,5.75,,,575.66,581.43
2018-09-22,,5.0,5.75,,,574.61,581.09
2018-09-23,,5.0,5.75,,,574.61,581.09
2018-09-24,,5.0,5.75,,,574.61,581.09
2018-09-25,,5.0,5.75,,,577.27,580.7
2018-09-26,,5.0,5.75,,,575.04,581.54
2018-09-27,,5.0,5.9,,,577.58,582.87
2018-09-28,,5.0,5.9,,,579.45,585.69
2018-09-29,,5.0,5.9,,,579.12,585.8
2018-09-30,96.65306891,5.0,5.9,13.46630345,20666030.3435468,579.12,585.8
2018-10-01,,5.0,5.9,,,579.12,585.8
2018-10-02,,5.0,5.9,,,578.1,586.14
2018-10-03,,5.0,5.9,,,579.03,587.15
2018-10-04,,5.0,5.8,,,580.8,587.57
2018-10-05,,5.0,5.8,,,584.05,588.87
2018-10-06,,5.0,5.8,,,583.2,591.27
2018-10-07,,5.0,5.8,,,583.2,591.27
2018-10-08,,5.0,5.8,,,583.2,591.27
2018-10-09,,5.0,5.8,,,585.63,593.22
2018-10-10,,5.0,5.8,,,588.08,594.6
2018-10-11,,5.0,5.8,,,589.47,596.18
2018-10-12,,5.0,5.8,,,591.73,598.14
2018-10-13,,5.0,5.8,,,590.51,597.15
2018-10-14,,5.0,5.8,,,590.51,597.15
2018-10-15,,5.0,5.8,,,590.51,597.15
2018-10-16,,5.0,5.8,,,590.51,597.15
2018-10-17,,5.0,5.8,,,590.55,596.89
2018-10-18,,5.0,5.75,,,589.8,596.81
2018-10-19,,5.0,5.75,,,590.33,595.81
2018-10-20,,5.0,5.75,,,589.53,596.54
2018-10-21,,5.0,5.75,,,589.53,596.54
2018-10-22,,5.0,5.75,,,589.53,596.54
2018-10-23,,5.0,5.75,,,590.27,597.09
2018-10-24,,5.0,5.75,,,590.19,596.13
2018-10-25,,5.0,5.8,,,592.84,597.76
2018-10-26,,5.0,5.8,,,594.8,599.4
2018-10-27,,5.0,5.8,,,594.51,601.4
2018-10-28,,5.0,5.8,,,594.51,601.4
2018-10-29,,5.0,5.8,,,594.51,601.4
2018-10-30,,5.0,5.8,,,596.48,605.59
2018-10-31,97.01424123,5.0,5.8,13.71653195,21091530.073319,603.2,610.74
2018-11-01,,5.25,5.8,,,613.01,620.76
2018-11-02,,5.25,5.8,,,611.97,618.89
2018-11-03,,5.25,5.8,,,613.16,622.08
2018-11-04,,5.25,5.8,,,613.16,622.08
2018-11-05,,5.25,5.8,,,613.16,622.08
2018-11-06,,5.25,5.8,,,617.23,627.2
2018-11-07,,5.25,5.8,,,622.99,631.3
2018-11-08,,5.25,5.65,,,619.68,628.11
2018-11-09,,5.25,5.65,,,619.85,625.31
2018-11-10,,5.25,5.65,,,616.96,623.71
2018-11-11,,5.25,5.65,,,616.96,623.71
2018-11-12,,5.25,5.65,,,616.96,623.71
2018-11-13,,5.25,5.65,,,614.27,621.46
2018-11-14,,5.25,5.65,,,614.26,620.13
2018-11-15,,5.25,5.75,,,610.31,616.21
2018-11-16,,5.25,5.75,,,603.6,610.29
2018-11-17,,5.25,5.75,,,597.26,604.76
2018-11-18,,5.25,5.75,,,597.26,604.76
2018-11-19,,5.25,5.75,,,597.26,604.76
2018-11-20,,5.25,5.75,,,595.06,603.04
2018-11-21,,5.25,5.75,,,595.87,604.52
2018-11-22,,5.25,5.7,,,597.6,607.29
2018-11-23,,5.25,5.7,,,602.97,609.75
2018-11-24,,5.25,5.7,,,605.0,610.79
2018-11-25,,5.25,5.7,,,605.0,610.79
2018-11-26,,5.25,5.7,,,605.0,610.79
2018-11-27,,5.25,5.7,,,602.78,610.19
2018-11-28,,5.25,5.7,,,600.06,606.2
2018-11-29,,5.25,5.85,,,597.03,602.69
2018-11-30,97.42364332,5.25,5.85,14.07118624,21112272.8962136,596.15,603.1
2018-12-01,,5.25,5.85,,,596.91,604.28
2018-12-02,,5.25,5.85,,,596.91,604.28
2018-12-03,,5.25,5.85,,,596.91,604.28
2018-12-04,,5.25,5.85,,,597.13,604.45
2018-12-05,,5.25,5.85,,,598.33,603.82
2018-12-06,,5.25,5.8,,,597.29,602.95
2018-12-07,,5.25,5.8,,,597.4,603.22
2018-12-08,,5.25,5.8,,,595.45,601.66
2018-12-09,,5.25,5.8,,,595.45,601.66
2018-12-10,,5.25,5.8,,,595.45,601.66
2018-12-11,,5.25,5.8,,,595.3,602.08
2018-12-12,,5.25,5.8,,,594.74,601.6
2018-12-13,,5.25,5.85,,,595.68,600.76
2018-12-14,,5.25,5.85,,,595.18,599.88
2018-12-15,,5.25,5.85,,,593.21,598.69
2018-12-16,,5.25,5.85,,,593.21,598.69
2018-12-17,,5.25,5.85,,,593.21,598.69
2018-12-18,,5.25,5.85,,,593.13,599.93
2018-12-19,,5.25,5.85,,,595.01,601.66
2018-12-20,,5.25,5.95,,,598.4,604.05
2018-12-21,,5.25,5.95,,,600.22,605.54
2018-12-22,,5.25,5.95,,,600.16,606.51
2018-12-23,,5.25,5.95,,,600.16,606.51
2018-12-24,,5.25,5.95,,,600.16,606.51
2018-12-25,,5.25,5.95,,,600.96,607.64
2018-12-26,,5.25,5.95,,,600.96,607.64
2018-12-27,,5.25,6.0,,,601.82,608.87
2018-12-28,,5.25,6.0,,,603.69,610.42
2018-12-29,,5.25,6.0,,,604.39,611.75
2018-12-30,,5.25,6.0,,,604.39,611.75
2018-12-31,97.62911165,5.25,6.0,12.90866539,21194434.2900899,604.39,611.75
2019-01-01,,5.25,6.0,,,604.39,611.75
2019-01-02,,5.25,6.0,,,604.39,611.75
2019-01-03,,5.25,6.0,,,603.01,611.55
2019-01-04,,5.25,6.0,,,604.77,611.68
2019-01-05,,5.25,6.0,,,602.4,611.55
2019-01-06,,5.25,6.0,,,602.4,611.55
2019-01-07,,5.25,6.0,,,602.4,611.55
2019-01-08,,5.25,6.0,,,605.39,612.93
2019-01-09,,5.25,6.0,,,604.83,612.21
2019-01-10,,5.25,6.05,,,605.61,612.12
2019-01-11,,5.25,6.05,,,604.86,610.49
2019-01-12,,5.25,6.05,,,602.3,608.8
2019-01-13,,5.25,6.05,,,602.3,608.8
2019-01-14,,5.25,6.05,,,602.3,608.8
2019-01-15,,5.25,6.05,,,599.81,606.63
2019-01-16,,5.25,6.05,,,598.84,605.08
2019-01-17,,5.25,6.1,,,596.67,602.97
2019-01-18,,5.25,6.1,,,597.13,603.52
2019-01-19,,5.25,6.1,,,597.0,604.7
2019-01-20,,5.25,6.1,,,597.0,604.7
2019-01-21,,5.25,6.1,,,597.0,604.7
2019-01-22,,5.25,6.1,,,597.49,605.15
2019-01-23,,5.25,6.1,,,598.6,606.56
2019-01-24,,5.25,6.15,,,603.22,608.11
2019-01-25,,5.25,6.15,,,605.03,610.7
2019-01-26,,5.25,6.15,,,606.26,612.6
2019-01-27,,5.25,6.15,,,606.26,612.6
2019-01-28,,5.25,6.15,,,606.26,612.6
2019-01-29,,5.25,6.15,,,606.85,613.97
2019-01-30,,5.25,6.15,,,608.99,614.95
2019-01-31,97.67921187,5.25,6.25,13.65357628,21171660.9120191,607.85,614.17
2019-02-01,,5.25,6.25,,,608.04,614.32
2019-02-02,,5.25,6.25,,,607.4,615.31
2019-02-03,,5.25,6.25,,,607.4,615.31
2019-02-04,,5.25,6.25,,,607.4,615.31
2019-02-05,,5.25,6.25,,,606.03,616.4
2019-02-06,,5.25,6.25,,,608.51,616.45
2019-02-07,,5.25,6.15,,,608.11,615.35
2019-02-08,,5.25,6.15,,,610.01,615.12
2019-02-09,,5.25,6.15,,,608.78,614.96
2019-02-10,,5.25,6.15,,,608.78,614.96
2019-02-11,,5.25,6.15,,,608.78,614.96
2019-02-12,,5.25,6.15,,,607.96,615.06
2019-02-13,,5.25,6.15,,,608.15,614.08
2019-02-14,,5.25,6.2,,,607.24,612.76
2019-02-15,,5.25,6.2,,,607.17,612.42
2019-02-16,,5.25,6.2,,,604.45,611.36
2019-02-17,,5.25,6.2,,,604.45,611.36
2019-02-18,,5.25,6.2,,,604.45,611.36
2019-02-19,,5.25,6.2,,,605.64,611.2
2019-02-20,,5.25,6.2,,,605.76,612.62
2019-02-21,,5.25,6.1,,,606.89,612.0
2019-02-22,,5.25,6.1,,,605.97,611.69
2019-02-23,,5.25,6.1,,,606.05,611.12
2019-02-24,,5.25,6.1,,,606.05,611.12
2019-02-25,,5.25,6.1,,,606.05,611.12
2019-02-26,,5.25,6.1,,,604.97,612.21
2019-02-27,,5.25,6.1,,,605.35,611.66
2019-02-28,97.75903179,5.25,6.25,13.71472384,21083835.4570442,605.05,610.72
2019-03-01,,5.25,6.25,,,604.08,609.76
2019-03-02,,5.25,6.25,,,602.58,609.32
2019-03-03,,5.25,6.25,,,602.58,609.32
2019-03-04,,5.25,6.25,,,602.58,609.32
2019-03-05,,5.25,6.25,,,602.87,608.5
2019-03-06,,5.25,6.25,,,603.97,610.37
2019-03-07,,5.25,6.15,,,605.74,611.11
2019-03-08,,5.25,6.15,,,605.89,611.39
2019-03-09,,5.25,6.15,,,604.45,610.76
2019-03-10,,5.25,6.15,,,604.45,610.76
2019-03-11,,5.25,6.15,,,604.45,610.76
2019-03-12,,5.25,6.15,,,602.37,608.21
2019-03-13,,5.25,6.15,,,601.13,607.25
2019-03-14,,5.25,6.2,,,599.23,604.75
2019-03-15,,5.25,6.2,,,596.83,601.76
2019-03-16,,5.25,6.2,,,594.28,600.62
2019-03-17,,5.25,6.2,,,594.28,600.62
2019-03-18,,5.25,6.2,,,594.28,600.62
2019-03-19,,5.25,6.2,,,592.67,598.73
2019-03-20,,5.25,6.2,,,592.09,600.39
2019-03-21,,5.25,6.15,,,597.7,603.16
2019-03-22,,5.25,6.15,,,598.76,605.23
2019-03-23,,5.25,6.15,,,604.62,612.61
2019-03-24,,5.25,6.15,,,604.62,612.61
2019-03-25,,5.25,6.15,,,604.62,612.61
2019-03-26,,5.25,6.15,,,604.5,610.54
2019-03-27,,5.25,6.15,,,601.65,608.14
2019-03-28,,5.0,6.2,,,600.64,606.75
2019-03-29,,5.0,6.2,,,598.41,603.85
2019-03-30,,5.0,6.2,,,596.04,602.36
2019-03-31,97.61741802,5.0,6.2,13.26843198,20973441.9330043,596.04,602.36
2019-04-01,,5.0,6.2,,,596.04,602.36
2019-04-02,,5.0,6.2,,,595.0,602.74
2019-04-03,,5.0,6.2,,,597.18,605.49
2019-04-04,,5.0,6.1,,,602.41,608.93
2019-04-05,,5.0,6.1,,,604.31,609.46
2019-04-06,,5.0,6.1,,,601.99,608.58
2019-04-07,,5.0,6.1,,,601.99,608.58
2019-04-08,,5.0,6.1,,,601.99,608.58
2019-04-09,,5.0,6.1,,,601.42,607.96
2019-04-10,,5.0,6.1,,,599.82,605.3
2019-04-11,,5.0,6.2,,,598.67,603.7
2019-04-12,,5.0,6.2,,,598.67,603.7
2019-04-13,,5.0,6.2,,,596.34,602.69
2019-04-14,,5.0,6.2,,,596.34,602.69
2019-04-15,,5.0,6.2,,,596.34,602.69
2019-04-16,,5.0,6.2,,,595.01,600.73
2019-04-17,,5.0,6.2,,,592.91,598.79
2019-04-18,,5.0,6.05,,,592.5,598.63
2019-04-19,,5.0,6.05,,,592.5,598.63
2019-04-20,,5.0,6.05,,,592.5,598.63
2019-04-21,,5.0,6.05,,,592.5,598.63
2019-04-22,,5.0,6.05,,,592.5,598.63
2019-04-23,,5.0,6.05,,,593.76,601.24
2019-04-24,,5.0,6.05,,,596.66,603.51
2019-04-25,,5.0,6.15,,,598.81,605.24
2019-04-26,,5.0,6.15,,,597.0,603.05
2019-04-27,,5.0,6.15,,,594.26,599.75
2019-04-28,,5.0,6.15,,,594.26,599.75
2019-04-29,,5.0,6.15,,,594.26,599.75
2019-04-30,98.1654243,5.0,6.15,13.56058622,20929777.0903905,592.98,599.09
2019-05-01,,5.0,6.15,,,592.27,598.9
2019-05-02,,5.0,6.25,,,592.27,598.9
2019-05-03,,5.0,6.25,,,593.09,599.48
2019-05-04,,5.0,6.25,,,591.37,598.34
2019-05-05,,5.0,6.25,,,591.37,598.34
2019-05-06,,5.0,6.25,,,591.37,598.34
2019-05-07,,5.0,6.25,,,591.14,598.76
2019-05-08,,5.0,6.25,,,591.57,599.1
2019-05-09,,5.0,6.15,,,591.88,597.82
2019-05-10,,5.0,6.15,,,592.28,598.45
2019-05-11,,5.0,6.15,,,591.91,597.68
2019-05-12,,5.0,6.15,,,591.91,597.68
2019-05-13,,5.0,6.15,,,591.91,597.68
2019-05-14,,5.0,6.15,,,590.86,596.5
2019-05-15,,5.0,6.15,,,588.8,594.57
2019-05-16,,5.0,6.2,,,586.7,592.66
2019-05-17,,5.0,6.2,,,584.48,591.45
2019-05-18,,5.0,6.2,,,584.01,590.91
2019-05-19,,5.0,6.2,,,584.01,590.91
2019-05-20,,5.0,6.2,,,584.01,590.91
2019-05-21,,5.0,6.2,,,584.57,591.28
2019-05-22,,5.0,6.2,,,584.47,591.09
2019-05-23,,4.75,6.2,,,587.46,593.71
2019-05-24,,4.75,6.2,,,587.89,594.03
2019-05-25,,4.75,6.2,,,588.41,594.97
2019-05-26,,4.75,6.2,,,588.41,594.97
2019-05-27,,4.75,6.2,,,588.41,594.97
2019-05-28,,4.75,6.2,,,587.93,594.51
2019-05-29,,4.75,6.2,,,587.05,592.86
2019-05-30,,4.75,6.3,,,585.97,591.24
2019-05-31,98.29805549,4.75,6.3,14.19184065,20796024.9158278,584.11,590.54
2019-06-01,,4.75,6.3,,,583.49,591.03
2019-06-02,,4.75,6.3,,,583.49,591.03
2019-06-03,,4.75,6.3,,,583.49,591.03
2019-06-04,,4.75,6.3,,,583.91,591.07
2019-06-05,,4.75,6.3,,,585.32,593.65
2019-06-06,,4.75,6.3,,,589.38,594.5
2019-06-07,,4.75,6.3,,,589.42,596.5
2019-06-08,,4.75,6.3,,,588.66,595.4
2019-06-09,,4.75,6.3,,,588.66,595.4
2019-06-10,,4.75,6.3,,,588.66,595.4
2019-06-11,,4.75,6.3,,,586.02,592.68
2019-06-12,,4.75,6.3,,,584.85,591.39
2019-06-13,,4.75,6.35,,,586.62,589.59
2019-06-14,,4.75,6.35,,,582.59,588.52
2019-06-15,,4.75,6.35,,,581.13,588.89
2019-06-16,,4.75,6.35,,,581.13,588.89
2019-06-17,,4.75,6.35,,,581.13,588.89
2019-06-18,,4.75,6.35,,,580.66,587.86
2019-06-19,,4.75,6.35,,,580.8,587.43
2019-06-20,,4.5,6.35,,,581.92,589.16
2019-06-21,,4.5,6.35,,,581.65,587.95
2019-06-22,,4.5,6.35,,,581.72,588.06
2019-06-23,,4.5,6.35,,,581.72,588.06
2019-06-24,,4.5,6.35,,,581.72,588.06
2019-06-25,,4.5,6.35,,,581.18,587.81
2019-06-26,,4.5,6.35,,,580.76,587.13
2019-06-27,,4.5,6.55,,,578.98,586.31
2019-06-28,,4.5,6.55,,,578.35,585.45
2019-06-29,,4.5,6.55,,,576.72,583.64
2019-06-30,98.56819519,4.5,6.55,13.29498297,20700592.3926454,576.72,583.64
2019-07-01,,4.5,6.55,,,576.72,583.64
2019-07-02,,4.5,6.55,,,574.89,583.23
2019-07-03,,4.5,6.55,,,576.49,583.31
2019-07-04,,4.5,6.65,,,578.17,585.17
2019-07-05,,4.5,6.65,,,579.32,585.83
2019-07-06,,4.5,6.65,,,578.21,585.77
2019-07-07,,4.5,6.65,,,578.21,585.77
2019-07-08,,4.5,6.65,,,578.21,585.77
2019-07-09,,4.5,6.65,,,578.34,585.53
2019-07-10,,4.5,6.65,,,579.47,585.5
2019-07-11,,4.5,6.0,,,579.1,584.18
2019-07-12,,4.5,6.0,,,578.21,584.05
2019-07-13,,4.5,6.0,,,575.32,582.11
2019-07-14,,4.5,6.0,,,575.32,582.11
2019-07-15,,4.5,6.0,,,575.32,582.11
2019-07-16,,4.5,6.0,,,572.15,578.39
2019-07-17,,4.5,6.0,,,571.58,577.89
2019-07-18,,4.5,5.9,,,572.27,578.31
2019-07-19,,4.5,5.9,,,571.81,578.78
2019-07-20,,4.5,5.9,,,570.73,577.37
2019-07-21,,4.5,5.9,,,570.73,577.37
2019-07-22,,4.5,5.9,,,570.73,577.37
2019-07-23,,4.0,5.9,,,569.91,576.82
2019-07-24,,4.0,5.9,,,570.44,575.97
2019-07-25,,4.0,6.1,,,570.31,575.69
2019-07-26,,4.0,6.1,,,570.31,575.69
2019-07-27,,4.0,6.1,,,568.86,574.94
2019-07-28,,4.0,6.1,,,568.86,574.94
2019-07-29,,4.0,6.1,,,568.86,574.94
2019-07-30,,4.0,6.1,,,567.5,573.97
2019-07-31,99.29164281,4.0,6.1,13.63801173,20458445.2363243,567.11,573.46
2019-08-01,,4.0,5.9,,,566.52,572.26
2019-08-02,,4.0,5.9,,,566.6,573.55
2019-08-03,,4.0,5.9,,,566.6,573.55
2019-08-04,,4.0,5.9,,,566.6,573.55
2019-08-05,,4.0,5.9,,,566.6,573.55
2019-08-06,,4.0,5.9,,,565.44,573.27
2019-08-07,,4.0,5.9,,,565.2,573.18
2019-08-08,,4.0,5.8,,,566.95,573.32
2019-08-09,,4.0,5.8,,,567.31,573.53
2019-08-10,,4.0,5.8,,,567.34,574.07
2019-08-11,,4.0,5.8,,,567.34,574.07
2019-08-12,,4.0,5.8,,,567.34,574.07
2019-08-13,,4.0,5.8,,,567.07,573.62
2019-08-14,,4.0,5.8,,,566.6,572.43
2019-08-15,,4.0,5.8,,,565.42,571.3
2019-08-16,,4.0,5.8,,,565.42,571.3
2019-08-17,,4.0,5.8,,,563.82,570.46
2019-08-18,,4.0,5.8,,,563.82,570.46
2019-08-19,,4.0,5.8,,,563.82,570.46
2019-08-20,,4.0,5.8,,,562.23,569.92
2019-08-21,,4.0,5.8,,,561.39,568.07
2019-08-22,,4.0,5.7,,,561.75,568.45
2019-08-23,,4.0,5.7,,,562.94,569.53
2019-08-24,,4.0,5.7,,,563.07,570.2
2019-08-25,,4.0,5.7,,,563.07,570.2
2019-08-26,,4.0,5.7,,,563.07,570.2
2019-08-27,,4.0,5.7,,,562.87,570.17
2019-08-28,,4.0,5.7,,,563.95,570.03
2019-08-29,,4.0,5.85,,,565.17,570.99
2019-08-30,,4.0,5.85,,,566.45,572.89
2019-08-31,99.19389058,4.0,5.85,12.99591665,20506375.4555698,567.66,575.16
2019-09-01,,4.0,5.85,,,567.66,575.16
2019-09-02,,4.0,5.85,,,567.66,575.16
2019-09-03,,4.0,5.85,,,568.57,577.15
2019-09-04,,4.0,5.85,,,573.02,579.59
2019-09-05,,4.0,5.7,,,574.08,580.82
2019-09-06,,4.0,5.7,,,576.2,582.67
2019-09-07,,4.0,5.7,,,575.05,581.13
2019-09-08,,4.0,5.7,,,575.05,581.13
2019-09-09,,4.0,5.7,,,575.05,581.13
2019-09-10,,4.0,5.7,,,573.58,579.79
2019-09-11,,4.0,5.7,,,571.93,577.96
2019-09-12,,4.0,5.75,,,571.18,577.28
2019-09-13,,4.0,5.75,,,572.08,578.83
2019-09-14,,4.0,5.75,,,572.43,579.66
2019-09-15,,4.0,5.75,,,572.43,579.66
2019-09-16,,4.0,5.75,,,572.43,579.66
2019-09-17,,4.0,5.75,,,572.98,580.49
2019-09-18,,4.0,5.75,,,574.73,580.77
2019-09-19,,3.75,5.65,,,574.83,582.0
2019-09-20,,3.75,5.65,,,576.05,583.55
2019-09-21,,3.75,5.65,,,576.71,583.86
2019-09-22,,3.75,5.65,,,576.71,583.86
2019-09-23,,3.75,5.65,,,576.71,583.86
2019-09-24,,3.75,5.65,,,578.31,585.06
2019-09-25,,3.75,5.65,,,579.57,585.84
2019-09-26,,3.75,5.7,,,578.67,585.43
2019-09-27,,3.75,5.7,,,578.99,584.74
2019-09-28,,3.75,5.7,,,577.93,583.88
2019-09-29,,3.75,5.7,,,577.93,583.88
2019-09-30,99.09749405,3.75,5.7,12.07802007,20654718.6512218,577.93,583.88
2019-10-01,,3.75,5.7,,,576.58,583.46
2019-10-02,,3.75,5.7,,,576.29,583.23
2019-10-03,,3.75,5.65,,,577.82,585.11
2019-10-04,,3.75,5.65,,,579.41,585.76
2019-10-05,,3.75,5.65,,,578.1,585.88
2019-10-06,,3.75,5.65,,,578.1,585.88
2019-10-07,,3.75,5.65,,,578.1,585.88
2019-10-08,,3.75,5.65,,,577.42,585.11
2019-10-09,,3.75,5.65,,,578.1,584.46
2019-10-10,,3.75,5.65,,,578.5,583.98
2019-10-11,,3.75,5.65,,,578.28,583.69
2019-10-12,,3.75,5.65,,,576.37,583.57
2019-10-13,,3.75,5.65,,,576.37,583.57
2019-10-14,,3.75,5.65,,,576.37,583.57
2019-10-15,,3.75,5.65,,,574.86,581.85
2019-10-16,,3.75,5.65,,,574.45,580.84
2019-10-17,,3.75,5.55,,,576.41,582.42
2019-10-18,,3.75,5.55,,,575.95,582.66
2019-10-19,,3.75,5.55,,,577.13,583.79
2019-10-20,,3.75,5.55,,,577.13,583.79
2019-10-21,,3.75,5.55,,,577.13,583.79
2019-10-22,,3.75,5.55,,,578.93,585.42
2019-10-23,,3.75,5.55,,,577.82,585.88
2019-10-24,,3.75,5.65,,,579.2,586.0
2019-10-25,,3.75,5.65,,,581.49,586.66
2019-10-26,,3.75,5.65,,,579.25,585.91
2019-10-27,,3.75,5.65,,,579.25,585.91
2019-10-28,,3.75,5.65,,,579.25,585.91
2019-10-29,,3.75,5.65,,,578.1,584.91
2019-10-30,,3.75,5.65,,,579.36,585.31
2019-10-31,99.02479793,3.25,5.65,12.36245733,20791147.0564599,579.86,585.39
2019-11-01,,3.25,5.65,,,581.05,585.89
2019-11-02,,3.25,5.65,,,580.34,587.5
2019-11-03,,3.25,5.65,,,580.34,587.5
2019-11-04,,3.25,5.65,,,580.34,587.5
2019-11-05,,3.25,5.65,,,578.86,587.75
2019-11-06,,3.25,5.65,,,581.08,587.94
2019-11-07,,3.25,5.5,,,581.66,588.06
2019-11-08,,3.25,5.5,,,581.61,586.18
2019-11-09,,3.25,5.5,,,579.76,586.21
2019-11-10,,3.25,5.5,,,579.76,586.21
2019-11-11,,3.25,5.5,,,579.76,586.21
2019-11-12,,3.25,5.5,,,578.69,585.86
2019-11-13,,3.25,5.5,,,577.98,584.69
2019-11-14,,3.25,5.6,,,577.49,583.26
2019-11-15,,3.25,5.6,,,576.19,582.36
2019-11-16,,3.25,5.6,,,573.76,579.99
2019-11-17,,3.25,5.6,,,573.76,579.99
2019-11-18,,3.25,5.6,,,573.76,579.99
2019-11-19,,3.25,5.6,,,570.97,578.48
2019-11-20,,3.25,5.6,,,569.76,576.44
2019-11-21,,3.25,5.6,,,569.74,576.71
2019-11-22,,3.25,5.6,,,568.17,573.72
2019-11-23,,3.25,5.6,,,565.43,571.8
2019-11-24,,3.25,5.6,,,565.43,571.8
2019-11-25,,3.25,5.6,,,565.43,571.8
2019-11-26,,3.25,5.6,,,562.54,571.23
2019-11-27,,3.25,5.6,,,561.57,567.77
2019-11-28,,3.25,5.65,,,560.45,566.37
2019-11-29,,3.25,5.65,,,559.83,566.56
2019-11-30,99.23168932,3.25,5.65,12.62184008,20563158.6226999,558.9,565.89
2019-12-01,,3.25,5.65,,,558.9,565.89
2019-12-02,,3.25,5.65,,,558.9,565.89
2019-12-03,,3.25,5.65,,,560.22,567.65
2019-12-04,,3.25,5.65,,,563.53,572.01
2019-12-05,,3.25,5.55,,,563.99,571.81
2019-12-06,,3.25,5.55,,,566.91,573.19
2019-12-07,,3.25,5.55,,,565.08,572.22
2019-12-08,,3.25,5.55,,,565.08,572.22
2019-12-09,,3.25,5.55,,,565.08,572.22
2019-12-10,,3.25,5.55,,,565.59,572.08
2019-12-11,,3.25,5.55,,,567.59,573.52
2019-12-12,,3.25,5.55,,,567.6,574.59
2019-12-13,,3.25,5.55,,,566.61,572.52
2019-12-14,,3.25,5.55,,,563.73,570.76
2019-12-15,,3.25,5.55,,,563.73,570.76
2019-12-16,,3.25,5.55,,,563.73,570.76
2019-12-17,,3.25,5.55,,,562.33,570.05
2019-12-18,,3.25,5.55,,,562.52,569.16
2019-12-19,,2.75,5.7,,,563.65,569.29
2019-12-20,,2.75,5.7,,,562.52,569.89
2019-12-21,,2.75,5.7,,,563.21,569.57
2019-12-22,,2.75,5.7,,,563.21,569.57
2019-12-23,,2.75,5.7,,,563.21,569.57
2019-12-24,,2.75,5.7,,,564.72,571.81
2019-12-25,,2.75,5.7,,,568.49,574.93
2019-12-26,,2.75,5.75,,,568.49,574.93
2019-12-27,,2.75,5.75,,,569.34,575.66
2019-12-28,,2.75,5.75,,,569.93,575.56
2019-12-29,,2.75,5.75,,,569.93,575.56
2019-12-30,,2.75,5.75,,,569.93,575.56
2019-12-31,99.11544567,2.75,5.75,11.11889791,20706226.9976942,570.09,576.49
2020-01-01,,2.75,5.75,,,570.09,576.49
2020-01-02,,2.75,5.75,,,570.09,576.49
2020-01-03,,2.75,5.75,,,569.5,576.3
2020-01-04,,2.75,5.75,,,569.37,576.24
2020-01-05,,2.75,5.75,,,569.37,576.24
2020-01-06,,2.75,5.75,,,569.37,576.24
2020-01-07,,2.75,5.75,,,567.47,576.37
2020-01-08,,2.75,5.75,,,569.58,576.72
2020-01-09,,2.75,5.7,,,569.47,576.74
2020-01-10,,2.75,5.7,,,569.84,576.49
2020-01-11,,2.75,5.7,,,568.61,575.93
2020-01-12,,2.75,5.7,,,568.61,575.93
2020-01-13,,2.75,5.7,,,568.61,575.93
2020-01-14,,2.75,5.7,,,566.59,573.34
2020-01-15,,2.75,5.7,,,565.82,572.01
2020-01-16,,2.75,5.75,,,564.67,570.74
2020-01-17,,2.75,5.75,,,563.37,569.43
2020-01-18,,2.75,5.75,,,561.47,568.43
2020-01-19,,2.75,5.75,,,561.47,568.43
2020-01-20,,2.75,5.75,,,561.47,568.43
2020-01-21,,2.75,5.75,,,561.54,568.42
2020-01-22,,2.75,5.75,,,563.46,570.32
2020-01-23,,2.75,5.75,,,565.35,572.03
2020-01-24,,2.75,5.75,,,567.19,573.61
2020-01-25,,2.75,5.75,,,566.44,573.51
2020-01-26,,2.75,5.75,,,566.44,573.51
2020-01-27,,2.75,5.75,,,566.44,573.51
2020-01-28,,2.75,5.75,,,565.53,573.13
2020-01-29,,2.75,5.75,,,566.55,572.64
2020-01-30,,2.25,5.75,,,567.26,573.08
2020-01-31,99.2252436,2.25,5.75,14.11059088,20693605.1138134,567.06,573.36
2020-02-01,,2.25,5.75,,,566.38,573.61
2020-02-02,,2.25,5.75,,,566.38,573.61
2020-02-03,,2.25,5.75,,,566.38,573.61
2020-02-04,,2.25,5.75,,,567.47,576.12
2020-02-05,,2.25,5.75,,,571.5,578.69
2020-02-06,,2.25,5.75,,,572.7,578.64
2020-02-07,,2.25,5.75,,,572.69,579.34
2020-02-08,,2.25,5.75,,,570.4,577.83
2020-02-09,,2.25,5.75,,,570.4,577.83
2020-02-10,,2.25,5.75,,,570.4,577.83
2020-02-11,,2.25,5.75,,,568.5,576.3
2020-02-12,,2.25,5.75,,,568.17,574.43
2020-02-13,,2.25,5.65,,,566.8,572.52
2020-02-14,,2.25,5.65,,,565.61,571.22
2020-02-15,,2.25,5.65,,,563.98,570.33
2020-02-16,,2.25,5.65,,,563.98,570.33
2020-02-17,,2.25,5.65,,,563.98,570.33
2020-02-18,,2.25,5.65,,,564.12,571.63
2020-02-19,,2.25,5.65,,,566.03,573.02
2020-02-20,,2.25,4.95,,,567.06,574.93
2020-02-21,,2.25,4.95,,,569.08,575.34
2020-02-22,,2.25,4.95,,,569.46,575.93
2020-02-23,,2.25,4.95,,,569.46,575.93
2020-02-24,,2.25,4.95,,,569.46,575.93
2020-02-25,,2.25,4.95,,,568.77,575.03
2020-02-26,,2.25,4.95,,,568.63,574.68
2020-02-27,,2.25,4.8,,,567.15,572.68
2020-02-28,,2.25,4.8,,,565.84,571.54
2020-02-29,99.50899301,2.25,4.8,13.67025751,20659403.4670496,565.87,572.33
2020-03-01,,2.25,4.8,,,565.87,572.33
2020-03-02,,2.25,4.8,,,565.87,572.33
2020-03-03,,2.25,4.8,,,566.37,574.39
2020-03-04,,2.25,4.8,,,569.08,576.37
2020-03-05,,2.25,4.5,,,569.61,578.08
2020-03-06,,2.25,4.5,,,569.7,576.57
2020-03-07,,2.25,4.5,,,566.21,573.35
2020-03-08,,2.25,4.5,,,566.21,573.35
2020-03-09,,2.25,4.5,,,566.21,573.35
2020-03-10,,2.25,4.5,,,565.13,572.37
2020-03-11,,2.25,4.5,,,564.57,570.25
2020-03-12,,2.25,4.5,,,561.7,567.42
2020-03-13,,2.25,4.5,,,562.21,568.0
2020-03-14,,2.25,4.5,,,560.66,567.68
2020-03-15,,2.25,4.5,,,560.66,567.68
2020-03-16,,2.25,4.5,,,560.66,567.68
2020-03-17,,1.25,4.5,,,560.75,568.32
2020-03-18,,1.25,4.5,,,563.22,568.7
2020-03-19,,1.25,4.35,,,563.38,569.74
2020-03-20,,1.25,4.35,,,564.8,570.64
2020-03-21,,1.25,4.35,,,565.64,573.56
2020-03-22,,1.25,4.35,,,565.64,573.56
2020-03-23,,1.25,4.35,,,565.64,573.56
2020-03-24,,1.25,4.35,,,569.54,576.98
2020-03-25,,1.25,4.35,,,572.33,579.7
2020-03-26,,1.25,4.15,,,575.42,582.05
2020-03-27,,1.25,4.15,,,577.33,583.83
2020-03-28,,1.25,4.15,,,577.9,585.5
2020-03-29,,1.25,4.15,,,577.9,585.5
2020-03-30,,1.25,4.15,,,577.9,585.5
2020-03-31,99.47891246,1.25,4.15,11.42807196,20918930.300701,579.5,587.37
2020-04-01,,1.25,4.15,,,577.1,583.71
2020-04-02,,1.25,3.8,,,573.19,580.08
2020-04-03,,1.25,3.8,,,570.94,577.96
2020-04-04,,1.25,3.8,,,567.3,575.49
2020-04-05,,1.25,3.8,,,567.3,575.49
2020-04-06,,1.25,3.8,,,567.3,575.49
2020-04-07,,1.25,3.8,,,568.25,574.45
2020-04-08,,1.25,3.8,,,568.55,575.12
2020-04-09,,1.25,3.8,,,568.55,575.12
2020-04-10,,1.25,3.8,,,568.55,575.12
2020-04-11,,1.25,3.8,,,568.55,575.12
2020-04-12,,1.25,3.8,,,568.55,575.12
2020-04-13,,1.25,3.8,,,568.55,575.12
2020-04-14,,1.25,3.8,,,566.35,573.07
2020-04-15,,1.25,3.8,,,564.13,569.29
2020-04-16,,1.25,3.75,,,561.28,567.52
2020-04-17,,1.25,3.75,,,559.65,565.54
2020-04-18,,1.25,3.75,,,558.99,565.11
2020-04-19,,1.25,3.75,,,558.99,565.11
2020-04-20,,1.25,3.75,,,558.99,565.11
2020-04-21,,1.25,3.75,,,562.97,569.18
2020-04-22,,1.25,3.75,,,564.29,571.9
2020-04-23,,1.25,3.8,,,564.68,571.09
2020-04-24,,1.25,3.8,,,564.38,569.03
2020-04-25,,1.25,3.8,,,562.93,570.07
2020-04-26,,1.25,3.8,,,562.93,570.07
2020-04-27,,1.25,3.8,,,562.93,570.07
2020-04-28,,1.25,3.8,,,563.35,569.75
2020-04-29,,1.25,3.8,,,564.88,571.09
2020-04-30,99.04023787,1.25,3.9,10.36435343,20670369.1364041,564.42,571.46
2020-05-01,,1.25,3.9,,,565.24,571.92
2020-05-02,,1.25,3.9,,,565.24,571.92
2020-05-03,,1.25,3.9,,,565.24,571.92
2020-05-04,,1.25,3.9,,,565.24,571.92
2020-05-05,,1.25,3.9,,,564.81,572.42
2020-05-06,,1.25,3.9,,,565.57,572.7
2020-05-07,,1.25,3.8,,,565.04,571.91
2020-05-08,,1.25,3.8,,,565.82,571.97
2020-05-09,,1.25,3.8,,,565.3,572.03
2020-05-10,,1.25,3.8,,,565.3,572.03
2020-05-11,,1.25,3.8,,,565.3,572.03
2020-05-12,,1.25,3.8,,,565.48,572.35
2020-05-13,,1.25,3.8,,,566.32,571.6
2020-05-14,,1.25,3.9,,,566.43,571.82
2020-05-15,,1.25,3.9,,,566.13,571.76
2020-05-16,,1.25,3.9,,,565.48,572.39
2020-05-17,,1.25,3.9,,,565.48,572.39
2020-05-18,,1.25,3.9,,,565.48,572.39
2020-05-19,,1.25,3.9,,,566.57,573.39
2020-05-20,,1.25,3.9,,,567.07,574.5
2020-05-21,,1.25,3.85,,,567.67,574.72
2020-05-22,,1.25,3.85,,,566.87,574.0
2020-05-23,,1.25,3.85,,,566.57,573.68
2020-05-24,,1.25,3.85,,,566.57,573.68
2020-05-25,,1.25,3.85,,,566.57,573.68
2020-05-26,,1.25,3.85,,,568.19,574.07
2020-05-27,,1.25,3.85,,,567.62,575.0
2020-05-28,,1.25,3.85,,,570.64,575.2
2020-05-29,,1.25,3.85,,,569.46,576.11
2020-05-30,,1.25,3.85,,,570.22,576.93
2020-05-31,98.8964457,1.25,3.85,11.32696272,20722863.1139264,570.22,576.93
2020-06-01,,1.25,3.85,,,570.22,576.93
2020-06-02,,1.25,3.85,,,571.29,579.35
2020-06-03,,1.25,3.85,,,573.19,581.02
2020-06-04,,1.25,3.8,,,574.66,582.02
2020-06-05,,1.25,3.8,,,573.68,582.45
2020-06-06,,1.25,3.8,,,574.99,582.87
2020-06-07,,1.25,3.8,,,574.99,582.87
2020-06-08,,1.25,3.8,,,574.99,582.87
2020-06-09,,1.25,3.8,,,575.7,583.72
2020-06-10,,1.25,3.8,,,577.25,584.02
2020-06-11,,1.25,3.9,,,576.9,583.14
2020-06-12,,1.25,3.9,,,574.5,580.61
2020-06-13,,1.25,3.9,,,571.42,578.83
2020-06-14,,1.25,3.9,,,571.42,578.83
2020-06-15,,1.25,3.9,,,571.42,578.83
2020-06-16,,1.25,3.9,,,571.04,577.88
2020-06-17,,1.25,3.9,,,571.33,577.79
2020-06-18,,0.75,3.85,,,573.23,579.18
2020-06-19,,0.75,3.85,,,574.26,579.62
2020-06-20,,0.75,3.85,,,570.26,579.72
2020-06-21,,0.75,3.85,,,570.26,579.72
2020-06-22,,0.75,3.85,,,570.26,579.72
2020-06-23,,0.75,3.85,,,574.06,580.13
2020-06-24,,0.75,3.85,,,573.31,580.86
2020-06-25,,0.75,3.95,,,576.33,582.26
2020-06-26,,0.75,3.95,,,576.83,582.92
2020-06-27,,0.75,3.95,,,577.49,583.67
2020-06-28,,0.75,3.95,,,577.49,583.67
2020-06-29,,0.75,3.95,,,577.49,583.67
2020-06-30,98.87534831,0.75,3.95,12.17936205,20779526.4354299,577.51,583.49
2020-07-01,,0.75,3.95,,,579.01,584.96
2020-07-02,,0.75,3.8,,,579.27,586.23
2020-07-03,,0.75,3.8,,,577.06,586.21
2020-07-04,,0.75,3.8,,,577.65,585.34
2020-07-05,,0.75,3.8,,,577.65,585.34
2020-07-06,,0.75,3.8,,,577.65,585.34
2020-07-07,,0.75,3.8,,,577.51,585.79
2020-07-08,,0.75,3.8,,,578.08,585.19
2020-07-09,,0.75,3.7,,,579.2,584.96
2020-07-10,,0.75,3.7,,,578.26,585.19
2020-07-11,,0.75,3.7,,,579.0,584.65
2020-07-12,,0.75,3.7,,,579.0,584.65
2020-07-13,,0.75,3.7,,,579.0,584.65
2020-07-14,,0.75,3.7,,,577.84,584.55
2020-07-15,,0.75,3.7,,,577.5,583.46
2020-07-16,,0.75,3.65,,,578.74,582.86
2020-07-17,,0.75,3.65,,,578.91,584.16
2020-07-18,,0.75,3.65,,,578.7,584.52
2020-07-19,,0.75,3.65,,,578.7,584.52
2020-07-20,,0.75,3.65,,,578.7,584.52
2020-07-21,,0.75,3.65,,,576.47,584.94
2020-07-22,,0.75,3.65,,,576.73,585.21
2020-07-23,,0.75,3.65,,,579.78,585.62
2020-07-24,,0.75,3.65,,,579.6,586.01
2020-07-25,,0.75,3.65,,,579.69,586.27
2020-07-26,,0.75,3.65,,,579.69,586.27
2020-07-27,,0.75,3.65,,,579.69,586.27
2020-07-28,,0.75,3.65,,,579.69,586.27
2020-07-29,,0.75,3.65,,,580.49,586.9
2020-07-30,,0.75,3.7,,,580.51,586.91
2020-07-31,99.12769234,0.75,3.7,10.00594094,20809795.9175041,582.15,588.33
2020-08-01,,0.75,3.7,,,582.41,590.74
2020-08-02,,0.75,3.7,,,582.41,590.74
2020-08-03,,0.75,3.7,,,582.41,590.74
2020-08-04,,0.75,3.7,,,584.23,592.22
2020-08-05,,0.75,3.7,,,586.65,594.44
2020-08-06,,0.75,3.6,,,588.12,595.21
2020-08-07,,0.75,3.6,,,588.7,596.17
2020-08-08,,0.75,3.6,,,588.22,595.91
2020-08-09,,0.75,3.6,,,588.22,595.91
2020-08-10,,0.75,3.6,,,588.22,595.91
2020-08-11,,0.75,3.6,,,590.69,598.21
2020-08-12,,0.75,3.6,,,592.54,599.13
2020-08-13,,0.75,3.65,,,594.48,600.11
2020-08-14,,0.75,3.65,,,592.81,598.23
2020-08-15,,0.75,3.65,,,591.44,598.28
2020-08-16,,0.75,3.65,,,591.44,598.28
2020-08-17,,0.75,3.65,,,591.44,598.28
2020-08-18,,0.75,3.65,,,591.44,598.28
2020-08-19,,0.75,3.65,,,591.38,597.97
2020-08-20,,0.75,3.6,,,591.69,597.82
2020-08-21,,0.75,3.6,,,588.34,596.42
2020-08-22,,0.75,3.6,,,588.38,595.58
2020-08-23,,0.75,3.6,,,588.38,595.58
2020-08-24,,0.75,3.6,,,588.38,595.58
2020-08-25,,0.75,3.6,,,588.04,596.93
2020-08-26,,0.75,3.6,,,591.52,597.21
2020-08-27,,0.75,3.65,,,591.61,598.31
2020-08-28,,0.75,3.65,,,591.43,597.66
2020-08-29,,0.75,3.65,,,590.21,598.0
2020-08-30,,0.75,3.65,,,590.21,598.0
2020-08-31,99.12368658,0.75,3.65,10.14562704,20907050.8883706,590.21,598.0
2020-09-01,,0.75,3.65,,,592.02,598.03
2020-09-02,,0.75,3.65,,,593.12,599.44
2020-09-03,,0.75,3.5,,,593.21,600.18
2020-09-04,,0.75,3.5,,,594.1,600.8
2020-09-05,,0.75,3.5,,,595.36,600.52
2020-09-06,,0.75,3.5,,,595.36,600.52
2020-09-07,,0.75,3.5,,,595.36,600.52
2020-09-08,,0.75,3.5,,,594.61,601.42
2020-09-09,,0.75,3.5,,,592.96,601.59
2020-09-10,,0.75,3.5,,,595.7,600.5
2020-09-11,,0.75,3.5,,,592.43,599.08
2020-09-12,,0.75,3.5,,,590.92,597.43
2020-09-13,,0.75,3.5,,,590.92,597.43
2020-09-14,,0.75,3.5,,,590.92,597.43
2020-09-15,,0.75,3.5,,,590.92,597.43
2020-09-16,,0.75,3.5,,,591.9,598.32
2020-09-17,,0.75,3.5,,,593.8,599.47
2020-09-18,,0.75,3.5,,,594.8,599.86
2020-09-19,,0.75,3.5,,,594.93,601.51
2020-09-20,,0.75,3.5,,,594.93,601.51
2020-09-21,,0.75,3.5,,,594.93,601.51
2020-09-22,,0.75,3.5,,,595.02,602.45
2020-09-23,,0.75,3.5,,,596.9,603.17
2020-09-24,,0.75,3.45,,,596.58,604.16
2020-09-25,,0.75,3.45,,,598.25,604.1
2020-09-26,,0.75,3.45,,,598.65,604.47
2020-09-27,,0.75,3.45,,,598.65,604.47
2020-09-28,,0.75,3.45,,,598.65,604.47
2020-09-29,,0.75,3.45,,,599.38,606.1
2020-09-30,99.39375881,0.75,3.45,9.16220966,21060272.6841303,600.45,606.68
2020-10-01,,0.75,3.3,,,601.71,607.93
2020-10-02,,0.75,3.3,,,599.16,605.8
2020-10-03,,0.75,3.3,,,597.16,604.9
2020-10-04,,0.75,3.3,,,597.16,604.9
2020-10-05,,0.75,3.3,,,597.16,604.9
2020-10-06,,0.75,3.3,,,597.97,603.93
2020-10-07,,0.75,3.3,,,599.1,605.69
2020-10-08,,0.75,3.25,,,598.82,605.55
2020-10-09,,0.75,3.25,,,599.55,605.34
2020-10-10,,0.75,3.25,,,597.61,605.19
2020-10-11,,0.75,3.25,,,597.61,605.19
2020-10-12,,0.75,3.25,,,597.61,605.19
2020-10-13,,0.75,3.25,,,598.44,605.38
2020-10-14,,0.75,3.25,,,599.36,605.69
2020-10-15,,0.75,3.3,,,600.71,606.24
2020-10-16,,0.75,3.3,,,599.66,605.75
2020-10-17,,0.75,3.3,,,599.53,605.24
2020-10-18,,0.75,3.3,,,599.53,605.24
2020-10-19,,0.75,3.3,,,599.53,605.24
2020-10-20,,0.75,3.3,,,599.14,605.6
2020-10-21,,0.75,3.3,,,598.03,606.11
2020-10-22,,0.75,3.3,,,599.2,606.95
2020-10-23,,0.75,3.3,,,600.03,606.91
2020-10-24,,0.75,3.3,,,602.67,608.12
2020-10-25,,0.75,3.3,,,602.67,608.12
2020-10-26,,0.75,3.3,,,602.67,608.12
2020-10-27,,0.75,3.3,,,603.01,609.42
2020-10-28,,0.75,3.3,,,603.06,610.86
2020-10-29,,0.75,3.35,,,605.45,611.93
2020-10-30,,0.75,3.35,,,604.91,611.79
2020-10-31,99.47284192,0.75,3.35,9.66434215,21169372.6943264,604.74,612.92
2020-11-01,,0.75,3.35,,,604.74,612.92
2020-11-02,,0.75,3.35,,,604.74,612.92
2020-11-03,,0.75,3.35,,,605.74,614.07
2020-11-04,,0.75,3.35,,,607.11,614.55
2020-11-05,,0.75,3.25,,,606.63,614.28
2020-11-06,,0.75,3.25,,,608.5,615.24
2020-11-07,,0.75,3.25,,,608.06,615.48
2020-11-08,,0.75,3.25,,,608.06,615.48
2020-11-09,,0.75,3.25,,,608.06,615.48
2020-11-10,,0.75,3.25,,,609.19,616.41
2020-11-11,,0.75,3.25,,,608.9,616.58
2020-11-12,,0.75,3.35,,,610.85,616.32
2020-11-13,,0.75,3.35,,,609.39,614.28
2020-11-14,,0.75,3.35,,,606.51,613.41
2020-11-15,,0.75,3.35,,,606.51,613.41
2020-11-16,,0.75,3.35,,,606.51,613.41
2020-11-17,,0.75,3.35,,,605.21,612.02
2020-11-18,,0.75,3.35,,,604.11,610.62
2020-11-19,,0.75,3.4,,,603.72,609.46
2020-11-20,,0.75,3.4,,,601.1,605.99
2020-11-21,,0.75,3.4,,,597.0,603.63
2020-11-22,,0.75,3.4,,,597.0,603.63
2020-11-23,,0.75,3.4,,,597.0,603.63
2020-11-24,,0.75,3.4,,,596.95,602.44
2020-11-25,,0.75,3.4,,,595.48,603.54
2020-11-26,,0.75,3.4,,,597.87,605.66
2020-11-27,,0.75,3.4,,,602.49,608.4
2020-11-28,,0.75,3.4,,,600.18,608.79
2020-11-29,,0.75,3.4,,,600.18,608.79
2020-11-30,99.47432356,0.75,3.4,9.52831481,21167635.5539409,600.18,608.79
2020-12-01,,0.75,3.4,,,600.18,608.79
2020-12-02,,0.75,3.4,,,600.64,607.76
2020-12-03,,0.75,3.4,,,597.99,605.34
2020-12-04,,0.75,3.4,,,597.41,603.25
2020-12-05,,0.75,3.4,,,598.08,602.63
2020-12-06,,0.75,3.4,,,598.08,602.63
2020-12-07,,0.75,3.4,,,598.08,602.63
2020-12-08,,0.75,3.4,,,598.79,604.67
2020-12-09,,0.75,3.4,,,599.47,606.12
2020-12-10,,0.75,3.35,,,602.72,608.06
2020-12-11,,0.75,3.35,,,603.18,609.1
2020-12-12,,0.75,3.35,,,602.82,609.91
2020-12-13,,0.75,3.35,,,602.82,609.91
2020-12-14,,0.75,3.35,,,602.82,609.91
2020-12-15,,0.75,3.35,,,603.56,609.91
2020-12-16,,0.75,3.35,,,601.52,608.84
2020-12-17,,0.75,3.45,,,601.37,608.5
2020-12-18,,0.75,3.45,,,602.4,608.45
2020-12-19,,0.75,3.45,,,602.48,609.79
2020-12-20,,0.75,3.45,,,602.48,609.79
2020-12-21,,0.75,3.45,,,602.48,609.79
2020-12-22,,0.75,3.45,,,604.69,611.54
2020-12-23,,0.75,3.45,,,605.46,612.86
2020-12-24,,0.75,3.55,,,605.25,612.62
2020-12-25,,0.75,3.55,,,607.32,613.13
2020-12-26,,0.75,3.55,,,607.32,613.13
2020-12-27,,0.75,3.55,,,607.32,613.13
2020-12-28,,0.75,3.55,,,607.32,613.13
2020-12-29,,0.75,3.55,,,606.28,614.17
2020-12-30,,0.75,3.55,,,609.43,616.86
2020-12-31,100.0,0.75,3.5,9.27545973,21294574.864031,610.53,617.3
2021-01-01,,0.75,3.5,,,610.53,617.3
2021-01-02,,0.75,3.5,,,610.53,617.3
2021-01-03,,0.75,3.5,,,610.53,617.3
2021-01-04,,0.75,3.5,,,610.53,617.3
2021-01-05,,0.75,3.5,,,609.0,616.51
2021-01-06,,0.75,3.5,,,609.24,616.06
2021-01-07,,0.75,3.4,,,611.6,617.25
2021-01-08,,0.75,3.4,,,611.63,617.78
2021-01-09,,0.75,3.4,,,609.74,617.8
2021-01-10,,0.75,3.4,,,609.74,617.8
2021-01-11,,0.75,3.4,,,609.74,617.8
2021-01-12,,0.75,3.4,,,608.21,617.2
2021-01-13,,0.75,3.4,,,608.6,615.88
2021-01-14,,0.75,3.6,,,606.86,612.75
2021-01-15,,0.75,3.6,,,605.03,611.12
2021-01-16,,0.75,3.6,,,604.92,611.74
2021-01-17,,0.75,3.6,,,604.92,611.74
2021-01-18,,0.75,3.6,,,604.92,611.74
2021-01-19,,0.75,3.6,,,606.58,612.02
2021-01-20,,0.75,3.6,,,606.13,612.89
2021-01-21,,0.75,3.5,,,606.5,613.69
2021-01-22,,0.75,3.5,,,608.07,614.06
2021-01-23,,0.75,3.5,,,606.29,614.59
2021-01-24,,0.75,3.5,,,606.29,614.59
2021-01-25,,0.75,3.5,,,606.29,614.59
2021-01-26,,0.75,3.5,,,609.98,614.92
2021-01-27,,0.75,3.5,,,610.29,615.55
2021-01-28,,0.75,3.55,,,609.55,615.98
2021-01-29,,0.75,3.55,,,609.68,616.01
2021-01-30,,0.75,3.55,,,608.93,616.16
2021-01-31,100.17693626,0.75,3.55,9.50417015,21230809.9164002,608.93,616.16
2021-02-01,,0.75,3.55,,,608.93,616.16
2021-02-02,,0.75,3.55,,,609.17,616.09
2021-02-03,,0.75,3.55,,,609.74,616.68
2021-02-04,,0.75,3.5,,,609.59,615.43
2021-02-05,,0.75,3.5,,,608.72,614.48
2021-02-06,,0.75,3.5,,,606.48,613.94
2021-02-07,,0.75,3.5,,,606.48,613.94
2021-02-08,,0.75,3.5,,,606.48,613.94
2021-02-09,,0.75,3.5,,,608.07,614.73
2021-02-10,,0.75,3.5,,,608.77,614.55
2021-02-11,,0.75,3.5,,,607.81,614.13
2021-02-12,,0.75,3.5,,,607.33,612.89
2021-02-13,,0.75,3.5,,,605.67,612.63
2021-02-14,,0.75,3.5,,,605.67,612.63
2021-02-15,,0.75,3.5,,,605.67,612.63
2021-02-16,,0.75,3.5,,,605.12,613.03
2021-02-17,,0.75,3.5,,,608.82,613.8
2021-02-18,,0.75,3.45,,,607.99,615.34
2021-02-19,,0.75,3.45,,,608.17,614.6
2021-02-20,,0.75,3.45,,,606.37,614.11
2021-02-21,,0.75,3.45,,,606.37,614.11
2021-02-22,,0.75,3.45,,,606.37,614.11
2021-02-23,,0.75,3.45,,,606.57,614.1
2021-02-24,,0.75,3.45,,,607.13,613.56
2021-02-25,,0.75,3.45,,,606.91,614.26
2021-02-26,,0.75,3.45,,,609.26,615.08
2021-02-27,,0.75,3.45,,,610.09,615.84
2021-02-28,99.92124453,0.75,3.45,10.53049636,21225484.0462737,610.09,615.84
2021-03-01,,0.75,3.45,,,610.09,615.84
2021-03-02,,0.75,3.45,,,609.54,616.48
2021-03-03,,0.75,3.45,,,610.08,615.81
2021-03-04,,0.75,3.45,,,607.96,615.43
2021-03-05,,0.75,3.45,,,607.96,615.08
2021-03-06,,0.75,3.45,,,607.19,614.22
2021-03-07,,0.75,3.45,,,607.19,614.22
2021-03-08,,0.75,3.45,,,607.19,614.22
2021-03-09,,0.75,3.45,,,607.37,613.27
2021-03-10,,0.75,3.45,,,605.24,613.18
2021-03-11,,0.75,3.4,,,606.63,612.27
2021-03-12,,0.75,3.4,,,606.71,612.54
2021-03-13,,0.75,3.4,,,606.62,612.82
2021-03-14,,0.75,3.4,,,606.62,612.82
2021-03-15,,0.75,3.4,,,606.62,612.82
2021-03-16,,0.75,3.4,,,606.0,612.66
2021-03-17,,0.75,3.4,,,607.8,612.89
2021-03-18,,0.75,3.4,,,607.43,613.58
2021-03-19,,0.75,3.4,,,607.84,612.89
2021-03-20,,0.75,3.4,,,606.13,613.28
2021-03-21,,0.75,3.4,,,606.13,613.28
2021-03-22,,0.75,3.4,,,606.13,613.28
2021-03-23,,0.75,3.4,,,605.14,613.78
2021-03-24,,0.75,3.4,,,608.24,614.15
2021-03-25,,0.75,3.4,,,609.81,615.43
2021-03-26,,0.75,3.4,,,609.35,615.66
2021-03-27,,0.75,3.4,,,608.55,616.33
2021-03-28,,0.75,3.4,,,608.55,616.33
2021-03-29,,0.75,3.4,,,608.55,616.33
2021-03-30,,0.75,3.4,,,607.45,616.24
2021-03-31,99.94918118,0.75,3.4,9.58540768,21266421.6134139,610.29,615.81
2021-04-01,,0.75,3.35,,,608.16,615.13
2021-04-02,,0.75,3.35,,,608.16,615.13
2021-04-03,,0.75,3.35,,,608.16,615.13
2021-04-04,,0.75,3.35,,,608.16,615.13
2021-04-05,,0.75,3.35,,,608.16,615.13
2021-04-06,,0.75,3.35,,,607.12,615.26
2021-04-07,,0.75,3.35,,,606.94,614.27
2021-04-08,,0.75,3.2,,,608.74,614.78
2021-04-09,,0.75,3.2,,,609.46,614.68
2021-04-10,,0.75,3.2,,,608.16,615.45
2021-04-11,,0.75,3.2,,,608.16,615.45
2021-04-12,,0.75,3.2,,,608.16,615.45
2021-04-13,,0.75,3.2,,,606.99,616.03
2021-04-14,,0.75,3.2,,,609.24,615.13
2021-04-15,,0.75,3.25,,,609.64,615.09
2021-04-16,,0.75,3.25,,,609.31,615.35
2021-04-17,,0.75,3.25,,,609.97,615.84
2021-04-18,,0.75,3.25,,,609.97,615.84
2021-04-19,,0.75,3.25,,,609.97,615.84
2021-04-20,,0.75,3.25,,,610.29,615.98
2021-04-21,,0.75,3.25,,,609.94,616.6
2021-04-22,,0.75,3.25,,,612.9,617.21
2021-04-23,,0.75,3.25,,,612.41,618.49
2021-04-24,,0.75,3.25,,,611.52,619.1
2021-04-25,,0.75,3.25,,,611.52,619.1
2021-04-26,,0.75,3.25,,,611.52,619.1
2021-04-27,,0.75,3.25,,,613.42,619.9
2021-04-28,,0.75,3.25,,,612.49,620.1
2021-04-29,,0.75,3.3,,,614.73,621.67
2021-04-30,100.23846188,0.75,3.3,10.37135914,21325889.3461495,613.35,619.44
2021-05-01,,0.75,3.3,,,611.08,616.92
2021-05-02,,0.75,3.3,,,611.08,616.92
2021-05-03,,0.75,3.3,,,611.08,616.92
2021-05-04,,0.75,3.3,,,611.08,616.92
2021-05-05,,0.75,3.3,,,609.42,617.73
2021-05-06,,0.75,3.2,,,609.3,618.26
2021-05-07,,0.75,3.2,,,613.44,618.81
2021-05-08,,0.75,3.2,,,612.79,618.72
2021-05-09,,0.75,3.2,,,612.79,618.72
2021-05-10,,0.75,3.2,,,612.79,618.72
2021-05-11,,0.75,3.2,,,611.95,618.97
2021-05-12,,0.75,3.2,,,611.97,618.31
2021-05-13,,0.75,3.2,,,613.29,618.02
2021-05-14,,0.75,3.2,,,611.39,617.49
2021-05-15,,0.75,3.2,,,609.82,616.06
2021-05-16,,0.75,3.2,,,609.82,616.06
2021-05-17,,0.75,3.2,,,609.82,616.06
2021-05-18,,0.75,3.2,,,610.79,617.38
2021-05-19,,0.75,3.2,,,612.08,619.5
2021-05-20,,0.75,3.15,,,613.54,619.61
2021-05-21,,0.75,3.15,,,611.16,620.34
2021-05-22,,0.75,3.15,,,613.11,620.02
2021-05-23,,0.75,3.15,,,613.11,620.02
2021-05-24,,0.75,3.15,,,613.11,620.02
2021-05-25,,0.75,3.15,,,614.15,620.0
2021-05-26,,0.75,3.15,,,614.26,619.92
2021-05-27,,0.75,3.2,,,613.79,621.08
2021-05-28,,0.75,3.2,,,614.87,620.04
2021-05-29,,0.75,3.2,,,613.22,620.24
2021-05-30,,0.75,3.2,,,613.22,620.24
2021-05-31,100.22344407,0.75,3.2,9.08045737,21334762.1159656,613.22,620.24
2021-06-01,,0.75,3.2,,,613.03,621.39
2021-06-02,,0.75,3.2,,,614.7,621.99
2021-06-03,,0.75,3.2,,,614.82,621.72
2021-06-04,,0.75,3.2,,,613.87,620.81
2021-06-05,,0.75,3.2,,,613.32,620.64
2021-06-06,,0.75,3.2,,,613.32,620.64
2021-06-07,,0.75,3.2,,,613.32,620.64
2021-06-08,,0.75,3.2,,,613.47,621.1
2021-06-09,,0.75,3.2,,,614.13,621.04
2021-06-10,,0.75,3.2,,,614.07,621.13
2021-06-11,,0.75,3.2,,,614.8,620.54
2021-06-12,,0.75,3.2,,,614.1,620.21
2021-06-13,,0.75,3.2,,,614.1,620.21
2021-06-14,,0.75,3.2,,,614.1,620.21
2021-06-15,,0.75,3.2,,,614.39,619.9
2021-06-16,,0.75,3.2,,,612.63,618.65
2021-06-17,,0.75,3.2,,,614.07,619.77
2021-06-18,,0.75,3.2,,,614.07,620.3
2021-06-19,,0.75,3.2,,,614.04,621.02
2021-06-20,,0.75,3.2,,,614.04,621.02
2021-06-21,,0.75,3.2,,,614.04,621.02
2021-06-22,,0.75,3.2,,,613.84,621.16
2021-06-23,,0.75,3.2,,,613.89,621.41
2021-06-24,,0.75,3.2,,,616.7,622.1
2021-06-25,,0.75,3.2,,,615.79,621.39
2021-06-26,,0.75,3.2,,,614.23,620.67
2021-06-27,,0.75,3.2,,,614.23,620.67
2021-06-28,,0.75,3.2,,,614.23,620.67
2021-06-29,,0.75,3.2,,,614.9,621.83
2021-06-30,100.76192321,0.75,3.2,8.83909395,21355617.4086756,615.25,621.92
2021-07-01,,0.75,3.25,,,615.47,621.88
2021-07-02,,0.75,3.25,,,615.82,622.51
2021-07-03,,0.75,3.25,,,614.62,621.94
2021-07-04,,0.75,3.25,,,614.62,621.94
2021-07-05,,0.75,3.25,,,614.62,621.94
2021-07-06,,0.75,3.25,,,615.5,621.97
2021-07-07,,0.75,3.25,,,614.5,622.34
2021-07-08,,0.75,3.15,,,616.31,623.31
2021-07-09,,0.75,3.15,,,618.14,623.6
2021-07-10,,0.75,3.15,,,617.97,623.6
2021-07-11,,0.75,3.15,,,617.97,623.6
2021-07-12,,0.75,3.15,,,617.97,623.6
2021-07-13,,0.75,3.15,,,616.19,622.75
2021-07-14,,0.75,3.15,,,615.01,621.07
2021-07-15,,0.75,3.15,,,615.43,620.24
2021-07-16,,0.75,3.15,,,615.16,621.43
2021-07-17,,0.75,3.15,,,614.67,621.39
2021-07-18,,0.75,3.15,,,614.67,621.39
2021-07-19,,0.75,3.15,,,614.67,621.39
2021-07-20,,0.75,3.15,,,613.56,621.92
2021-07-21,,0.75,3.15,,,617.15,621.43
2021-07-22,,0.75,3.15,,,614.45,620.18
2021-07-23,,0.75,3.15,,,615.07,621.57
2021-07-24,,0.75,3.15,,,615.42,621.69
2021-07-25,,0.75,3.15,,,615.42,621.69
2021-07-26,,0.75,3.15,,,615.42,621.69
2021-07-27,,0.75,3.15,,,615.42,621.69
2021-07-28,,0.75,3.15,,,614.47,622.22
2021-07-29,,0.75,3.2,,,616.66,623.02
2021-07-30,,0.75,3.2,,,617.93,623.17
2021-07-31,100.55491276,0.75,3.2,9.87867181,21393976.1592027,616.89,622.98
2021-08-01,,0.75,3.2,,,616.89,622.98
2021-08-02,,0.75,3.2,,,616.89,622.98
2021-08-03,,0.75,3.2,,,616.89,622.98
2021-08-04,,0.75,3.2,,,616.78,623.78
2021-08-05,,0.75,3.1,,,617.14,623.53
2021-08-06,,0.75,3.1,,,615.68,623.23
2021-08-07,,0.75,3.1,,,616.39,623.02
2021-08-08,,0.75,3.1,,,616.39,623.02
2021-08-09,,0.75,3.1,,,616.39,623.02
2021-08-10,,0.75,3.1,,,616.79,624.05
2021-08-11,,0.75,3.1,,,618.41,623.84
2021-08-12,,0.75,3.0,,,618.64,624.39
2021-08-13,,0.75,3.0,,,618.01,623.17
2021-08-14,,0.75,3.0,,,615.49,622.37
2021-08-15,,0.75,3.0,,,615.49,622.37
2021-08-16,,0.75,3.0,,,615.49,622.37
2021-08-17,,0.75,3.0,,,615.83,622.17
2021-08-18,,0.75,3.0,,,616.7,622.47
2021-08-19,,0.75,2.95,,,616.73,622.72
2021-08-20,,0.75,2.95,,,616.31,622.4
2021-08-21,,0.75,2.95,,,615.97,622.85
2021-08-22,,0.75,2.95,,,615.97,622.85
2021-08-23,,0.75,2.95,,,615.97,622.85
2021-08-24,,0.75,2.95,,,616.95,623.53
2021-08-25,,0.75,2.95,,,619.55,624.25
2021-08-26,,0.75,3.0,,,619.36,625.14
2021-08-27,,0.75,3.0,,,620.29,625.43
2021-08-28,,0.75,3.0,,,619.7,625.78
2021-08-29,,0.75,3.0,,,619.7,625.78
2021-08-30,,0.75,3.0,,,619.7,625.78
2021-08-31,100.83323018,0.75,3.0,9.90212293,21487994.4521198,619.83,626.46
2021-09-01,,0.75,3.0,,,619.72,627.04
2021-09-02,,0.75,2.9,,,620.94,627.41
2021-09-03,,0.75,2.9,,,619.1,627.62
2021-09-04,,0.75,2.9,,,619.6,627.12
2021-09-05,,0.75,2.9,,,619.6,627.12
2021-09-06,,0.75,2.9,,,619.6,627.12
2021-09-07,,0.75,2.9,,,620.69,627.53
2021-09-08,,0.75,2.9,,,621.16,627.91
2021-09-09,,0.75,2.9,,,623.32,629.01
2021-09-10,,0.75,2.9,,,623.92,630.41
2021-09-11,,0.75,2.9,,,622.56,628.89
2021-09-12,,0.75,2.9,,,622.56,628.89
2021-09-13,,0.75,2.9,,,622.56,628.89
2021-09-14,,0.75,2.9,,,622.56,628.89
2021-09-15,,0.75,2.9,,,621.04,627.47
2021-09-16,,0.75,2.85,,,621.28,627.09
2021-09-17,,0.75,2.85,,,620.82,627.31
2021-09-18,,0.75,2.85,,,619.94,626.87
2021-09-19,,0.75,2.85,,,619.94,626.87
2021-09-20,,0.75,2.85,,,619.94,626.87
2021-09-21,,0.75,2.85,,,621.68,627.01
2021-09-22,,0.75,2.85,,,619.6,627.44
2021-09-23,,0.75,2.85,,,621.03,628.5
2021-09-24,,0.75,2.85,,,623.65,628.79
2021-09-25,,0.75,2.85,,,622.8,628.67
2021-09-26,,0.75,2.85,,,622.8,628.67
2021-09-27,,0.75,2.85,,,622.8,628.67
2021-09-28,,0.75,2.85,,,622.49,628.96
2021-09-29,,0.75,2.85,,,623.3,629.41
2021-09-30,101.46746807,0.75,2.9,9.58020507,21573435.9891491,623.24,629.71
2021-10-01,,0.75,2.9,,,623.12,630.28
2021-10-02,,0.75,2.9,,,622.95,629.95
2021-10-03,,0.75,2.9,,,622.95,629.95
2021-10-04,,0.75,2.9,,,622.95,629.95
2021-10-05,,0.75,2.9,,,622.72,629.65
2021-10-06,,0.75,2.9,,,621.08,629.12
2021-10-07,,0.75,2.8,,,623.72,630.13
2021-10-08,,0.75,2.8,,,625.17,630.43
2021-10-09,,0.75,2.8,,,625.26,631.11
2021-10-10,,0.75,2.8,,,625.26,631.11
2021-10-11,,0.75,2.8,,,625.26,631.11
2021-10-12,,0.75,2.8,,,625.0,631.62
2021-10-13,,0.75,2.8,,,623.91,631.67
2021-10-14,,0.75,2.8,,,626.21,631.79
2021-10-15,,0.75,2.8,,,624.74,632.14
2021-10-16,,0.75,2.8,,,625.33,631.9
2021-10-17,,0.75,2.8,,,625.33,631.9
2021-10-18,,0.75,2.8,,,625.33,631.9
2021-10-19,,0.75,2.8,,,624.0,631.96
2021-10-20,,0.75,2.8,,,626.35,632.36
2021-10-21,,0.75,2.8,,,625.82,632.68
2021-10-22,,0.75,2.8,,,627.52,633.75
2021-10-23,,0.75,2.8,,,627.22,634.51
2021-10-24,,0.75,2.8,,,627.22,634.51
2021-10-25,,0.75,2.8,,,627.22,634.51
2021-10-26,,0.75,2.8,,,629.54,635.08
2021-10-27,,0.75,2.8,,,630.99,636.59
2021-10-28,,0.75,2.8,,,633.38,640.1
2021-10-29,,0.75,2.8,,,634.69,641.69
2021-10-30,,0.75,2.8,,,634.69,641.84
2021-10-31,101.96356227,0.75,2.8,8.99926627,21859497.0690284,634.69,641.84
2021-11-01,,0.75,2.8,,,634.69,641.84
2021-11-02,,0.75,2.8,,,634.26,642.76
2021-11-03,,0.75,2.8,,,635.73,642.62
2021-11-04,,0.75,2.75,,,635.27,643.13
2021-11-05,,0.75,2.75,,,637.0,643.33
2021-11-06,,0.75,2.75,,,637.34,643.51
2021-11-07,,0.75,2.75,,,637.34,643.51
2021-11-08,,0.75,2.75,,,637.34,643.51
2021-11-09,,0.75,2.75,,,635.08,644.05
2021-11-10,,0.75,2.75,,,637.82,644.96
2021-11-11,,0.75,2.85,,,638.56,644.95
2021-11-12,,0.75,2.85,,,639.34,645.13
2021-11-13,,0.75,2.85,,,638.21,645.47
2021-11-14,,0.75,2.85,,,638.21,645.47
2021-11-15,,0.75,2.85,,,638.21,645.47
2021-11-16,,0.75,2.85,,,636.36,643.1
2021-11-17,,0.75,2.85,,,635.07,641.58
2021-11-18,,0.75,2.8,,,635.72,642.26
2021-11-19,,0.75,2.8,,,635.35,641.11
2021-11-20,,0.75,2.8,,,632.71,640.51
2021-11-21,,0.75,2.8,,,632.71,640.51
2021-11-22,,0.75,2.8,,,632.71,640.51
2021-11-23,,0.75,2.8,,,633.37,640.49
2021-11-24,,0.75,2.8,,,631.76,639.19
2021-11-25,,0.75,2.9,,,632.48,638.71
2021-11-26,,0.75,2.9,,,628.59,633.91
2021-11-27,,0.75,2.9,,,626.56,632.2
2021-11-28,,0.75,2.9,,,626.56,632.2
2021-11-29,,0.75,2.9,,,626.56,632.2
2021-11-30,102.80237964,0.75,2.9,9.35801519,21872420.872411,626.56,632.2
2021-12-01,,0.75,2.9,,,626.15,632.93
2021-12-02,,0.75,2.8,,,626.64,633.68
2021-12-03,,0.75,2.8,,,627.61,634.32
2021-12-04,,0.75,2.8,,,628.74,636.04
2021-12-05,,0.75,2.8,,,628.74,636.04
2021-12-06,,0.75,2.8,,,628.74,636.04
2021-12-07,,0.75,2.8,,,631.77,638.64
2021-12-08,,0.75,2.8,,,632.86,641.17
2021-12-09,,0.75,2.8,,,636.78,642.65
2021-12-10,,0.75,2.8,,,636.19,642.86
2021-12-11,,0.75,2.8,,,635.94,641.96
2021-12-12,,0.75,2.8,,,635.94,641.96
2021-12-13,,0.75,2.8,,,635.94,641.96
2021-12-14,,0.75,2.8,,,634.7,641.3
2021-12-15,,0.75,2.8,,,636.01,642.49
2021-12-16,,1.25,2.9,,,634.44,642.19
2021-12-17,,1.25,2.9,,,633.84,640.82
2021-12-18,,1.25,2.9,,,634.09,640.95
2021-12-19,,1.25,2.9,,,634.09,640.95
2021-12-20,,1.25,2.9,,,634.09,640.95
2021-12-21,,1.25,2.9,,,634.11,642.06
2021-12-22,,1.25,2.9,,,638.13,645.49
2021-12-23,,1.25,3.0,,,639.72,646.33
2021-12-24,,1.25,3.0,,,638.05,645.47
2021-12-25,,1.25,3.0,,,637.85,643.82
2021-12-26,,1.25,3.0,,,637.85,643.82
2021-12-27,,1.25,3.0,,,637.85,643.82
2021-12-28,,1.25,3.0,,,638.13,644.09
2021-12-29,,1.25,3.0,,,638.94,644.83
2021-12-30,,1.25,2.9,,,638.75,644.91
2021-12-31,103.29890791,1.25,2.9,8.27188719,22118800.2899998,639.06,645.25
2022-01-01,,1.25,2.9,,,639.06,645.25
2022-01-02,,1.25,2.9,,,639.06,645.25
2022-01-03,,1.25,2.9,,,639.06,645.25
2022-01-04,,1.25,2.9,,,639.54,645.39
2022-01-05,,1.25,2.9,,,638.47,644.53
2022-01-06,,1.25,2.9,,,639.37,644.92
2022-01-07,,1.25,2.9,,,639.87,644.63
2022-01-08,,1.25,2.9,,,637.19,644.03
2022-01-09,,1.25,2.9,,,637.19,644.03
2022-01-10,,1.25,2.9,,,637.19,644.03
2022-01-11,,1.25,2.9,,,635.0,643.44
2022-01-12,,1.25,2.9,,,634.24,640.55
2022-01-13,,1.25,3.05,,,632.91,637.92
2022-01-14,,1.25,3.05,,,631.51,636.97
2022-01-15,,1.25,3.05,,,628.2,636.33
2022-01-16,,1.25,3.05,,,628.2,636.33
2022-01-17,,1.25,3.05,,,628.2,636.33
2022-01-18,,1.25,3.05,,,629.73,636.12
2022-01-19,,1.25,3.05,,,629.37,635.58
2022-01-20,,1.25,3.0,,,629.68,635.67
2022-01-21,,1.25,3.0,,,631.18,637.95
2022-01-22,,1.25,3.0,,,633.17,640.25
2022-01-23,,1.25,3.0,,,633.17,640.25
2022-01-24,,1.25,3.0,,,633.17,640.25
2022-01-25,,1.25,3.0,,,634.67,643.08
2022-01-26,,1.25,3.0,,,636.95,644.79
2022-01-27,,1.75,3.05,,,639.04,645.07
2022-01-28,,1.75,3.05,,,640.7,645.97
2022-01-29,,1.75,3.05,,,638.97,646.2
2022-01-30,,1.75,3.05,,,638.97,646.2
2022-01-31,103.68120989,1.75,3.05,9.5263744,22173619.3257965,638.97,646.2
2022-02-01,,1.75,3.05,,,640.05,646.9
2022-02-02,,1.75,3.05,,,641.04,648.48
2022-02-03,,1.75,3.0,,,642.15,648.72
2022-02-04,,1.75,3.0,,,642.33,647.98
2022-02-05,,1.75,3.0,,,640.17,647.95
2022-02-06,,1.75,3.0,,,640.17,647.95
2022-02-07,,1.75,3.0,,,640.17,647.95
2022-02-08,,1.75,3.0,,,640.5,647.85
2022-02-09,,1.75,3.0,,,639.48,647.45
2022-02-10,,1.75,3.05,,,641.03,647.15
2022-02-11,,1.75,3.05,,,640.19,646.93
2022-02-12,,1.75,3.05,,,638.63,644.59
2022-02-13,,1.75,3.05,,,638.63,644.59
2022-02-14,,1.75,3.05,,,638.63,644.59
2022-02-15,,1.75,3.05,,,636.03,642.88
2022-02-16,,1.75,3.05,,,636.35,642.9
2022-02-17,,1.75,3.05,,,637.0,642.77
2022-02-18,,1.75,3.05,,,636.74,642.83
2022-02-19,,1.75,3.05,,,636.98,642.8
2022-02-20,,1.75,3.05,,,636.98,642.8
2022-02-21,,1.75,3.05,,,636.98,642.8
2022-02-22,,1.75,3.05,,,637.13,644.01
2022-02-23,,1.75,3.05,,,636.94,644.74
2022-02-24,,1.75,3.05,,,638.1,644.91
2022-02-25,,1.75,3.05,,,637.8,646.5
2022-02-26,,1.75,3.05,,,641.53,647.34
2022-02-27,,1.75,3.05,,,641.53,647.34
2022-02-28,104.81470219,1.75,3.05,9.54087233,22254010.106304,641.53,647.34
2022-03-01,,1.75,3.05,,,640.02,647.31
2022-03-02,,1.75,3.05,,,640.12,647.78
2022-03-03,,1.75,3.0,,,641.85,648.04
2022-03-04,,1.75,3.0,,,642.08,649.08
2022-03-05,,1.75,3.0,,,643.93,651.68
2022-03-06,,1.75,3.0,,,643.93,651.68
2022-03-07,,1.75,3.0,,,643.93,651.68
2022-03-08,,1.75,3.0,,,645.3,653.53
2022-03-09,,1.75,3.0,,,648.97,655.61
2022-03-10,,1.75,2.95,,,649.28,656.06
2022-03-11,,1.75,2.95,,,647.6,654.34
2022-03-12,,1.75,2.95,,,643.37,650.89
2022-03-13,,1.75,2.95,,,643.37,650.89
2022-03-14,,1.75,2.95,,,643.37,650.89
2022-03-15,,2.5,2.95,,,639.9,645.76
2022-03-16,,2.5,2.95,,,637.66,644.17
2022-03-17,,2.5,2.9,,,639.31,645.6
2022-03-18,,2.5,2.9,,,642.28,648.93
2022-03-19,,2.5,2.9,,,644.73,651.22
2022-03-20,,2.5,2.9,,,644.73,651.22
2022-03-21,,2.5,2.9,,,644.73,651.22
2022-03-22,,2.5,2.9,,,644.51,653.21
2022-03-23,,2.5,2.9,,,650.24,655.48
2022-03-24,,2.5,2.95,,,650.94,658.09
2022-03-25,,2.5,2.95,,,652.53,659.53
2022-03-26,,2.5,2.95,,,653.57,661.6
2022-03-27,,2.5,2.95,,,653.57,661.6
2022-03-28,,2.5,2.95,,,653.57,661.6
2022-03-29,,2.5,2.95,,,655.13,663.17
2022-03-30,,2.5,2.95,,,657.28,664.6
2022-03-31,105.73941222,2.5,2.95,9.44131967,22551921.8168791,660.48,667.1
2022-04-01,,2.5,2.95,,,663.06,668.24
2022-04-02,,2.5,2.95,,,660.02,667.86
2022-04-03,,2.5,2.95,,,660.02,667.86
2022-04-04,,2.5,2.95,,,660.02,667.86
2022-04-05,,2.5,2.95,,,654.27,663.12
2022-04-06,,2.5,2.95,,,654.59,661.93
2022-04-07,,2.5,2.85,,,657.36,662.61
2022-04-08,,2.5,2.85,,,654.24,661.64
2022-04-09,,2.5,2.85,,,650.86,657.96
2022-04-10,,2.5,2.85,,,650.86,657.96
2022-04-11,,2.5,2.85,,,650.86,657.96
2022-04-12,,2.5,2.85,,,650.86,657.96
2022-04-13,,2.5,2.85,,,649.17,656.2
2022-04-14,,2.5,2.8,,,647.68,656.54
2022-04-15,,2.5,2.8,,,647.68,656.54
2022-04-16,,2.5,2.8,,,647.68,656.54
2022-04-17,,2.5,2.8,,,647.68,656.54
2022-04-18,,2.5,2.8,,,647.68,656.54
2022-04-19,,2.5,2.8,,,650.3,656.49
2022-04-20,,2.5,2.8,,,650.1,657.99
2022-04-21,,2.5,2.8,,,653.8,660.69
2022-04-22,,2.5,2.8,,,655.1,664.58
2022-04-23,,2.5,2.8,,,658.99,664.96
2022-04-24,,2.5,2.8,,,658.99,664.96
2022-04-25,,2.5,2.8,,,658.99,664.96
2022-04-26,,2.5,2.8,,,659.49,666.3
2022-04-27,,2.5,2.8,,,661.5,666.8
2022-04-28,,4.0,2.9,,,663.06,668.87
2022-04-29,,4.0,2.9,,,661.53,669.34
2022-04-30,107.40707737,4.0,2.9,9.78696342,22707113.9207763,663.08,670.36
2022-05-01,,4.0,2.9,,,663.08,670.36
2022-05-02,,4.0,2.9,,,663.08,670.36
2022-05-03,,4.0,2.9,,,662.86,670.1
2022-05-04,,4.0,2.9,,,662.46,669.52
2022-05-05,,4.0,2.9,,,662.74,669.02
2022-05-06,,4.0,2.9,,,664.43,670.91
2022-05-07,,4.0,2.9,,,665.11,672.12
2022-05-08,,4.0,2.9,,,665.11,672.12
2022-05-09,,4.0,2.9,,,665.11,672.12
2022-05-10,,4.0,2.9,,,665.55,672.53
2022-05-11,,4.0,2.9,,,664.44,673.58
2022-05-12,,4.0,2.95,,,669.41,675.05
2022-05-13,,4.0,2.95,,,669.51,677.29
2022-05-14,,4.0,2.95,,,667.59,675.28
2022-05-15,,4.0,2.95,,,667.59,675.28
2022-05-16,,4.0,2.95,,,667.59,675.28
2022-05-17,,4.0,2.95,,,667.18,674.15
2022-05-18,,4.0,2.95,,,669.05,674.88
2022-05-19,,4.0,3.11,,,670.23,675.98
2022-05-20,,4.0,3.11,,,672.8,677.39
2022-05-21,,4.0,3.11,,,672.96,679.41
2022-05-22,,4.0,3.11,,,672.96,679.41
2022-05-23,,4.0,3.11,,,672.96,679.41
2022-05-24,,4.0,3.11,,,672.11,680.57
2022-05-25,,4.0,3.11,,,674.87,681.74
2022-05-26,,4.0,3.12,,,676.06,681.81
2022-05-27,,4.0,3.12,,,676.88,682.74
2022-05-28,,4.0,3.12,,,675.89,685.03
2022-05-29,,4.0,3.12,,,675.89,685.03
2022-05-30,,4.0,3.12,,,675.89,685.03
2022-05-31,108.95706261,4.0,3.12,9.89751122,23040053.3305742,681.62,689.74
2022-06-01,,4.0,3.12,,,684.9,692.9
2022-06-02,,4.0,3.13,,,684.42,693.76
2022-06-03,,4.0,3.13,,,689.61,694.99
2022-06-04,,4.0,3.13,,,683.54,690.89
2022-06-05,,4.0,3.13,,,683.54,690.89
2022-06-06,,4.0,3.13,,,683.54,690.89
2022-06-07,,4.0,3.13,,,683.01,688.09
2022-06-08,,4.0,3.13,,,682.07,688.18
2022-06-09,,4.0,3.13,,,682.45,690.36
2022-06-10,,4.0,3.13,,,685.29,691.19
2022-06-11,,4.0,3.13,,,682.2,689.76
2022-06-12,,4.0,3.13,,,682.2,689.76
2022-06-13,,4.0,3.13,,,682.2,689.76
2022-06-14,,4.0,3.13,,,681.08,688.13
2022-06-15,,4.0,3.13,,,681.1,688.6
2022-06-16,,5.5,3.31,,,681.88,689.41
2022-06-17,,5.5,3.31,,,684.21,692.62
2022-06-18,,5.5,3.31,,,686.78,694.45
2022-06-19,,5.5,3.31,,,686.78,694.45
2022-06-20,,5.5,3.31,,,686.78,694.45
2022-06-21,,5.5,3.31,,,687.98,696.55
2022-06-22,,5.5,3.31,,,688.13,697.64
2022-06-23,,5.5,3.4,,,691.2,698.44
2022-06-24,,5.5,3.4,,,691.76,697.32
2022-06-25,,5.5,3.4,,,689.88,695.55
2022-06-26,,5.5,3.4,,,689.88,695.55
2022-06-27,,5.5,3.4,,,689.88,695.55
2022-06-28,,5.5,3.4,,,685.75,693.59
2022-06-29,,5.5,3.4,,,686.23,692.96
2022-06-30,110.89414488,5.5,3.86,9.4617133,23248740.0060464,684.76,692.25
2022-07-01,,5.5,3.86,,,685.26,693.69
2022-07-02,,5.5,3.86,,,686.24,693.95
2022-07-03,,5.5,3.86,,,686.24,693.95
2022-07-04,,5.5,3.86,,,686.24,693.95
2022-07-05,,5.5,3.86,,,686.91,694.44
2022-07-06,,5.5,3.86,,,686.81,694.78
2022-07-07,,5.5,4.1,,,687.97,695.26
2022-07-08,,5.5,4.1,,,687.44,694.19
2022-07-09,,5.5,4.1,,,687.11,692.68
2022-07-10,,5.5,4.1,,,687.11,692.68
2022-07-11,,5.5,4.1,,,687.11,692.68
2022-07-12,,5.5,4.1,,,683.76,690.67
2022-07-13,,5.5,4.1,,,681.9,688.98
2022-07-14,,5.5,4.37,,,681.07,687.28
2022-07-15,,5.5,4.37,,,678.14,684.96
2022-07-16,,5.5,4.37,,,675.25,683.75
2022-07-17,,5.5,4.37,,,675.25,683.75
2022-07-18,,5.5,4.37,,,675.25,683.75
2022-07-19,,5.5,4.37,,,674.39,681.82
2022-07-20,,5.5,4.37,,,672.55,678.48
2022-07-21,,5.5,4.32,,,669.41,676.29
2022-07-22,,5.5,4.32,,,671.14,676.83
2022-07-23,,5.5,4.32,,,669.66,675.61
2022-07-24,,5.5,4.32,,,669.66,675.61
2022-07-25,,5.5,4.32,,,669.66,675.61
2022-07-26,,5.5,4.32,,,669.66,675.61
2022-07-27,,5.5,4.32,,,668.83,675.87
2022-07-28,,7.5,4.58,,,668.06,675.36
2022-07-29,,7.5,4.58,,,668.35,675.03
2022-07-30,,7.5,4.58,,,667.61,675.02
2022-07-31,112.09870001,7.5,4.58,11.30785309,23111813.8992673,667.61,675.02
2022-08-01,,7.5,4.58,,,667.61,675.02
2022-08-02,,7.5,4.58,,,666.72,674.67
2022-08-03,,7.5,4.58,,,666.72,674.67
2022-08-04,,7.5,4.44,,,667.83,674.63
2022-08-05,,7.5,4.44,,,668.34,673.64
2022-08-06,,7.5,4.44,,,666.46,674.68
2022-08-07,,7.5,4.44,,,666.46,674.68
2022-08-08,,7.5,4.44,,,666.46,674.68
2022-08-09,,7.5,4.44,,,668.21,675.34
2022-08-10,,7.5,4.44,,,668.49,675.96
2022-08-11,,7.5,4.68,,,667.76,676.11
2022-08-12,,7.5,4.68,,,668.17,675.95
2022-08-13,,7.5,4.68,,,664.6,670.4
2022-08-14,,7.5,4.68,,,664.6,670.4
2022-08-15,,7.5,4.68,,,664.6,670.4
2022-08-16,,7.5,4.68,,,664.6,670.4
2022-08-17,,7.5,4.68,,,661.05,667.8
2022-08-18,,7.5,4.92,,,657.77,664.74
2022-08-19,,7.5,4.92,,,651.76,659.97
2022-08-20,,7.5,4.92,,,647.81,655.03
2022-08-21,,7.5,4.92,,,647.81,655.03
2022-08-22,,7.5,4.92,,,647.81,655.03
2022-08-23,,7.5,4.92,,,642.1,650.39
2022-08-24,,7.5,4.92,,,639.12,645.39
2022-08-25,,7.5,5.37,,,632.37,639.94
2022-08-26,,7.5,5.37,,,633.09,639.28
2022-08-27,,7.5,5.37,,,636.59,643.7
2022-08-28,,7.5,5.37,,,636.59,643.7
2022-08-29,,7.5,5.37,,,636.59,643.7
2022-08-30,,7.5,5.37,,,640.49,649.14
2022-08-31,113.06276989,7.5,5.37,11.69088186,22942965.0647751,646.07,653.86
2022-09-01,,7.5,5.55,,,651.67,661.42
2022-09-02,,7.5,5.55,,,656.21,663.03
2022-09-03,,7.5,5.55,,,658.49,665.14
2022-09-04,,7.5,5.55,,,658.49,665.14
2022-09-05,,7.5,5.55,,,658.49,665.14
2022-09-06,,7.5,5.55,,,655.58,664.23
2022-09-07,,7.5,5.55,,,658.24,663.01
2022-09-08,,7.5,5.55,,,651.43,660.21
2022-09-09,,7.5,5.55,,,646.84,654.64
2022-09-10,,7.5,5.55,,,637.6,647.6
2022-09-11,,7.5,5.55,,,637.6,647.6
2022-09-12,,7.5,5.55,,,637.6,647.6
2022-09-13,,7.5,5.55,,,630.38,640.01
2022-09-14,,7.5,5.55,,,631.97,639.48
2022-09-15,,8.5,5.65,,,630.34,637.13
2022-09-16,,8.5,5.65,,,629.34,636.97
2022-09-17,,8.5,5.65,,,627.34,636.0
2022-09-18,,8.5,5.65,,,627.34,636.0
2022-09-19,,8.5,5.65,,,627.34,636.0
2022-09-20,,8.5,5.65,,,627.34,636.0
2022-09-21,,8.5,5.65,,,628.19,636.97
2022-09-22,,8.5,5.68,,,631.19,637.5
2022-09-23,,8.5,5.68,,,631.55,638.94
2022-09-24,,8.5,5.68,,,634.43,640.39
2022-09-25,,8.5,5.68,,,634.43,640.39
2022-09-26,,8.5,5.68,,,634.43,640.39
2022-09-27,,8.5,5.68,,,637.98,641.96
2022-09-28,,8.5,5.68,,,636.31,641.26
2022-09-29,,8.5,5.85,,,628.19,636.39
2022-09-30,111.9847259,8.5,5.85,11.49599812,22788841.6637368,624.62,632.72
2022-10-01,,8.5,5.85,,,623.48,631.32
2022-10-02,,8.5,5.85,,,623.48,631.32
2022-10-03,,8.5,5.85,,,623.48,631.32
2022-10-04,,8.5,5.85,,,625.74,631.33
2022-10-05,,8.5,5.85,,,629.11,635.43
2022-10-06,,8.5,5.9,,,633.88,640.25
2022-10-07,,8.5,5.9,,,633.88,642.02
2022-10-08,,8.5,5.9,,,633.47,639.35
2022-10-09,,8.5,5.9,,,633.47,639.35
2022-10-10,,8.5,5.9,,,633.47,639.35
2022-10-11,,8.5,5.9,,,626.41,635.19
2022-10-12,,8.5,5.9,,,625.43,631.85
2022-10-13,,8.5,6.0,,,622.37,628.32
2022-10-14,,8.5,6.0,,,616.64,624.72
2022-10-15,,8.5,6.0,,,612.79,621.03
2022-10-16,,8.5,6.0,,,612.79,621.03
2022-10-17,,8.5,6.0,,,612.79,621.03
2022-10-18,,8.5,6.0,,,614.36,619.93
2022-10-19,,8.5,6.0,,,616.01,623.42
2022-10-20,,8.5,6.05,,,618.89,624.86
2022-10-21,,8.5,6.05,,,622.73,628.28
2022-10-22,,8.5,6.05,,,621.23,629.49
2022-10-23,,8.5,6.05,,,621.23,629.49
2022-10-24,,8.5,6.05,,,621.23,629.49
2022-10-25,,8.5,6.05,,,624.45,630.25
2022-10-26,,8.5,6.05,,,619.08,629.11
2022-10-27,,9.0,6.02,,,620.23,626.81
2022-10-28,,9.0,6.02,,,618.35,625.03
2022-10-29,,9.0,6.02,,,613.74,622.34
2022-10-30,,9.0,6.02,,,613.74,622.34
2022-10-31,111.13151259,9.0,6.02,12.64000717,22841318.5913994,613.74,622.34
2022-11-01,,9.0,6.02,,,615.01,620.31
2022-11-02,,9.0,6.02,,,614.26,622.82
2022-11-03,,9.0,6.13,,,615.4,625.03
2022-11-04,,9.0,6.13,,,622.89,628.75
2022-11-05,,9.0,6.13,,,619.22,628.18
2022-11-06,,9.0,6.13,,,619.22,628.18
2022-11-07,,9.0,6.13,,,619.22,628.18
2022-11-08,,9.0,6.13,,,614.3,622.41
2022-11-09,,9.0,6.13,,,615.5,620.22
2022-11-10,,9.0,6.12,,,610.96,617.58
2022-11-11,,9.0,6.12,,,608.79,614.81
2022-11-12,,9.0,6.12,,,605.87,615.73
2022-11-13,,9.0,6.12,,,605.87,615.73
2022-11-14,,9.0,6.12,,,605.87,615.73
2022-11-15,,9.0,6.12,,,610.3,617.32
2022-11-16,,9.0,6.12,,,609.93,616.57
2022-11-17,,9.0,6.17,,,609.42,616.2
2022-11-18,,9.0,6.17,,,609.2,615.16
2022-11-19,,9.0,6.17,,,605.9,611.78
2022-11-20,,9.0,6.17,,,605.9,611.78
2022-11-21,,9.0,6.17,,,605.9,611.78
2022-11-22,,9.0,6.17,,,600.85,611.77
2022-11-23,,9.0,6.17,,,603.17,612.0
2022-11-24,,9.0,6.24,,,606.62,611.59
2022-11-25,,9.0,6.24,,,603.52,610.53
2022-11-26,,9.0,6.24,,,599.5,606.96
2022-11-27,,9.0,6.24,,,599.5,606.96
2022-11-28,,9.0,6.24,,,599.5,606.96
2022-11-29,,9.0,6.24,,,596.7,602.92
2022-11-30,111.28875462,9.0,6.24,13.30031734,22789758.0807364,594.32,602.86
2022-12-01,,9.0,6.22,,,596.5,604.7
2022-12-02,,9.0,6.22,,,600.02,607.17
2022-12-03,,9.0,6.22,,,601.14,609.83
2022-12-04,,9.0,6.22,,,601.14,609.83
2022-12-05,,9.0,6.22,,,601.14,609.83
2022-12-06,,9.0,6.22,,,601.14,609.83
2022-12-07,,9.0,6.22,,,596.96,604.15
2022-12-08,,9.0,6.24,,,594.42,601.02
2022-12-09,,9.0,6.24,,,589.01,595.62
2022-12-10,,9.0,6.24,,,587.2,593.92
2022-12-11,,9.0,6.24,,,587.2,593.92
2022-12-12,,9.0,6.24,,,587.2,593.92
2022-12-13,,9.0,6.24,,,587.84,596.07
2022-12-14,,9.0,6.24,,,595.05,602.16
2022-12-15,,9.0,6.26,,,594.53,601.46
2022-12-16,,9.0,6.26,,,587.57,595.36
2022-12-17,,9.0,6.26,,,583.96,593.66
2022-12-18,,9.0,6.26,,,583.96,593.66
2022-12-19,,9.0,6.26,,,583.96,593.66
2022-12-20,,9.0,6.26,,,581.86,591.87
2022-12-21,,9.0,6.26,,,583.42,591.75
2022-12-22,,9.0,6.32,,,583.5,590.4
2022-12-23,,9.0,6.32,,,579.05,588.34
2022-12-24,,9.0,6.32,,,579.55,587.24
2022-12-25,,9.0,6.32,,,579.55,587.24
2022-12-26,,9.0,6.32,,,579.55,587.24
2022-12-27,,9.0,6.32,,,579.21,587.24
2022-12-28,,9.0,6.32,,,582.23,590.16
2022-12-29,,9.0,6.35,,,590.71,596.08
2022-12-30,,9.0,6.35,,,594.17,601.99
2022-12-31,111.43592172,9.0,6.35,12.42768769,22868090.0740648,594.17,601.99
2023-01-01,,9.0,6.35,,,594.17,601.99
2023-01-02,,9.0,6.35,,,594.17,601.99
2023-01-03,,9.0,6.35,,,589.73,597.68
2023-01-04,,9.0,6.35,,,590.19,596.96
2023-01-05,,9.0,6.35,,,592.85,598.4
2023-01-06,,9.0,6.35,,,591.01,597.72
2023-01-07,,9.0,6.35,,,588.27,595.46
2023-01-08,,9.0,6.35,,,588.27,595.46
2023-01-09,,9.0,6.35,,,588.27,595.46
2023-01-10,,9.0,6.35,,,583.0,592.79
2023-01-11,,9.0,6.35,,,580.4,587.53
2023-01-12,,9.0,6.41,,,578.49,586.13
2023-01-13,,9.0,6.41,,,576.85,583.42
2023-01-14,,9.0,6.41,,,570.64,578.18
2023-01-15,,9.0,6.41,,,570.64,578.18
2023-01-16,,9.0,6.41,,,570.64,578.18
2023-01-17,,9.0,6.41,,,567.08,574.42
2023-01-18,,9.0,6.41,,,568.1,572.14
2023-01-19,,9.0,6.44,,,565.2,572.05
2023-01-20,,9.0,6.44,,,565.0,570.17
2023-01-21,,9.0,6.44,,,562.88,569.49
2023-01-22,,9.0,6.44,,,562.88,569.49
2023-01-23,,9.0,6.44,,,562.88,569.49
2023-01-24,,9.0,6.44,,,560.34,567.8
2023-01-25,,9.0,6.44,,,559.8,567.47
2023-01-26,,9.0,6.52,,,560.74,566.31
2023-01-27,,9.0,6.52,,,556.75,563.87
2023-01-28,,9.0,6.52,,,552.8,559.31
2023-01-29,,9.0,6.52,,,552.8,559.31
2023-01-30,,9.0,6.52,,,552.8,559.31
2023-01-31,111.61473726,9.0,6.52,13.72643607,22208216.2472682,549.76,557.4
2023-02-01,,9.0,6.52,,,550.81,558.29
2023-02-02,,9.0,6.58,,,556.19,562.84
2023-02-03,,9.0,6.58,,,564.58,570.6
2023-02-04,,9.0,6.58,,,567.55,576.23
2023-02-05,,9.0,6.58,,,567.55,576.23
2023-02-06,,9.0,6.58,,,567.55,576.23
2023-02-07,,9.0,6.58,,,574.12,581.69
2023-02-08,,9.0,6.58,,,577.12,586.15
2023-02-09,,9.0,6.59,,,580.07,586.26
2023-02-10,,9.0,6.59,,,576.51,583.27
2023-02-11,,9.0,6.59,,,571.59,579.95
2023-02-12,,9.0,6.59,,,571.59,579.95
2023-02-13,,9.0,6.59,,,571.59,579.95
2023-02-14,,9.0,6.59,,,568.02,576.2
2023-02-15,,9.0,6.59,,,564.54,571.7
2023-02-16,,9.0,6.61,,,560.53,568.07
2023-02-17,,9.0,6.61,,,558.05,564.84
2023-02-18,,9.0,6.61,,,556.68,563.74
2023-02-19,,9.0,6.61,,,556.68,563.74
2023-02-20,,9.0,6.61,,,556.68,563.74
2023-02-21,,9.0,6.61,,,555.94,562.13
2023-02-22,,9.0,6.61,,,557.94,563.3
2023-02-23,,9.0,6.69,,,559.63,566.93
2023-02-24,,9.0,6.69,,,560.05,565.99
2023-02-25,,9.0,6.69,,,558.05,565.39
2023-02-26,,9.0,6.69,,,558.05,565.39
2023-02-27,,9.0,6.69,,,558.05,565.39
2023-02-28,110.6631643,9.0,6.69,13.19279476,22331600.1292568,556.4,564.27
2023-03-01,,9.0,6.69,,,555.1,562.73
2023-03-02,,9.0,6.72,,,553.21,562.15
2023-03-03,,9.0,6.72,,,555.78,561.81
2023-03-04,,9.0,6.72,,,551.97,559.42
2023-03-05,,9.0,6.72,,,551.97,559.42
2023-03-06,,9.0,6.72,,,551.97,559.42
2023-03-07,,9.0,6.72,,,550.68,557.21
2023-03-08,,9.0,6.72,,,547.0,554.33
2023-03-09,,9.0,6.71,,,548.59,554.28
2023-03-10,,9.0,6.71,,,544.79,552.56
2023-03-11,,9.0,6.71,,,545.13,552.12
2023-03-12,,9.0,6.71,,,545.13,552.12
2023-03-13,,9.0,6.71,,,545.13,552.12
2023-03-14,,9.0,6.71,,,543.7,550.11
2023-03-15,,9.0,6.71,,,542.74,550.08
2023-03-16,,8.5,6.69,,,542.78,549.62
2023-03-17,,8.5,6.69,,,542.87,549.36
2023-03-18,,8.5,6.69,,,540.32,547.37
2023-03-19,,8.5,6.69,,,540.32,547.37
2023-03-20,,8.5,6.69,,,540.32,547.37
2023-03-21,,8.5,6.69,,,539.23,546.33
2023-03-22,,8.5,6.69,,,538.68,545.01
2023-03-23,,8.5,6.69,,,540.59,545.83
2023-03-24,,8.5,6.69,,,539.39,546.78
2023-03-25,,8.5,6.69,,,542.43,547.41
2023-03-26,,8.5,6.69,,,542.43,547.41
2023-03-27,,8.5,6.69,,,542.43,547.41
2023-03-28,,8.5,6.69,,,541.05,547.52
2023-03-29,,8.5,6.69,,,539.29,546.42
2023-03-30,,8.5,6.63,,,540.22,546.48
2023-03-31,110.41034163,8.5,6.63,13.02121876,22189525.4250523,540.39,545.95
2023-04-01,,8.5,6.63,,,537.94,545.4
2023-04-02,,8.5,6.63,,,537.94,545.4
2023-04-03,,8.5,6.63,,,537.94,545.4
2023-04-04,,8.5,6.63,,,539.11,545.1
2023-04-05,,8.5,6.63,,,536.1,543.31
2023-04-06,,8.5,6.61,,,537.03,544.0
2023-04-07,,8.5,6.61,,,537.03,544.0
2023-04-08,,8.5,6.61,,,537.03,544.0
2023-04-09,,8.5,6.61,,,537.03,544.0
2023-04-10,,8.5,6.61,,,537.03,544.0
2023-04-11,,8.5,6.61,,,537.03,544.0
2023-04-12,,8.5,6.61,,,534.44,541.23
2023-04-13,,8.5,6.63,,,534.61,541.45
2023-04-14,,8.5,6.63,,,535.52,540.81
2023-04-15,,8.5,6.63,,,533.47,540.55
2023-04-16,,8.5,6.63,,,533.47,540.55
2023-04-17,,8.5,6.63,,,533.47,540.55
2023-04-18,,8.5,6.63,,,533.06,539.69
2023-04-19,,8.5,6.63,,,532.76,538.53
2023-04-20,,8.5,6.64,,,531.87,537.51
2023-04-21,,7.5,6.64,,,532.45,537.84
2023-04-22,,7.5,6.64,,,530.05,537.3
2023-04-23,,7.5,6.64,,,530.05,537.3
2023-04-24,,7.5,6.64,,,530.05,537.3
2023-04-25,,7.5,6.64,,,529.6,536.64
2023-04-26,,7.5,6.64,,,531.92,537.98
2023-04-27,,7.5,6.68,,,535.29,542.76
2023-04-28,,7.5,6.68,,,540.38,547.27
2023-04-29,,7.5,6.68,,,543.06,550.52
2023-04-30,110.03083679,7.5,6.68,14.0310337,22372203.3518384,543.06,550.52
2023-05-01,,7.5,6.68,,,543.06,550.52
2023-05-02,,7.5,6.68,,,543.06,550.52
2023-05-03,,7.5,6.68,,,543.32,549.34
2023-05-04,,7.5,6.73,,,543.58,548.68
2023-05-05,,7.5,6.73,,,541.57,548.58
2023-05-06,,7.5,6.73,,,539.81,546.82
2023-05-07,,7.5,6.73,,,539.81,546.82
2023-05-08,,7.5,6.73,,,539.81,546.82
2023-05-09,,7.5,6.73,,,537.2,544.55
2023-05-10,,7.5,6.73,,,535.17,541.78
2023-05-11,,7.5,6.69,,,536.47,541.6
2023-05-12,,7.5,6.69,,,534.85,541.47
2023-05-13,,7.5,6.69,,,534.41,541.28
2023-05-14,,7.5,6.69,,,534.41,541.28
2023-05-15,,7.5,6.69,,,534.41,541.28
2023-05-16,,7.5,6.69,,,533.63,540.93
2023-05-17,,7.5,6.69,,,534.35,539.93
2023-05-18,,7.5,6.62,,,535.04,541.56
2023-05-19,,7.5,6.62,,,536.41,542.01
2023-05-20,,7.5,6.62,,,534.03,542.0
2023-05-21,,7.5,6.62,,,534.03,542.0
2023-05-22,,7.5,6.62,,,534.03,542.0
2023-05-23,,7.5,6.62,,,537.47,543.57
2023-05-24,,7.5,6.62,,,537.22,543.21
2023-05-25,,7.5,6.53,,,537.92,543.12
2023-05-26,,7.5,6.53,,,538.54,545.04
2023-05-27,,7.5,6.53,,,541.41,546.88
2023-05-28,,7.5,6.53,,,541.41,546.88
2023-05-29,,7.5,6.53,,,541.41,546.88
2023-05-30,,7.5,6.53,,,540.56,547.45
2023-05-31,109.91499051,7.5,6.53,12.4758613,22513621.9925859,540.35,546.7
2023-06-01,,7.5,6.43,,,539.05,546.19
2023-06-02,,7.5,6.43,,,539.74,545.79
2023-06-03,,7.5,6.43,,,537.33,545.84
2023-06-04,,7.5,6.43,,,537.33,545.84
2023-06-05,,7.5,6.43,,,537.33,545.84
2023-06-06,,7.5,6.43,,,536.71,544.28
2023-06-07,,7.5,6.43,,,536.84,543.13
2023-06-08,,7.5,6.41,,,537.21,544.4
2023-06-09,,7.5,6.41,,,540.4,546.19
2023-06-10,,7.5,6.41,,,540.64,547.44
2023-06-11,,7.5,6.41,,,540.64,547.44
2023-06-12,,7.5,6.41,,,540.64,547.44
2023-06-13,,7.5,6.41,,,541.2,548.23
2023-06-14,,7.5,6.41,,,542.11,547.74
2023-06-15,,7.0,6.36,,,540.44,546.65
2023-06-16,,7.0,6.36,,,539.19,545.7
2023-06-17,,7.0,6.36,,,537.98,545.78
2023-06-18,,7.0,6.36,,,537.98,545.78
2023-06-19,,7.0,6.36,,,537.98,545.78
2023-06-20,,7.0,6.36,,,537.61,545.41
2023-06-21,,7.0,6.36,,,539.61,545.62
2023-06-22,,7.0,6.33,,,541.33,546.26
2023-06-23,,7.0,6.33,,,541.89,546.86
2023-06-24,,7.0,6.33,,,541.96,547.24
2023-06-25,,7.0,6.33,,,541.96,547.24
2023-06-26,,7.0,6.33,,,541.96,547.24
2023-06-27,,7.0,6.33,,,541.16,547.77
2023-06-28,,7.0,6.33,,,542.36,549.24
2023-06-29,,7.0,6.28,,,542.9,549.57
2023-06-30,109.74253053,7.0,6.28,12.33135164,22627129.2733102,543.13,549.48
2023-07-01,,7.0,6.28,,,541.86,549.5
2023-07-02,,7.0,6.28,,,541.86,549.5
2023-07-03,,7.0,6.28,,,541.86,549.5
2023-07-04,,7.0,6.28,,,541.38,549.25
2023-07-05,,7.0,6.28,,,541.17,548.44
2023-07-06,,7.0,6.2,,,542.22,549.43
2023-07-07,,7.0,6.2,,,547.31,553.52
2023-07-08,,7.0,6.2,,,548.2,555.47
2023-07-09,,7.0,6.2,,,548.2,555.47
2023-07-10,,7.0,6.2,,,548.2,555.47
2023-07-11,,7.0,6.2,,,547.39,556.9
2023-07-12,,7.0,6.2,,,547.48,552.4
2023-07-13,,7.0,6.14,,,543.79,549.88
2023-07-14,,7.0,6.14,,,541.9,547.53
2023-07-15,,7.0,6.14,,,537.97,545.11
2023-07-16,,7.0,6.14,,,537.97,545.11
2023-07-17,,7.0,6.14,,,537.97,545.11
2023-07-18,,7.0,6.14,,,535.72,542.13
2023-07-19,,7.0,6.14,,,536.0,542.22
2023-07-20,,7.0,6.09,,,536.23,541.86
2023-07-21,,7.0,6.09,,,536.86,541.94
2023-07-22,,7.0,6.09,,,534.98,542.45
2023-07-23,,7.0,6.09,,,534.98,542.45
2023-07-24,,7.0,6.09,,,534.98,542.45
2023-07-25,,7.0,6.09,,,534.98,542.45
2023-07-26,,7.0,6.09,,,536.05,542.75
2023-07-27,,6.5,6.03,,,538.67,545.65
2023-07-28,,6.5,6.03,,,540.33,548.54
2023-07-29,,6.5,6.03,,,540.94,548.81
2023-07-30,,6.5,6.03,,,540.94,548.81
2023-07-31,109.53713196,6.5,6.03,13.08175679,22790641.7636695,540.94,548.81
2023-08-01,,6.5,6.03,,,540.52,549.0
2023-08-02,,6.5,6.03,,,542.86,547.1
2023-08-03,,6.5,6.0,,,542.86,547.1
2023-08-04,,6.5,6.0,,,540.92,545.98
2023-08-05,,6.5,6.0,,,538.86,544.82
2023-08-06,,6.5,6.0,,,538.86,544.82
2023-08-07,,6.5,6.0,,,538.86,544.82
2023-08-08,,6.5,6.0,,,538.62,544.74
2023-08-09,,6.5,6.0,,,534.76,542.35
2023-08-10,,6.5,5.94,,,534.77,540.84
2023-08-11,,6.5,5.94,,,533.13,540.01
2023-08-12,,6.5,5.94,,,534.2,540.63
2023-08-13,,6.5,5.94,,,534.2,540.63
2023-08-14,,6.5,5.94,,,534.2,540.63
2023-08-15,,6.5,5.94,,,534.2,540.63
2023-08-16,,6.5,5.94,,,532.47,540.85
2023-08-17,,6.5,5.86,,,532.45,537.41
2023-08-18,,6.5,5.86,,,531.39,538.4
2023-08-19,,6.5,5.86,,,533.8,539.97
2023-08-20,,6.5,5.86,,,533.8,539.97
2023-08-21,,6.5,5.86,,,533.8,539.97
2023-08-22,,6.5,5.86,,,535.62,542.31
2023-08-23,,6.5,5.86,,,536.22,543.63
2023-08-24,,6.5,5.81,,,539.9,544.61
2023-08-25,,6.5,5.81,,,539.55,544.99
2023-08-26,,6.5,5.81,,,538.38,544.49
2023-08-27,,6.5,5.81,,,538.38,544.49
2023-08-28,,6.5,5.81,,,538.38,544.49
2023-08-29,,6.5,5.81,,,537.53,544.01
2023-08-30,,6.5,5.81,,,535.97,541.94
2023-08-31,109.356456,6.5,5.73,13.14436796,22767346.4690109,533.9,540.49
2023-09-01,,6.5,5.73,,,532.97,539.75
2023-09-02,,6.5,5.73,,,534.16,539.77
2023-09-03,,6.5,5.73,,,534.16,539.77
2023-09-04,,6.5,5.73,,,534.16,539.77
2023-09-05,,6.5,5.73,,,532.04,541.46
2023-09-06,,6.5,5.73,,,533.59,539.96
2023-09-07,,6.5,5.7,,,533.8,540.28
2023-09-08,,6.5,5.7,,,533.76,540.63
2023-09-09,,6.5,5.7,,,535.5,542.11
2023-09-10,,6.5,5.7,,,535.5,542.11
2023-09-11,,6.5,5.7,,,535.5,542.11
2023-09-12,,6.5,5.7,,,534.81,541.68
2023-09-13,,6.5,5.7,,,532.79,538.52
2023-09-14,,6.5,5.63,,,531.17,535.56
2023-09-15,,6.5,5.63,,,527.76,534.71
2023-09-16,,6.5,5.63,,,527.76,534.71
2023-09-17,,6.5,5.63,,,527.76,534.71
2023-09-18,,6.5,5.63,,,527.76,534.71
2023-09-19,,6.5,5.63,,,528.7,535.34
2023-09-20,,6.5,5.63,,,530.36,536.55
2023-09-21,,6.5,5.58,,,533.27,539.73
2023-09-22,,6.5,5.58,,,536.53,541.85
2023-09-23,,6.5,5.58,,,538.05,543.6
2023-09-24,,6.5,5.58,,,538.05,543.6
2023-09-25,,6.5,5.58,,,538.05,543.6
2023-09-26,,6.5,5.58,,,535.29,540.72
2023-09-27,,6.5,5.58,,,532.11,536.63
2023-09-28,,6.5,5.58,,,530.84,535.62
2023-09-29,,6.5,5.58,,,531.62,538.69
2023-09-30,109.48174312,6.5,5.58,12.5034122,22983340.0539698,534.47,542.35
2023-10-01,,6.5,5.58,,,534.47,542.35
2023-10-02,,6.5,5.58,,,534.47,542.35
2023-10-03,,6.5,5.58,,,533.49,540.31
2023-10-04,,6.5,5.58,,,530.99,537.49
2023-10-05,,6.5,5.54,,,532.55,538.91
2023-10-06,,6.5,5.54,,,534.28,539.37
2023-10-07,,6.5,5.54,,,534.6,540.57
2023-10-08,,6.5,5.54,,,534.6,540.57
2023-10-09,,6.5,5.54,,,534.6,540.57
2023-10-10,,6.5,5.54,,,533.61,540.06
2023-10-11,,6.5,5.54,,,532.41,538.76
2023-10-12,,6.5,5.56,,,530.09,536.6
2023-10-13,,6.5,5.56,,,528.02,534.52
2023-10-14,,6.5,5.56,,,527.19,534.39
2023-10-15,,6.5,5.56,,,527.19,534.39
2023-10-16,,6.5,5.56,,,527.19,534.39
2023-10-17,,6.5,5.56,,,527.8,535.02
2023-10-18,,6.5,5.56,,,527.88,534.65
2023-10-19,,6.5,5.51,,,531.0,536.28
2023-10-20,,6.5,5.51,,,530.71,536.83
2023-10-21,,6.5,5.51,,,532.03,537.14
2023-10-22,,6.5,5.51,,,532.03,537.14
2023-10-23,,6.5,5.51,,,532.03,537.14
2023-10-24,,6.5,5.51,,,529.19,535.89
2023-10-25,,6.5,5.51,,,527.84,536.35
2023-10-26,,6.25,5.46,,,531.56,535.8
2023-10-27,,6.25,5.46,,,530.7,536.4
2023-10-28,,6.25,5.46,,,530.58,535.84
2023-10-29,,6.25,5.46,,,530.58,535.84
2023-10-30,,6.25,5.46,,,530.58,535.84
2023-10-31,109.71020555,6.25,5.46,13.25870896,23059716.1335007,530.13,536.88
2023-11-01,,6.25,5.46,,,531.72,536.25
2023-11-02,,6.25,5.45,,,530.49,536.77
2023-11-03,,6.25,5.45,,,532.13,538.07
2023-11-04,,6.25,5.45,,,531.59,539.25
2023-11-05,,6.25,5.45,,,531.59,539.25
2023-11-06,,6.25,5.45,,,531.59,539.25
2023-11-07,,6.25,5.45,,,530.88,537.37
2023-11-08,,6.25,5.45,,,529.45,537.12
2023-11-09,,6.25,5.43,,,530.1,536.38
2023-11-10,,6.25,5.43,,,530.32,536.64
2023-11-11,,6.25,5.43,,,529.38,535.81
2023-11-12,,6.25,5.43,,,529.38,535.81
2023-11-13,,6.25,5.43,,,529.38,535.81
2023-11-14,,6.25,5.43,,,528.58,534.93
2023-11-15,,6.25,5.43,,,528.54,534.61
2023-11-16,,6.25,5.41,,,529.78,535.16
2023-11-17,,6.25,5.41,,,531.02,536.27
2023-11-18,,6.25,5.41,,,531.11,535.82
2023-11-19,,6.25,5.41,,,531.11,535.82
2023-11-20,,6.25,5.41,,,531.11,535.82
2023-11-21,,6.25,5.41,,,529.0,534.97
2023-11-22,,6.25,5.41,,,528.22,534.93
2023-11-23,,6.25,5.41,,,527.78,534.7
2023-11-24,,6.25,5.41,,,529.98,535.02
2023-11-25,,6.25,5.41,,,529.57,533.88
2023-11-26,,6.25,5.41,,,529.57,533.88
2023-11-27,,6.25,5.41,,,529.57,533.88
2023-11-28,,6.25,5.41,,,526.5,534.53
2023-11-29,,6.25,5.41,,,528.37,533.34
2023-11-30,109.45814135,6.25,5.37,11.88538507,23351621.9233742,528.36,534.1
2023-12-01,,6.25,5.37,,,530.32,537.44
2023-12-02,,6.25,5.37,,,530.32,537.44
2023-12-03,,6.25,5.37,,,530.32,537.44
2023-12-04,,6.25,5.37,,,530.32,537.44
2023-12-05,,6.25,5.37,,,528.22,535.86
2023-12-06,,6.25,5.37,,,525.71,533.23
2023-12-07,,6.25,5.36,,,528.07,532.94
2023-12-08,,6.25,5.36,,,526.83,532.24
2023-12-09,,6.25,5.36,,,526.96,533.11
2023-12-10,,6.25,5.36,,,526.96,533.11
2023-12-11,,6.25,5.36,,,526.96,533.11
2023-12-12,,6.25,5.36,,,526.24,531.63
2023-12-13,,6.25,5.36,,,523.91,531.41
2023-12-14,,6.25,5.35,,,525.0,530.4
2023-12-15,,6.25,5.35,,,522.31,529.03
2023-12-16,,6.25,5.35,,,521.38,528.33
2023-12-17,,6.25,5.35,,,521.38,528.33
2023-12-18,,6.25,5.35,,,521.38,528.33
2023-12-19,,6.25,5.35,,,521.11,527.95
2023-12-20,,6.25,5.35,,,520.83,526.73
2023-12-21,,6.0,5.35,,,521.02,527.01
2023-12-22,,6.0,5.35,,,520.08,525.8
2023-12-23,,6.0,5.35,,,519.74,526.18
2023-12-24,,6.0,5.35,,,519.74,526.18
2023-12-25,,6.0,5.35,,,519.74,526.18
2023-12-26,,6.0,5.35,,,519.74,526.18
2023-12-27,,6.0,5.35,,,519.03,524.85
2023-12-28,,6.0,5.36,,,518.13,524.88
2023-12-29,,6.0,5.36,,,519.21,526.88
2023-12-30,,6.0,5.36,,,519.21,526.88
2023-12-31,109.46875206,6.0,5.36,12.13,23312208.178714,519.21,526.88
2024-01-01,,6.0,5.36,,,519.21,526.88
2024-01-02,,6.0,5.36,,,519.21,526.88
2024-01-03,,6.0,5.36,,,518.92,525.68
2024-01-04,,6.0,5.34,,,518.01,524.65
2024-01-05,,6.0,5.34,,,516.88,523.83
2024-01-06,,6.0,5.34,,,516.09,524.73
2024-01-07,,6.0,5.34,,,516.09,524.73
2024-01-08,,6.0,5.34,,,516.09,524.73
2024-01-09,,6.0,5.34,,,519.96,525.27
2024-01-10,,6.0,5.34,,,520.35,524.94
2024-01-11,,6.0,5.33,,,518.06,524.97
2024-01-12,,6.0,5.33,,,516.97,523.15
2024-01-13,,6.0,5.33,,,516.07,523.3
2024-01-14,,6.0,5.33,,,516.07,523.3
2024-01-15,,6.0,5.33,,,516.07,523.3
2024-01-16,,6.0,5.33,,,515.6,521.13
2024-01-17,,6.0,5.33,,,512.54,519.39
2024-01-18,,6.0,5.27,,,514.07,520.16
2024-01-19,,5.75,5.27,,,514.51,519.23
2024-01-20,,5.75,5.27,,,513.55,519.36
2024-01-21,,5.75,5.27,,,513.55,519.36
2024-01-22,,5.75,5.27,,,513.55,519.36
2024-01-23,,5.75,5.27,,,511.81,518.32
2024-01-24,,5.75,5.27,,,512.68,517.72
2024-01-25,,5.75,5.24,,,511.15,517.5
2024-01-26,,5.75,5.24,,,511.01,517.07
2024-01-27,,5.75,5.24,,,512.09,516.86
2024-01-28,,5.75,5.24,,,512.09,516.86
2024-01-29,,5.75,5.24,,,512.09,516.86
2024-01-30,,5.75,5.24,,,510.56,517.68
2024-01-31,109.52906635,5.75,5.24,14.28,23326711.7192843,513.02,519.79
2024-02-01,,5.75,5.21,,,514.33,520.78
2024-02-02,,5.75,5.21,,,512.57,520.2
2024-02-03,,5.75,5.21,,,514.32,520.89
2024-02-04,,5.75,5.21,,,514.32,520.89
2024-02-05,,5.75,5.21,,,514.32,520.89
2024-02-06,,5.75,5.21,,,514.1,521.79
2024-02-07,,5.75,5.21,,,514.61,521.74
2024-02-08,,5.75,5.17,,,516.13,520.82
2024-02-09,,5.75,5.17,,,514.52,521.14
2024-02-10,,5.75,5.17,,,515.17,521.38
2024-02-11,,5.75,5.17,,,515.17,521.38
2024-02-12,,5.75,5.17,,,515.17,521.38
2024-02-13,,5.75,5.17,,,514.59,520.68
2024-02-14,,5.75,5.17,,,514.8,520.45
2024-02-15,,5.75,5.12,,,514.85,520.81
2024-02-16,,5.75,5.12,,,513.47,519.51
2024-02-17,,5.75,5.12,,,511.1,518.28
2024-02-18,,5.75,5.12,,,511.1,518.28
2024-02-19,,5.75,5.12,,,511.1,518.28
2024-02-20,,5.75,5.12,,,511.41,517.41
2024-02-21,,5.75,5.12,,,510.73,516.82
2024-02-22,,5.75,5.07,,,511.78,517.73
2024-02-23,,5.75,5.07,,,512.61,517.48
2024-02-24,,5.75,5.07,,,511.27,517.96
2024-02-25,,5.75,5.07,,,511.27,517.96
2024-02-26,,5.75,5.07,,,511.27,517.96
2024-02-27,,5.75,5.07,,,513.24,517.93
2024-02-28,,5.75,5.07,,,512.05,517.14
2024-02-29,109.4111146,5.75,5.04,14.32,23358743.1591336,509.87,516.34
2024-03-01,,5.75,5.04,,,509.84,517.49
2024-03-02,,5.75,5.04,,,509.75,518.15
2024-03-03,,5.75,5.04,,,509.75,518.15
2024-03-04,,5.75,5.04,,,509.75,518.15
2024-03-05,,5.75,5.04,,,509.76,515.95
2024-03-06,,5.75,5.04,,,509.71,515.07
2024-03-07,,5.75,5.01,,,508.65,513.76
2024-03-08,,5.75,5.01,,,507.33,512.99
2024-03-09,,5.75,5.01,,,506.33,512.51
2024-03-10,,5.75,5.01,,,506.33,512.51
2024-03-11,,5.75,5.01,,,506.33,512.51
2024-03-12,,5.75,5.01,,,504.92,511.45
2024-03-13,,5.75,5.01,,,504.1,510.75
2024-03-14,,5.75,4.99,,,503.92,509.98
2024-03-15,,5.75,4.99,,,503.53,509.43
2024-03-16,,5.75,4.99,,,501.37,507.89
2024-03-17,,5.75,4.99,,,501.37,507.89
2024-03-18,,5.75,4.99,,,501.37,507.89
2024-03-19,,5.75,4.99,,,499.72,505.8
2024-03-20,,5.75,4.99,,,500.67,505.74
2024-03-21,,5.75,4.95,,,499.86,505.84
2024-03-22,,5.25,4.95,,,500.92,505.97
2024-03-23,,5.25,4.95,,,499.42,505.68
2024-03-24,,5.25,4.95,,,499.42,505.68
2024-03-25,,5.25,4.95,,,499.42,505.68
2024-03-26,,5.25,4.95,,,500.89,505.36
2024-03-27,,5.25,4.95,,,499.32,505.99
2024-03-28,,5.25,4.94,,,499.39,506.6
2024-03-29,,5.25,4.94,,,499.39,506.6
2024-03-30,,5.25,4.94,,,499.39,506.6
2024-03-31,109.10052736,5.25,4.94,14.01,23281827.3277549,499.39,506.6
2024-04-01,,5.25,4.94,,,499.39,506.6
2024-04-02,,5.25,4.94,,,497.74,505.73
2024-04-03,,5.25,4.94,,,497.7,504.75
2024-04-04,,5.25,4.92,,,499.76,505.99
2024-04-05,,5.25,4.92,,,500.28,506.51
2024-04-06,,5.25,4.92,,,498.51,507.03
2024-04-07,,5.25,4.92,,,498.51,507.03
2024-04-08,,5.25,4.92,,,498.51,507.03
2024-04-09,,5.25,4.92,,,499.47,505.46
2024-04-10,,5.25,4.92,,,499.75,504.42
2024-04-11,,5.25,4.89,,,497.23,504.11
2024-04-12,,5.25,4.89,,,498.23,504.34
2024-04-13,,5.25,4.89,,,497.76,504.3
2024-04-14,,5.25,4.89,,,497.76,504.3
2024-04-15,,5.25,4.89,,,497.76,504.3
2024-04-16,,5.25,4.89,,,497.76,504.3
2024-04-17,,5.25,4.89,,,497.97,503.52
2024-04-18,,5.25,4.88,,,497.92,504.11
2024-04-19,,5.25,4.88,,,499.09,504.07
2024-04-20,,5.25,4.88,,,497.44,503.7
2024-04-21,,5.25,4.88,,,497.44,503.7
2024-04-22,,5.25,4.88,,,497.44,503.7
2024-04-23,,5.25,4.88,,,498.77,502.86
2024-04-24,,5.25,4.88,,,498.48,504.43
2024-04-25,,5.25,4.82,,,499.6,505.01
2024-04-26,,4.75,4.82,,,499.75,504.88
2024-04-27,,4.75,4.82,,,498.75,505.18
2024-04-28,,4.75,4.82,,,498.75,505.18
2024-04-29,,4.75,4.82,,,498.75,505.18
2024-04-30,109.45778192,4.75,4.82,14.07,23480448.3912868,500.86,507.71
2024-05-01,,4.75,4.82,,,503.11,510.49
2024-05-02,,4.75,4.77,,,503.11,510.49
2024-05-03,,4.75,4.77,,,504.8,511.4
2024-05-04,,4.75,4.77,,,503.94,511.51
2024-05-05,,4.75,4.77,,,503.94,511.51
2024-05-06,,4.75,4.77,,,503.94,511.51
2024-05-07,,4.75,4.77,,,504.53,512.28
2024-05-08,,4.75,4.77,,,506.22,512.64
2024-05-09,,4.75,4.74,,,506.91,513.78
2024-05-10,,4.75,4.74,,,508.04,513.95
2024-05-11,,4.75,4.74,,,508.13,514.66
2024-05-12,,4.75,4.74,,,508.13,514.66
2024-05-13,,4.75,4.74,,,508.13,514.66
2024-05-14,,4.75,4.74,,,508.32,514.3
2024-05-15,,4.75,4.74,,,505.91,512.7
2024-05-16,,4.75,4.68,,,505.84,511.92
2024-05-17,,4.75,4.68,,,505.52,511.39
2024-05-18,,4.75,4.68,,,505.39,512.59
2024-05-19,,4.75,4.68,,,505.39,512.59
2024-05-20,,4.75,4.68,,,505.39,512.59
2024-05-21,,4.75,4.68,,,507.6,513.21
2024-05-22,,4.75,4.68,,,510.56,514.73
2024-05-23,,4.75,4.65,,,509.42,516.36
2024-05-24,,4.75,4.65,,,512.37,518.25
2024-05-25,,4.75,4.65,,,514.76,520.3
2024-05-26,,4.75,4.65,,,514.76,520.3
2024-05-27,,4.75,4.65,,,514.76,520.3
2024-05-28,,4.75,4.65,,,515.37,522.78
2024-05-29,,4.75,4.65,,,521.5,525.05
2024-05-30,,4.75,4.59,,,520.35,527.11
2024-05-31,109.54703269,4.75,4.59,13.18,23941332.5558773,522.66,528.55
2024-06-01,,4.75,4.59,,,523.86,532.0
2024-06-02,,4.75,4.59,,,523.86,532.0
2024-06-03,,4.75,4.59,,,523.86,532.0
2024-06-04,,4.75,4.59,,,526.48,534.55
2024-06-05,,4.75,4.59,,,526.48,532.62
2024-06-06,,4.75,4.56,,,525.5,531.96
2024-06-07,,4.75,4.56,,,527.52,532.61
2024-06-08,,4.75,4.56,,,526.98,534.84
2024-06-09,,4.75,4.56,,,526.98,534.84
2024-06-10,,4.75,4.56,,,526.98,534.84
2024-06-11,,4.75,4.56,,,528.36,535.4
2024-06-12,,4.75,4.56,,,522.92,530.09
2024-06-13,,4.75,4.51,,,521.73,527.98
2024-06-14,,4.75,4.51,,,520.47,527.0
2024-06-15,,4.75,4.51,,,517.99,526.12
2024-06-16,,4.75,4.51,,,517.99,526.12
2024-06-17,,4.75,4.51,,,517.99,526.12
2024-06-18,,4.75,4.51,,,518.25,522.25
2024-06-19,,4.75,4.51,,,515.23,521.65
2024-06-20,,4.75,4.5,,,514.75,521.86
2024-06-21,,4.75,4.5,,,518.39,523.65
2024-06-22,,4.75,4.5,,,520.31,526.72
2024-06-23,,4.75,4.5,,,520.31,526.72
2024-06-24,,4.75,4.5,,,520.31,526.72
2024-06-25,,4.75,4.5,,,522.54,527.62
2024-06-26,,4.75,4.5,,,520.56,525.04
2024-06-27,,4.75,4.5,,,519.19,526.85
2024-06-28,,4.75,4.5,,,525.09,528.8
2024-06-29,,4.75,4.5,,,523.42,530.41
2024-06-30,109.70548476,4.75,4.5,12.41575439,24111328.2686724,523.42,530.41
2024-07-01,,4.75,4.5,,,523.42,530.41
2024-07-02,,4.75,4.5,,,520.8,529.51
2024-07-03,,4.75,4.5,,,523.47,529.43
2024-07-04,,4.75,4.47,,,523.9,529.09
2024-07-05,,4.75,4.47,,,525.46,531.39
2024-07-06,,4.75,4.47,,,528.02,534.95
2024-07-07,,4.75,4.47,,,528.02,534.95
2024-07-08,,4.75,4.47,,,528.02,534.95
2024-07-09,,4.75,4.47,,,527.21,534.29
2024-07-10,,4.75,4.47,,,526.12,529.11
2024-07-11,,4.75,4.47,,,521.82,527.52
2024-07-12,,4.75,4.47,,,519.45,525.93
2024-07-13,,4.75,4.47,,,518.62,527.06
2024-07-14,,4.75,4.47,,,518.62,527.06
2024-07-15,,4.75,4.47,,,518.62,527.06
2024-07-16,,4.75,4.47,,,520.87,526.06
2024-07-17,,4.75,4.47,,,519.65,525.84
2024-07-18,,4.75,4.44,,,520.23,525.82
2024-07-19,,4.75,4.44,,,522.54,527.79
2024-07-20,,4.75,4.44,,,525.53,531.35
2024-07-21,,4.75,4.44,,,525.53,531.35
2024-07-22,,4.75,4.44,,,525.53,531.35
2024-07-23,,4.75,4.44,,,525.6,531.05
2024-07-24,,4.75,4.44,,,523.4,529.68
2024-07-25,,4.75,4.4,,,522.41,527.85
2024-07-26,,4.75,4.4,,,522.41,527.85
2024-07-27,,4.75,4.4,,,523.18,527.73
2024-07-28,,4.75,4.4,,,523.18,527.73
2024-07-29,,4.75,4.4,,,523.18,527.73
2024-07-30,,4.75,4.4,,,522.02,527.18
2024-07-31,109.57204643,4.75,4.4,12.06,24282143.3788405,521.33,527.61
2024-08-01,,4.75,4.38,,,519.64,525.72
2024-08-02,,4.75,4.38,,,520.64,526.18
2024-08-03,,4.75,4.38,,,520.64,526.18
2024-08-04,,4.75,4.38,,,520.64,526.18
2024-08-05,,4.75,4.38,,,520.64,526.18
2024-08-06,,4.75,4.38,,,519.9,526.38
2024-08-07,,4.75,4.38,,,518.21,526.14
2024-08-08,,4.75,4.34,,,523.55,529.11
2024-08-09,,4.75,4.34,,,526.22,531.96
2024-08-10,,4.75,4.34,,,525.72,531.94
2024-08-11,,4.75,4.34,,,525.72,531.94
2024-08-12,,4.75,4.34,,,525.72,531.94
2024-08-13,,4.75,4.34,,,523.71,529.87
2024-08-14,,4.75,4.34,,,519.76,525.94
2024-08-15,,4.75,4.31,,,516.62,523.09
2024-08-16,,4.75,4.31,,,516.62,523.09
2024-08-17,,4.75,4.31,,,515.6,521.48
2024-08-18,,4.75,4.31,,,515.6,521.48
2024-08-19,,4.75,4.31,,,515.6,521.48
2024-08-20,,4.75,4.31,,,515.08,521.47
2024-08-21,,4.75,4.31,,,516.97,523.65
2024-08-22,,4.75,4.3,,,520.41,524.97
2024-08-23,,4.75,4.3,,,520.91,524.72
2024-08-24,,4.75,4.3,,,521.56,527.09
2024-08-25,,4.75,4.3,,,521.56,527.09
2024-08-26,,4.75,4.3,,,521.56,527.09
2024-08-27,,4.75,4.3,,,521.06,526.38
2024-08-28,,4.75,4.3,,,517.76,522.79
2024-08-29,,4.75,4.3,,,515.95,521.9
2024-08-30,,4.75,4.3,,,515.75,521.72
2024-08-31,109.69819957,4.75,4.3,12.53,24332525.065595,516.58,521.66
2024-09-01,,4.75,4.3,,,516.58,521.66
2024-09-02,,4.75,4.3,,,516.58,521.66
2024-09-03,,4.75,4.3,,,512.77,521.47
2024-09-04,,4.75,4.3,,,515.48,521.14
2024-09-05,,4.75,4.29,,,515.73,522.46
2024-09-06,,4.75,4.29,,,519.29,524.77
2024-09-07,,4.75,4.29,,,518.6,524.64
2024-09-08,,4.75,4.29,,,518.6,524.64
2024-09-09,,4.75,4.29,,,518.6,524.64
2024-09-10,,4.75,4.29,,,516.38,521.71
2024-09-11,,4.75,4.29,,,514.63,521.64
2024-09-12,,4.75,4.3,,,514.88,519.7
2024-09-13,,4.75,4.3,,,514.75,520.5
2024-09-14,,4.75,4.3,,,514.79,522.64
2024-09-15,,4.75,4.3,,,514.79,522.64
2024-09-16,,4.75,4.3,,,514.79,522.64
2024-09-17,,4.75,4.3,,,514.21,519.79
2024-09-18,,4.75,4.3,,,514.96,520.29
2024-09-19,,4.75,4.28,,,515.21,521.68
2024-09-20,,4.25,4.28,,,515.66,522.13
2024-09-21,,4.25,4.28,,,515.85,521.31
2024-09-22,,4.25,4.28,,,515.85,521.31
2024-09-23,,4.25,4.28,,,515.85,521.31
2024-09-24,,4.25,4.28,,,516.5,521.75
2024-09-25,,4.25,4.28,,,514.54,521.28
2024-09-26,,4.25,4.28,,,516.64,521.12
2024-09-27,,4.25,4.28,,,516.65,521.44
2024-09-28,,4.25,4.28,,,516.86,522.87
2024-09-29,,4.25,4.28,,,516.86,522.87
2024-09-30,109.33301018,4.25,4.28,11.91,24460667.4260105,516.86,522.87
2024-10-01,,4.25,4.28,,,515.05,521.69
2024-10-02,,4.25,4.28,,,512.68,520.71
2024-10-03,,4.25,4.27,,,516.23,520.58
2024-10-04,,4.25,4.27,,,515.56,521.89
2024-10-05,,4.25,4.27,,,517.71,522.37
2024-10-06,,4.25,4.27,,,517.71,522.37
2024-10-07,,4.25,4.27,,,517.71,522.37
2024-10-08,,4.25,4.27,,,515.16,521.5
2024-10-09,,4.25,4.27,,,513.26,519.38
2024-10-10,,4.25,4.26,,,513.71,519.17
2024-10-11,,4.25,4.26,,,514.27,518.8
2024-10-12,,4.25,4.26,,,512.34,517.94
2024-10-13,,4.25,4.26,,,512.34,517.94
2024-10-14,,4.25,4.26,,,512.34,517.94
2024-10-15,,4.25,4.26,,,511.11,517.75
2024-10-16,,4.25,4.26,,,511.2,518.06
2024-10-17,,4.25,4.25,,,511.58,517.31
2024-10-18,,4.0,4.25,,,510.85,517.0
2024-10-19,,4.0,4.25,,,511.15,517.26
2024-10-20,,4.0,4.25,,,511.15,517.26
2024-10-21,,4.0,4.25,,,511.15,517.26
2024-10-22,,4.0,4.25,,,513.2,517.44
2024-10-23,,4.0,4.25,,,512.44,518.8
2024-10-24,,4.0,4.25,,,512.18,518.21
2024-10-25,,4.0,4.25,,,513.13,517.0
2024-10-26,,4.0,4.25,,,510.08,517.48
2024-10-27,,4.0,4.25,,,510.08,517.48
2024-10-28,,4.0,4.25,,,510.08,517.48
2024-10-29,,4.0,4.25,,,510.23,516.56
2024-10-30,,4.0,4.25,,,509.29,515.51
2024-10-31,108.84745042,4.0,4.25,12.55,24533940.3681133,509.26,515.61
2024-11-01,,4.0,4.25,,,510.14,515.48
2024-11-02,,4.0,4.25,,,508.27,516.36
2024-11-03,,4.0,4.25,,,508.27,516.36
2024-11-04,,4.0,4.25,,,508.27,516.36
2024-11-05,,4.0,4.25,,,509.62,515.05
2024-11-06,,4.0,4.25,,,508.74,514.36
2024-11-07,,4.0,4.24,,,508.42,513.47
2024-11-08,,4.0,4.24,,,509.07,514.56
2024-11-09,,4.0,4.24,,,508.67,516.4
2024-11-10,,4.0,4.24,,,508.67,516.4
2024-11-11,,4.0,4.24,,,508.67,516.4
2024-11-12,,4.0,4.24,,,507.32,514.76
2024-11-13,,4.0,4.24,,,507.76,513.45
2024-11-14,,4.0,4.22,,,505.84,512.27
2024-11-15,,4.0,4.22,,,506.21,511.85
2024-11-16,,4.0,4.22,,,505.41,511.52
2024-11-17,,4.0,4.22,,,505.41,511.52
2024-11-18,,4.0,4.22,,,505.41,511.52
2024-11-19,,4.0,4.22,,,505.57,511.03
2024-11-20,,4.0,4.22,,,505.25,510.38
2024-11-21,,4.0,4.2,,,506.29,511.54
2024-11-22,,4.0,4.2,,,507.96,513.54
2024-11-23,,4.0,4.2,,,507.9,513.78
2024-11-24,,4.0,4.2,,,507.9,513.78
2024-11-25,,4.0,4.2,,,507.9,513.78
2024-11-26,,4.0,4.2,,,507.64,512.33
2024-11-27,,4.0,4.2,,,507.65,513.42
2024-11-28,,4.0,4.17,,,506.55,513.17
2024-11-29,,4.0,4.17,,,504.56,511.86
2024-11-30,109.35763409,4.0,4.17,11.49,24661842.7429238,504.56,511.54
2024-12-01,,4.0,4.17,,,504.56,511.54
2024-12-02,,4.0,4.17,,,504.56,511.54
2024-12-03,,4.0,4.17,,,504.05,510.71
2024-12-04,,4.0,4.17,,,503.9,508.35
2024-12-05,,4.0,4.15,,,504.1,508.64
2024-12-06,,4.0,4.15,,,500.66,507.09
2024-12-07,,4.0,4.15,,,501.77,507.78
2024-12-08,,4.0,4.15,,,501.77,507.78
2024-12-09,,4.0,4.15,,,501.77,507.78
2024-12-10,,4.0,4.15,,,498.71,506.59
2024-12-11,,4.0,4.15,,,500.65,506.75
2024-12-12,,4.0,4.17,,,501.02,506.69
2024-12-13,,4.0,4.17,,,501.82,507.66
2024-12-14,,4.0,4.17,,,500.27,507.33
2024-12-15,,4.0,4.17,,,500.27,507.33
2024-12-16,,4.0,4.17,,,500.27,507.33
2024-12-17,,4.0,4.17,,,500.21,505.79
2024-12-18,,4.0,4.17,,,499.84,506.35
2024-12-19,,4.0,4.15,,,501.48,507.5
2024-12-20,,4.0,4.15,,,504.2,510.32
2024-12-21,,4.0,4.15,,,504.67,509.95
2024-12-22,,4.0,4.15,,,504.67,509.95
2024-12-23,,4.0,4.15,,,504.67,509.95
2024-12-24,,4.0,4.15,,,503.72,509.57
2024-12-25,,4.0,4.15,,,503.63,510.05
2024-12-26,,4.0,4.13,,,503.63,510.05
2024-12-27,,4.0,4.13,,,504.65,511.9
2024-12-28,,4.0,4.13,,,506.0,512.75
2024-12-29,,4.0,4.13,,,506.0,512.75
2024-12-30,,4.0,4.13,,,506.0,512.75
2024-12-31,110.39017167,4.0,4.13,10.44,24753699.6138958,506.66,512.73
2025-01-01,,4.0,4.13,,,506.66,512.73
2025-01-02,,4.0,4.15,,,506.66,512.73
2025-01-03,,4.0,4.15,,,506.98,513.23
2025-01-04,,4.0,4.15,,,505.06,511.93
2025-01-05,,4.0,4.15,,,505.06,511.93
2025-01-06,,4.0,4.15,,,505.06,511.93
2025-01-07,,4.0,4.15,,,505.59,510.95
2025-01-08,,4.0,4.15,,,504.39,509.63
2025-01-09,,4.0,4.14,,,503.03,508.45
2025-01-10,,4.0,4.14,,,502.21,507.37
2025-01-11,,4.0,4.14,,,500.91,507.18
2025-01-12,,4.0,4.14,,,500.91,507.18
2025-01-13,,4.0,4.14,,,500.91,507.18
2025-01-14,,4.0,4.14,,,499.42,506.96
2025-01-15,,4.0,4.14,,,498.85,505.0
2025-01-16,,4.0,4.14,,,498.21,504.27
2025-01-17,,4.0,4.14,,,498.66,505.52
2025-01-18,,4.0,4.14,,,499.3,506.23
2025-01-19,,4.0,4.14,,,499.3,506.23
2025-01-20,,4.0,4.14,,,499.3,506.23
2025-01-21,,4.0,4.14,,,499.82,506.58
2025-01-22,,4.0,4.14,,,501.55,506.87
2025-01-23,,4.0,4.13,,,501.52,507.25
2025-01-24,,4.0,4.13,,,502.36,507.52
2025-01-25,,4.0,4.13,,,503.83,509.42
2025-01-26,,4.0,4.13,,,503.83,509.42
2025-01-27,,4.0,4.13,,,503.83,509.42
2025-01-28,,4.0,4.13,,,504.21,510.37
2025-01-29,,4.0,4.13,,,504.33,509.26
2025-01-30,,4.0,4.09,,,501.39,509.28
2025-01-31,110.78919062,4.0,4.09,12.1288531,24772170.9461067,506.41,510.66
2025-02-01,,4.0,4.09,,,502.98,511.38
2025-02-02,,4.0,4.09,,,502.98,511.38
2025-02-03,,4.0,4.09,,,502.98,511.38
2025-02-04,,4.0,4.09,,,504.34,510.99
2025-02-05,,4.0,4.09,,,505.82,511.14
2025-02-06,,4.0,4.08,,,506.63,511.48
2025-02-07,,4.0,4.08,,,506.35,511.34
2025-02-08,,4.0,4.08,,,505.73,511.67
2025-02-09,,4.0,4.08,,,505.73,511.67
2025-02-10,,4.0,4.08,,,505.73,511.67
2025-02-11,,4.0,4.08,,,502.98,510.76
2025-02-12,,4.0,4.08,,,503.99,510.14
2025-02-13,,4.0,4.06,,,503.96,509.92
2025-02-14,,4.0,4.06,,,503.07,508.98
2025-02-15,,4.0,4.06,,,503.51,509.5
2025-02-16,,4.0,4.06,,,503.51,509.5
2025-02-17,,4.0,4.06,,,503.51,509.5
2025-02-18,,4.0,4.06,,,502.74,508.18
2025-02-19,,4.0,4.06,,,503.24,508.54
2025-02-20,,4.0,4.07,,,502.02,507.83
2025-02-21,,4.0,4.07,,,503.26,508.61
2025-02-22,,4.0,4.07,,,503.9,508.9
2025-02-23,,4.0,4.07,,,503.9,508.9
2025-02-24,,4.0,4.07,,,503.9,508.9
2025-02-25,,4.0,4.07,,,502.66,508.42
2025-02-26,,4.0,4.07,,,503.06,509.18
2025-02-27,,4.0,4.08,,,504.39,509.28
2025-02-28,110.77496945,4.0,4.08,11.55,24856838.7755611,502.97,508.72
2025-03-01,,4.0,4.08,,,500.38,508.15
2025-03-02,,4.0,4.08,,,500.38,508.15
2025-03-03,,4.0,4.08,,,500.38,508.15
2025-03-04,,4.0,4.08,,,499.26,506.27
2025-03-05,,4.0,4.08,,,501.16,507.54
2025-03-06,,4.0,4.07,,,502.56,508.52
2025-03-07,,4.0,4.07,,,501.64,507.42
2025-03-08,,4.0,4.07,,,499.65,508.44
2025-03-09,,4.0,4.07,,,499.65,508.44
2025-03-10,,4.0,4.07,,,499.65,508.44
2025-03-11,,4.0,4.07,,,499.06,506.04
2025-03-12,,4.0,4.07,,,496.4,503.71
2025-03-13,,4.0,4.05,,,496.52,502.55
2025-03-14,,4.0,4.05,,,496.32,502.07
2025-03-15,,4.0,4.05,,,495.64,501.96
2025-03-16,,4.0,4.05,,,495.64,501.96
2025-03-17,,4.0,4.05,,,495.64,501.96
2025-03-18,,4.0,4.05,,,495.85,501.6
2025-03-19,,4.0,4.05,,,495.26,501.68
2025-03-20,,4.0,4.04,,,496.76,501.74
2025-03-21,,4.0,4.04,,,496.93,503.04
2025-03-22,,4.0,4.04,,,497.49,502.76
2025-03-23,,4.0,4.04,,,497.49,502.76
2025-03-24,,4.0,4.04,,,497.49,502.76
2025-03-25,,4.0,4.04,,,495.47,501.79
2025-03-26,,4.0,4.04,,,496.38,501.15
2025-03-27,,4.0,4.02,,,496.66,501.88
2025-03-28,,4.0,4.02,,,497.33,502.95
2025-03-29,,4.0,4.02,,,497.07,504.21
2025-03-30,,4.0,4.02,,,497.07,504.21
2025-03-31,110.4234632,4.0,4.02,11.04,24879726.9674342,497.07,504.21
2025-04-01,,4.0,4.02,,,496.27,504.07
2025-04-02,,4.0,4.02,,,499.01,505.82
2025-04-03,,4.0,3.99,,,501.38,506.3
2025-04-04,,4.0,3.99,,,503.42,508.27
2025-04-05,,4.0,3.99,,,503.88,510.91
2025-04-06,,4.0,3.99,,,503.88,510.91
2025-04-07,,4.0,3.99,,,503.88,510.91
2025-04-08,,4.0,3.99,,,506.81,511.19
2025-04-09,,4.0,3.99,,,505.26,512.14
2025-04-10,,4.0,3.98,,,505.27,512.07
2025-04-11,,4.0,3.98,,,503.43,510.17
2025-04-12,,4.0,3.98,,,503.43,510.17
2025-04-13,,4.0,3.98,,,503.43,510.17
2025-04-14,,4.0,3.98,,,503.43,510.17
2025-04-15,,4.0,3.98,,,502.36,508.21
2025-04-16,,4.0,3.98,,,499.18,506.74
2025-04-17,,4.0,3.94,,,498.68,506.48
2025-04-18,,4.0,3.94,,,498.68,506.48
2025-04-19,,4.0,3.94,,,498.68,506.48
2025-04-20,,4.0,3.94,,,498.68,506.48
2025-04-21,,4.0,3.94,,,498.68,506.48
2025-04-22,,4.0,3.94,,,500.3,505.22
2025-04-23,,4.0,3.94,,,500.11,505.68
2025-04-24,,4.0,3.89,,,500.84,507.34
2025-04-25,,4.0,3.89,,,503.9,508.52
2025-04-26,,4.0,3.89,,,502.5,508.96
2025-04-27,,4.0,3.89,,,502.5,508.96
2025-04-28,,4.0,3.89,,,502.5,508.96
2025-04-29,,4.0,3.89,,,502.6,508.4
2025-04-30,109.86484411,4.0,3.89,11.53,25078513.7746717,502.24,508.0
2025-05-01,,4.0,3.87,,,502.68,508.67
2025-05-02,,4.0,3.87,,,502.68,508.67
2025-05-03,,4.0,3.87,,,501.95,509.57
2025-05-04,,4.0,3.87,,,501.95,509.57
2025-05-05,,4.0,3.87,,,501.95,509.57
2025-05-06,,4.0,3.87,,,502.99,508.82
2025-05-07,,4.0,3.87,,,505.16,510.43
2025-05-08,,4.0,3.87,,,505.65,510.86
2025-05-09,,4.0,3.87,,,506.0,510.6
2025-05-10,,4.0,3.87,,,501.96,510.76
2025-05-11,,4.0,3.87,,,501.96,510.76
2025-05-12,,4.0,3.87,,,501.96,510.76
2025-05-13,,4.0,3.87,,,503.5,509.64
2025-05-14,,4.0,3.87,,,502.75,508.35
2025-05-15,,4.0,3.87,,,502.1,507.48
2025-05-16,,4.0,3.87,,,499.93,506.43
2025-05-17,,4.0,3.87,,,499.87,506.41
2025-05-18,,4.0,3.87,,,499.87,506.41
2025-05-19,,4.0,3.87,,,499.87,506.41
2025-05-20,,4.0,3.87,,,499.63,505.96
2025-05-21,,4.0,3.87,,,502.58,507.18
2025-05-22,,4.0,3.88,,,504.3,509.05
2025-05-23,,4.0,3.88,,,506.81,510.58
2025-05-24,,4.0,3.88,,,504.94,511.06
2025-05-25,,4.0,3.88,,,504.94,511.06
2025-05-26,,4.0,3.88,,,504.94,511.06
2025-05-27,,4.0,3.88,,,504.02,510.92
2025-05-28,,4.0,3.88,,,506.74,511.07
2025-05-29,,4.0,3.91,,,505.51,511.22
2025-05-30,,4.0,3.91,,,504.25,509.9
2025-05-31,109.4204838,4.0,3.91,11.37,25238877.6568236,502.81,509.94
2025-06-01,,4.0,3.91,,,502.81,509.94
2025-06-02,,4.0,3.91,,,502.81,509.94
2025-06-03,,4.0,3.91,,,502.91,509.33
2025-06-04,,4.0,3.91,,,505.69,510.67
2025-06-05,,4.0,3.9,,,504.44,512.02
2025-06-06,,4.0,3.9,,,507.2,511.84
2025-06-07,,4.0,3.9,,,505.57,510.68
2025-06-08,,4.0,3.9,,,505.57,510.68
2025-06-09,,4.0,3.9,,,505.57,510.68
2025-06-10,,4.0,3.9,,,503.01,509.32
2025-06-11,,4.0,3.9,,,501.4,508.46
2025-06-12,,4.0,3.91,,,500.61,505.81
2025-06-13,,4.0,3.91,,,499.85,505.64
2025-06-14,,4.0,3.91,,,499.22,505.28
2025-06-15,,4.0,3.91,,,499.22,505.28
2025-06-16,,4.0,3.91,,,499.22,505.28
2025-06-17,,4.0,3.91,,,499.75,505.4
2025-06-18,,4.0,3.91,,,500.36,506.27
2025-06-19,,4.0,3.91,,,502.88,507.95
2025-06-20,,4.0,3.91,,,503.34,509.2
2025-06-21,,4.0,3.91,,,504.76,510.37
2025-06-22,,4.0,3.91,,,504.76,510.37
2025-06-23,,4.0,3.91,,,504.76,510.37
2025-06-24,,4.0,3.91,,,504.47,510.35
2025-06-25,,4.0,3.91,,,503.34,508.2
2025-06-26,,4.0,3.91,,,503.57,507.19
2025-06-27,,4.0,3.91,,,502.01,507.73
2025-06-28,,4.0,3.91,,,502.0,508.28
2025-06-29,,4.0,3.91,,,502.0,508.28
2025-06-30,109.46943792,4.0,3.91,11.03117908,25074667.3257535,502.0,508.28
2025-07-01,,4.0,3.91,,,502.25,508.85
2025-07-02,,4.0,3.91,,,502.42,507.92
2025-07-03,,4.0,3.91,,,502.65,507.6
2025-07-04,,4.0,3.91,,,501.94,507.31
2025-07-05,,4.0,3.91,,,501.13,508.24
2025-07-06,,4.0,3.91,,,501.13,508.24
2025-07-07,,4.0,3.91,,,501.13,508.24
2025-07-08,,4.0,3.91,,,501.88,506.68
2025-07-09,,4.0,3.91,,,500.2,505.82
2025-07-10,,4.0,3.9,,,500.42,506.64
2025-07-11,,4.0,3.9,,,501.73,508.03
2025-07-12,,4.0,3.9,,,501.77,507.22
2025-07-13,,4.0,3.9,,,501.77,507.22
2025-07-14,,4.0,3.9,,,501.77,507.22
2025-07-15,,4.0,3.9,,,499.43,505.78
2025-07-16,,4.0,3.9,,,500.26,505.22
2025-07-17,,4.0,3.9,,,500.23,506.27
2025-07-18,,3.75,3.9,,,500.87,506.17
2025-07-19,,3.75,3.9,,,499.51,506.08
2025-07-20,,3.75,3.9,,,499.51,506.08
2025-07-21,,3.75,3.9,,,499.51,506.08
2025-07-22,,3.75,3.9,,,500.17,506.11
2025-07-23,,3.75,3.9,,,502.95,506.4
2025-07-24,,3.75,3.89,,,501.78,507.83
2025-07-25,,3.75,3.89,,,505.06,507.78
2025-07-26,,3.75,3.89,,,505.06,507.78
2025-07-27,,3.75,3.89,,,505.06,507.78
2025-07-28,,3.75,3.89,,,505.06,507.78
2025-07-29,,3.75,3.89,,,502.11,508.75
2025-07-30,,3.75,3.89,,,503.26,508.81
2025-07-31,108.90566338,3.75,3.86,12.08,25197907.4425371,502.69,508.35
2025-08-01,,3.75,3.86,,,502.67,508.57
2025-08-02,,3.75,3.86,,,502.36,509.73
2025-08-03,,3.75,3.86,,,502.36,509.73
2025-08-04,,3.75,3.86,,,502.36,509.73
2025-08-05,,3.75,3.86,,,501.52,509.03
2025-08-06,,3.75,3.86,,,501.86,508.86
2025-08-07,,3.75,3.86,,,505.3,509.54
2025-08-08,,3.75,3.86,,,504.06,509.47
2025-08-09,,3.75,3.86,,,502.37,508.87
2025-08-10,,3.75,3.86,,,502.37,508.87
2025-08-11,,3.75,3.86,,,502.37,508.87
2025-08-12,,3.75,3.86,,,499.8,508.07
2025-08-13,,3.75,3.86,,,502.71,507.49
2025-08-14,,3.75,3.85,,,501.85,507.08
2025-08-15,,3.75,3.85,,,499.98,506.21
2025-08-16,,3.75,3.85,,,499.98,506.21
2025-08-17,,3.75,3.85,,,499.98,506.21
2025-08-18,,3.75,3.85,,,499.98,506.21
2025-08-19,,3.75,3.85,,,500.69,505.9
2025-08-20,,3.75,3.85,,,500.74,506.88
2025-08-21,,3.75,3.84,,,502.14,506.47
2025-08-22,,3.75,3.84,,,500.05,505.01
2025-08-23,,3.75,3.84,,,499.14,505.72
2025-08-24,,3.75,3.84,,,499.14,505.72
2025-08-25,,3.75,3.84,,,499.14,505.72
2025-08-26,,3.75,3.84,,,500.49,506.84
2025-08-27,,3.75,3.84,,,503.72,507.88
2025-08-28,,3.75,3.86,,,503.13,508.18
2025-08-29,,3.75,3.86,,,502.78,508.23
2025-08-30,,3.75,3.86,,,502.99,509.25
2025-08-31,108.67161103,3.75,3.86,11.47,25322265.5380727,502.99,509.25
2025-09-01,,3.75,3.86,,,502.99,509.25
2025-09-02,,3.75,3.86,,,501.66,509.04
2025-09-03,,3.75,3.86,,,505.44,510.27
2025-09-04,,3.75,3.88,,,505.64,510.01
2025-09-05,,3.75,3.88,,,505.54,509.85
2025-09-06,,3.75,3.88,,,503.19,509.6
2025-09-07,,3.75,3.88,,,503.19,509.6
2025-09-08,,3.75,3.88,,,503.19,509.6
2025-09-09,,3.75,3.88,,,502.46,508.7
2025-09-10,,3.75,3.88,,,499.83,507.03
2025-09-11,,3.75,3.88,,,502.15,507.47
2025-09-12,,3.75,3.88,,,501.17,506.6
2025-09-13,,3.75,3.88,,,500.32,506.98
2025-09-14,,3.75,3.88,,,500.32,506.98
2025-09-15,,3.75,3.88,,,500.32,506.98
2025-09-16,,3.75,3.88,,,500.32,506.98
2025-09-17,,3.75,3.88,,,500.05,506.53
2025-09-18,,3.75,3.89,,,500.99,506.26
2025-09-19,,3.5,3.89,,,500.15,506.21
2025-09-20,,3.5,3.89,,,500.51,506.52
2025-09-21,,3.5,3.89,,,500.51,506.52
2025-09-22,,3.5,3.89,,,500.51,506.52
2025-09-23,,3.5,3.89,,,500.43,506.39
2025-09-24,,3.5,3.89,,,502.0,506.42
2025-09-25,,3.5,3.88,,,502.62,507.52
2025-09-26,,3.5,3.88,,,502.76,506.38
2025-09-27,,3.5,3.88,,,499.99,506.33
2025-09-28,,3.5,3.88,,,499.99,506.33
2025-09-29,,3.5,3.88,,,499.99,506.33
2025-09-30,108.23614574,3.5,3.88,10.76,25488555.4955365,498.65,506.0
2025-10-01,,3.5,3.88,,,500.27,506.87
2025-10-02,,3.5,3.86,,,501.2,506.56
2025-10-03,,3.5,3.86,,,501.02,507.65
2025-10-04,,3.5,3.86,,,500.57,507.98
2025-10-05,,3.5,3.86,,,500.57,507.98
2025-10-06,,3.5,3.86,,,500.57,507.98
2025-10-07,,3.5,3.86,,,502.57,508.22
2025-10-08,,3.5,3.86,,,501.8,508.46
2025-10-09,,3.5,3.85,,,501.05,506.84
2025-10-10,,3.5,3.85,,,499.97,506.35
2025-10-11,,3.5,3.85,,,501.78,506.99
2025-10-12,,3.5,3.85,,,501.78,506.99
2025-10-13,,3.5,3.85,,,501.78,506.99
2025-10-14,,3.5,3.85,,,501.29,507.31
2025-10-15,,3.5,3.85,,,501.41,505.55
2025-10-16,,3.5,3.83,,,499.31,504.9
2025-10-17,,3.5,3.83,,,498.56,504.84
2025-10-18,,3.5,3.83,,,499.3,504.94
2025-10-19,,3.5,3.83,,,499.3,504.94
2025-10-20,,3.5,3.83,,,499.3,504.94
2025-10-21,,3.5,3.83,,,499.97,505.3
2025-10-22,,3.5,3.83,,,500.63,505.94
2025-10-23,,3.5,3.82,,,499.84,506.5
2025-10-24,,3.5,3.82,,,500.01,504.96
2025-10-25,,3.5,3.82,,,498.96,504.06
2025-10-26,,3.5,3.82,,,498.96,504.06
2025-10-27,,3.5,3.82,,,498.96,504.06
2025-10-28,,3.5,3.82,,,498.5,503.85
2025-10-29,,3.5,3.82,,,498.89,504.58
2025-10-30,,3.5,3.81,,,499.46,505.03
2025-10-31,108.43639759,3.5,3.81,11.61,25513284.2415638,498.19,504.44
2025-11-01,,3.5,3.81,,,498.37,504.73
2025-11-02,,3.5,3.81,,,498.37,504.73
2025-11-03,,3.5,3.81,,,498.37,504.73
2025-11-04,,3.5,3.81,,,498.44,504.69
2025-11-05,,3.5,3.81,,,501.34,505.44
2025-11-06,,3.5,3.8,,,501.81,505.87
2025-11-07,,3.5,3.8,,,501.13,506.38
2025-11-08,,3.5,3.8,,,500.11,505.46
2025-11-09,,3.5,3.8,,,500.11,505.46
2025-11-10,,3.5,3.8,,,500.11,505.46
2025-11-11,,3.5,3.8,,,499.33,504.88
2025-11-12,,3.5,3.8,,,499.46,505.39
2025-11-13,,3.5,3.79,,,499.01,503.92
2025-11-14,,3.5,3.79,,,497.62,502.57
2025-11-15,,3.5,3.79,,,496.11,501.38
2025-11-16,,3.5,3.79,,,496.11,501.38
2025-11-17,,3.5,3.79,,,496.11,501.38
2025-11-18,,3.5,3.79,,,495.68,501.83
2025-11-19,,3.5,3.79,,,495.92,501.83
2025-11-20,,3.5,3.79,,,496.64,502.16
2025-11-21,,3.5,3.79,,,495.84,502.34
2025-11-22,,3.5,3.79,,,496.39,501.6
2025-11-23,,3.5,3.79,,,496.39,501.6
2025-11-24,,3.5,3.79,,,496.39,501.6
2025-11-25,,3.5,3.79,,,496.07,499.82
2025-11-26,,3.5,3.79,,,492.55,498.4
2025-11-27,,3.5,3.78,,,493.11,497.9
2025-11-28,,3.5,3.78,,,490.19,496.59
2025-11-29,,3.5,3.78,,,488.55,496.39
2025-11-30,108.9465016,3.5,3.78,11.62,25530617.8448504,488.55,496.39
2025-12-01,,3.5,3.78,,,488.55,496.39
2025-12-02,,3.5,3.78,,,488.55,496.39
2025-12-03,,3.5,3.78,,,489.96,494.36
2025-12-04,,3.5,3.78,,,487.73,492.91
2025-12-05,,3.5,3.78,,,486.23,490.78
2025-12-06,,3.5,3.78,,,485.15,491.54
2025-12-07,,3.5,3.78,,,485.15,491.54
2025-12-08,,3.5,3.78,,,485.15,491.54
2025-12-09,,3.5,3.78,,,485.23,492.57
2025-12-10,,3.5,3.78,,,489.52,495.26
2025-12-11,,3.5,3.77,,,495.29,501.76
2025-12-12,,3.5,3.77,,,496.49,502.14
2025-12-13,,3.5,3.77,,,494.34,500.49
2025-12-14,,3.5,3.77,,,494.34,500.49
2025-12-15,,3.5,3.77,,,494.34,500.49
2025-12-16,,3.5,3.77,,,492.63,498.48
2025-12-17,,3.5,3.77,,,491.47,498.03
2025-12-18,,3.5,3.77,,,493.35,498.51
2025-12-19,,3.25,3.77,,,494.31,497.59
2025-12-20,,3.25,3.77,,,492.46,498.05
2025-12-21,,3.25,3.77,,,492.46,498.05
2025-12-22,,3.25,3.77,,,492.46,498.05
2025-12-23,,3.25,3.77,,,490.8,498.19
2025-12-24,,3.25,3.77,,,494.02,499.78
2025-12-25,,3.25,3.78,,,495.21,501.93
2025-12-26,,3.25,3.78,,,495.21,501.93
2025-12-27,,3.25,3.78,,,495.13,500.27
2025-12-28,,3.25,3.78,,,495.13,500.27
2025-12-29,,3.25,3.78,,,495.13,500.27
2025-12-30,,3.25,3.78,,,495.43,501.08
2025-12-31,109.0359301,3.25,3.78,10.47,25677290.5956207,495.78,501.42
2026-01-01,,3.25,3.77,,,495.78,501.42
2026-01-02,,3.25,3.77,,,495.78,501.42
2026-01-03,,3.25,3.77,,,496.08,502.64
2026-01-04,,3.25,3.77,,,496.08,502.64
2026-01-05,,3.25,3.77,,,496.08,502.64
2026-01-06,,3.25,3.77,,,495.4,500.4
2026-01-07,,3.25,3.77,,,495.22,500.57
2026-01-08,,3.25,3.76,,,495.01,500.15
2026-01-09,,3.25,3.76,,,494.4,500.23
2026-01-10,,3.25,3.76,,,495.1,501.15
2026-01-11,,3.25,3.76,,,495.1,501.15
2026-01-12,,3.25,3.76,,,495.1,501.15
2026-01-13,,3.25,3.76,,,493.74,499.84
2026-01-14,,3.25,3.76,,,492.3,496.82
2026-01-15,,3.25,3.75,,,488.19,495.38
2026-01-16,,3.25,3.75,,,485.91,491.51
2026-01-17,,3.25,3.75,,,484.38,490.28
2026-01-18,,3.25,3.75,,,484.38,490.28
2026-01-19,,3.25,3.75,,,484.38,490.28
2026-01-20,,3.25,3.75,,,484.41,490.87
2026-01-21,,3.25,3.75,,,487.01,492.44
2026-01-22,,3.25,3.73,,,488.57,494.27
2026-01-23,,3.25,3.73,,,492.59,497.49
2026-01-24,,3.25,3.73,,,496.46,500.22
2026-01-25,,3.25,3.73,,,496.46,500.22
2026-01-26,,3.25,3.73,,,496.46,500.22
2026-01-27,,3.25,3.73,,,494.45,500.8
2026-01-28,,3.25,3.73,,,493.54,496.41
2026-01-29,,3.25,3.72,,,489.72,496.55
2026-01-30,,3.25,3.72,,,491.7,497.46
2026-01-31,107.98540252,3.25,3.72,11.57,25642502.2010933,492.32,499.37
2026-02-01,,3.25,3.72,,,492.32,499.37
2026-02-02,,3.25,3.72,,,492.32,499.37
2026-02-03,,3.25,3.72,,,491.23,498.16
2026-02-04,,3.25,3.72,,,491.92,497.72
2026-02-05,,3.25,3.73,,,493.86,498.93
2026-02-06,,3.25,3.73,,,491.24,496.18
2026-02-07,,3.25,3.73,,,488.9,496.44
2026-02-08,,3.25,3.73,,,488.9,496.44
2026-02-09,,3.25,3.73,,,488.9,496.44
2026-02-10,,3.25,3.73,,,488.23,494.9
2026-02-11,,3.25,3.73,,,486.37,492.84
2026-02-12,,3.25,3.73,,,484.66,490.28
2026-02-13,,3.25,3.73,,,482.29,487.69
2026-02-14,,3.25,3.73,,,478.72,485.72
2026-02-15,,3.25,3.73,,,478.72,485.72
2026-02-16,,3.25,3.73,,,478.72,485.72
2026-02-17,,3.25,3.73,,,476.82,484.84
2026-02-18,,3.25,3.73,,,479.14,484.62
2026-02-19,,3.25,3.7,,,478.02,482.99
2026-02-20,,3.25,3.7,,,474.09,480.35
2026-02-21,,3.25,3.7,,,471.99,476.41
2026-02-22,,3.25,3.7,,,471.99,476.41
2026-02-23,,3.25,3.7,,,471.99,476.41
2026-02-24,,3.25,3.7,,,471.38,476.97
2026-02-25,,3.25,3.7,,,471.91,476.58
2026-02-26,,3.25,3.7,,,470.83,475.68
2026-02-27,,3.25,3.7,,,469.44,474.25
2026-02-28,107.75056811,3.25,3.7,11.82,25184403.7222087,466.92,474.25
2026-03-01,,3.25,3.7,,,466.92,474.25
2026-03-02,,3.25,3.7,,,466.92,474.25
2026-03-03,,3.25,3.7,,,466.46,473.91
2026-03-04,,3.25,3.7,,,468.28,474.88
2026-03-05,,3.25,3.66,,,472.42,477.48
2026-03-06,,3.25,3.66,,,475.26,479.79
2026-03-07,,3.25,3.66,,,473.35,478.7
2026-03-08,,3.25,3.66,,,473.35,478.7
2026-03-09,,3.25,3.66,,,473.35,478.7
2026-03-10,,3.25,3.66,,,467.59,476.82
2026-03-11,,3.25,3.66,,,468.97,474.54
2026-03-12,,3.25,3.67,,,468.71,474.05
2026-03-13,,3.25,3.67,,,467.6,473.47
2026-03-14,,3.25,3.67,,,466.6,472.88
2026-03-15,,3.25,3.67,,,466.6,472.88
2026-03-16,,3.25,3.67,,,466.6,472.88
2026-03-17,,3.25,3.67,,,465.78,471.61
2026-03-18,,3.25,3.67,,,463.61,470.58
2026-03-19,,3.25,3.66,,,465.83,469.94
2026-03-20,,3.25,3.66,,,464.54,469.69
2026-03-21,,3.25,3.66,,,463.24,469.49
2026-03-22,,3.25,3.66,,,463.24,469.49
2026-03-23,,3.25,3.66,,,463.24,469.49
2026-03-24,,3.25,3.66,,,463.5,468.29
2026-03-25,,3.25,3.66,,,463.09,466.89
2026-03-26,,3.25,3.65,,,460.59,466.66
2026-03-27,,3.25,3.65,,,461.96,466.89
2026-03-28,,3.25,3.65,,,461.92,467.22
2026-03-29,,3.25,3.65,,,461.92,467.22
2026-03-30,,3.25,3.65,,,461.92,467.22
2026-03-31,108.11216613,3.25,3.65,11.49,25135520.4661799,462.08,467.85
2026-04-01,,3.25,3.65,,,462.32,467.52
2026-04-02,,3.25,3.64,,,461.9,468.77
2026-04-03,,3.25,3.64,,,461.9,468.77
2026-04-04,,3.25,3.64,,,461.9,468.77
2026-04-05,,3.25,3.64,,,461.9,468.77
2026-04-06,,3.25,3.64,,,461.9,468.77
2026-04-07,,3.25,3.64,,,461.13,466.67
2026-04-08,,3.25,3.64,,,462.83,467.55
2026-04-09,,3.25,3.62,,,462.74,467.1
2026-04-10,,3.25,3.62,,,460.35,465.34
2026-04-11,,3.25,3.62,,,458.94,465.15
2026-04-12,,3.25,3.62,,,458.94,465.15
2026-04-13,,3.25,3.62,,,458.94,465.15
2026-04-14,,3.25,3.62,,,456.86,463.9
2026-04-15,,3.25,3.62,,,455.84,462.06
2026-04-16,,3.25,3.61,,,455.54,460.32
2026-04-17,,3.25,3.61,,,452.52,459.59
2026-04-18,,3.25,3.61,,,452.59,458.64
2026-04-19,,3.25,3.61,,,452.59,458.64
2026-04-20,,3.25,3.61,,,452.59,458.64
2026-04-21,,3.25,3.61,,,451.72,458.01
2026-04-22,,3.25,3.61,,,452.95,457.14
2026-04-23,,3.25,3.6,,,452.99,457.6
2026-04-24,,3.25,3.6,,,453.59,456.55
2026-04-25,,3.25,3.6,,,451.57,457.22
2026-04-26,,3.25,3.6,,,451.57,457.22
2026-04-27,,3.25,3.6,,,451.57,457.22
2026-04-28,,3.25,3.6,,,451.85,457.93
2026-04-29,,3.25,3.6,,,452.37,457.23
2026-04-30,108.06418002,3.25,3.62,12.15,25047285.3930846,452.25,456.95
2026-05-01,,3.25,3.62,,,451.37,457.78
2026-05-02,,3.25,3.62,,,451.37,457.78
2026-05-03,,3.25,3.62,,,451.37,457.78
2026-05-04,,3.25,3.62,,,451.37,457.78
2026-05-05,,3.25,3.62,,,452.07,457.85
2026-05-06,,3.25,3.62,,,453.52,458.97
2026-05-07,,3.25,3.62,,,456.63,460.89
2026-05-08,,3.25,3.62,,,455.24,460.51
2026-05-09,,3.25,3.62,,,455.24,460.51
2026-05-10,,3.25,3.62,,,455.24,460.51
2026-05-11,,3.25,3.62,,,455.24,460.51
2026-05-12,,3.25,3.62,,,453.23,459.53
2026-05-13,,3.25,3.62,,,452.75,457.64
2026-05-14,,3.25,3.64,,,451.48,457.33
2026-05-15,,3.25,3.64,,,451.24,455.93
2026-05-16,,3.25,3.64,,,449.17,455.61
2026-05-17,,3.25,3.64,,,449.17,455.61
2026-05-18,,3.25,3.64,,,449.17,455.61
2026-05-19,,3.25,3.64,,,449.52,455.24
2026-05-20,,3.25,3.64,,,449.66,454.22
2026-05-21,,3.25,3.65,,,449.53,455.1
2026-05-22,,3.25,3.65,,,451.95,454.82
2026-05-23,,3.25,3.65,,,449.07,455.75
2026-05-24,,3.25,3.65,,,449.07,455.75
2026-05-25,,3.25,3.65,,,449.07,455.75
2026-05-26,,3.25,3.65,,,448.92,455.14
2026-05-27,,3.25,3.65,,,450.95,454.32
2026-05-28,,3.25,3.64,,,449.56,455.52
2026-05-29,,3.25,3.64,,,451.23,456.16
2026-05-30,,3.25,3.64,,,452.56,460.18
2026-05-31,108.35504212,3.25,3.64,12.11966182,25225430.1712426,452.56,460.18
2026-06-01,,3.25,3.64,,,452.56,460.18
2026-06-02,,3.25,3.64,,,454.82,461.17
2026-06-03,,3.25,3.64,,,456.9,462.56
2026-06-04,,3.25,3.65,,,459.14,463.66
2026-06-05,,3.25,3.65,,,458.41,463.58
2026-06-06,,3.25,3.65,,,457.02,462.86
2026-06-07,,3.25,3.65,,,457.02,462.86
2026-06-08,,3.25,3.65,,,457.02,462.86
2026-06-09,,3.25,3.65,,,455.55,460.7
2026-06-10,,3.25,3.65,,,453.41,458.71
2026-06-11,,3.25,3.65,,,451.82,456.62
2026-06-12,,3.25,3.65,,,451.14,457.2
2026-06-13,,3.25,3.65,,,452.4,458.68
2026-06-14,,3.25,3.65,,,452.4,458.68
2026-06-15,,3.25,3.65,,,452.4,458.68
2026-06-16,,3.25,3.65,,,451.13,457.24
2026-06-17,,3.25,3.65,,,450.02,455.9
2026-06-18,,3.25,3.65,,,450.55,455.2
2026-06-19,,3.25,3.65,,,450.06,455.14
2026-06-20,,3.25,3.65,,,450.33,456.01
2026-06-21,,3.25,3.65,,,450.33,456.01
2026-06-22,,3.25,3.65,,,450.33,456.01
2026-06-23,,3.25,3.65,,,452.1,456.5
2026-06-24,,3.25,3.65,,,451.2,455.73
2026-06-25,,3.25,3.66,,,451.66,454.64
2026-06-26,,3.25,3.66,,,450.59,455.33
2026-06-27,,3.25,3.66,,,450.46,456.01
2026-06-28,,3.25,3.66,,,450.46,456.01
2026-06-29,,3.25,3.66,,,450.46,456.01
2026-06-30,109.12094315,3.25,3.66,11.39142409,,451.89,457.17
2026-07-01,,3.25,3.66,,,451.41,456.94
2026-07-02,,3.25,3.66,,,451.72,455.42
2026-07-03,,3.25,3.66,,,450.98,456.09
2026-07-04,,3.25,3.66,,,450.38,456.42
2026-07-05,,3.25,3.66,,,450.38,456.42
2026-07-06,,3.25,3.66,,,450.38,456.42
2026-07-07,,3.25,3.66,,,449.49,455.77
2026-07-08,,3.25,3.66,,,449.85,454.15
2026-07-09,,3.25,3.65,,,450.34,453.77
2026-07-10,,3.25,3.65,,,448.82,455.1
2026-07-11,,3.25,3.65,,,448.53,455.4
2026-07-12,,3.25,3.65,,,448.53,455.4
2026-07-13,,3.25,3.65,,,448.53,455.4
2026-07-14,,3.25,3.65,,,448.93,454.44
2026-07-15,,3.25,3.65,,,447.49,453.07
2026-07-16,,3.25,3.65,,,447.87,452.78
2026-07-17,,3.25,3.65,,,446.12,452.18
2026-07-18,,3.25,3.65,,,446.56,452.51
2026-07-19,,3.25,3.65,,,446.56,452.51
2026-07-20,,3.25,3.65,,,446.56,452.51
2026-07-21,,3.25,3.65,,,446.12,452.43
2026-07-22,,3.25,3.65,,,447.42,453.43
2026-07-23,,3.25,3.65,,,451.03,454.48
2026-07-24,,3.0,3.65,,,449.17,455.13
2026-07-25,,3.0,3.65,,,449.99,455.48
2026-07-26,,3.0,3.65,,,449.99,455.48
2026-07-27,,3.0,3.65,,,449.99,455.48
2026-07-28,,3.0,3.65,,,449.82,454.34
2026-07-29,,3.0,3.65,,,449.94,454.55
2026-07-30,,3.0,3.64,,,449.4,454.75
2026-07-31,108.60394288,3.0,3.64,11.63865675,,448.31,454.44
2026-08-01,,3.0,3.64,,,448.22,453.59
2026-08-02,,3.0,3.64,,,448.22,453.59
2026-08-03,,3.0,3.64,,,448.22,453.59
2026-08-04,,3.0,3.64,,,448.18,454.18
2026-08-05,,3.0,3.64,,,449.8,455.01
2026-08-06,,3.0,3.65,,,450.33,454.86
2026-08-07,,3.0,3.65,,,448.54,454.06
2026-08-08,,3.0,3.65,,,447.88,453.68
2026-08-09,,3.0,3.65,,,447.88,453.68
2026-08-10,,3.0,3.65,,,447.88,453.68
2026-08-11,,3.0,3.65,,,447.79,452.77
2026-08-12,,3.0,3.65,,,445.92,451.57
2026-08-13,,3.0,3.65,,,446.85,452.18
2026-08-14,,3.0,3.65,,,446.12,451.89
2026-08-15,,3.0,3.65,,,444.65,451.28
2026-08-16,,3.0,3.65,,,444.65,451.28
2026-08-17,,3.0,3.65,,,444.65,451.28
2026-08-18,,3.0,3.65,,,444.65,450.4
2026-08-19,,3.0,3.65,,,447.15,451.81
2026-08-20,,3.0,3.63,,,447.75,453.33
2026-08-21,,3.0,3.63,,,449.29,454.34
2026-08-22,,3.0,3.63,,,447.24,452.02
2026-08-23,,3.0,3.63,,,447.24,452.02
2026-08-24,,3.0,3.63,,,447.24,452.02
2026-08-25,,3.0,3.63,,,448.7,453.89
2026-08-26,,3.0,3.63,,,450.21,453.5
2026-08-27,,3.0,3.62,,,448.38,452.88
2026-08-28,,3.0,3.62,,,446.65,451.72
2026-08-29,,,3.62,,,446.47,452.93
2026-08-30,,,3.62,,,,
2026-08-31,,,3.62,,,,
2026-09-01,,,3.62,,,,
2026-09-02,,,3.62,,,,
