Escenario_IHH,Spread_Proyectado
1549.6714153011233,8.02547
1486.1735698828816,8.02547
1564.7688538100692,8.02547
1652.3029856408025,8.02547
1476.5846625276663,8.02547
1476.586304305082,8.02547
1657.9212815507392,8.02547
1576.7434729152908,8.02547
1453.0525614065048,8.02547
1554.2560043585966,8.02547
1453.6582307187537,8.02547
1453.4270246429744,8.02547
1524.1962271566035,8.02547
1308.67197553422,8.02547
1327.5082167486967,8.02547
1443.7712470759027,8.02547
1398.7168879665576,8.02547
1531.4247332595273,8.02547
1409.1975924478788,8.02547
1358.769629866471,8.02547
1646.5648768921553,8.02547
1477.4223699513464,8.02547
1506.7528204687924,8.02547
1357.5251813786542,8.02547
1445.5617275474817,8.02547
1511.0922589709867,8.02547
1384.9006422577697,8.02547
1537.5698018345672,8.02547
1439.9361310081194,8.02547
1470.8306250206724,8.02547
1439.8293387770602,8.02547
1685.2278184508937,8.02547
1498.6502775262065,8.02547
1394.22890710441,8.02547
1582.254491210319,8.02547
1377.9156350028977,8.02547
1520.8863595004755,8.02547
1304.0329876120225,8.02547
1367.181395110157,8.02547
1519.6861235869123,8.02547
1573.846657999541,8.02547
1517.136828118997,8.02547
1488.435171761176,8.02547
1469.8896304410712,8.02547
1352.1478009632572,8.02547
1428.0155791605291,8.02547
1453.9361229040212,8.02547
1605.7122226218917,8.02547
1534.3618289568462,8.02547
1323.6959844637265,8.02547
1532.4083969394794,8.02547
1461.4917719583684,8.02547
1432.3077999694042,8.02547
1561.1676288840868,8.02547
1603.0999522495952,8.02547
1593.1280119116198,8.02547
1416.078247677736,8.02547
1469.0787624148786,8.02547
1533.1263431403563,8.02547
1597.554512712236,8.02547
1452.082576215471,8.02547
1481.4341023336183,8.02547
1389.366502599397,8.02547
1380.3793375919329,8.02547
1581.2525822394198,8.02547
1635.6240028570824,8.02547
1492.7989878419667,8.02547
1600.3532897892023,8.02547
1536.1636025047635,8.02547
1435.4880245394875,8.02547
1536.1395605508415,8.02547
1653.803656646597,8.02547
1496.4173960890048,8.02547
1656.4643655814007,8.02547
1238.0254895910257,8.02547
1582.1902504375223,8.02547
1508.704706823817,8.02547
1470.0992649534132,8.02547
1509.1760776535502,8.02547
1301.2431085399107,8.02547
1478.0328112162488,8.02547
1535.7112571511746,8.02547
1647.7894044741515,8.02547
1448.1729781726353,8.02547
1419.1506397106812,8.02547
1449.8242956415463,8.02547
1591.5402117702074,8.02547
1532.8751109659684,8.02547
1447.023979623296,8.02547
1551.3267433113356,8.02547
1509.7077549348041,8.02547
1596.864499053289,8.02547
1429.7946906122647,8.02547
1467.2337853402232,8.02547
1460.7891846867842,8.02547
1353.648505186788,8.02547
1529.6120277064576,8.02547
1526.105527217989,8.02547
1500.5113456642462,8.02547
1476.5412866624854,8.02547
1358.4629257949587,8.02547
1457.9354677234642,8.02547
1465.728548347323,8.02547
1419.772273077838,8.02547
1483.871428833399,8.02547
1540.4050856814538,8.02547
1688.618590121053,8.02547
1517.457781283184,8.02547
1525.7550390722765,8.02547
1492.5554084233834,8.02547
1308.1228784700959,8.02547
1497.3486124550784,8.02547
1506.0230209941026,8.02547
1746.3242112485286,8.02547
1480.7639035218876,8.02547
1530.1547342333613,8.02547
1496.5288230294757,8.02547
1383.1321962380468,8.02547
1614.282281451502,8.02547
1575.1933032686775,8.02547
1579.1031947043048,8.02547
1409.061254520526,8.02547
1640.27943109361,8.02547
1359.814893720772,8.02547
1558.685709380027,8.02547
1719.0455625809977,8.02547
1400.9463674869312,8.02547
1443.3702270397227,8.02547
1509.965136508764,8.02547
1449.6524345883802,8.02547
1344.9336568933868,8.02547
1506.8562974806027,8.02547
1393.7696286273895,8.02547
1547.359243063518,8.02547
1408.0575765766198,8.02547
1654.9934405017539,8.02547
1421.6746707663763,8.02547
1467.7938483794323,8.02547
1581.351721736967,8.02547
1376.9135683566044,8.02547
1522.745993460413,8.02547
1630.714275428243,8.02547
1339.2516765438772,8.02547
1518.4633858532304,8.02547
1525.9882794248424,8.02547
1578.182287177731,8.02547
1376.3049289121918,8.02547
1367.9543386915723,8.02547
1552.1941565616899,8.02547
1529.6984673233187,8.02547
1525.0492850345877,8.02547
1534.6448209496975,8.02547
1431.997527842151,8.02547
1523.2253697161004,8.02547
1529.3072473298682,8.02547
1428.5648581973633,8.02547
1686.5774511144757,8.02547
1547.3832920911786,8.02547
1380.8696502797352,8.02547
1565.655360863383,8.02547
1402.5318329772679,8.02547
1578.7084603742453,8.02547
1615.8595579007404,8.02547
1417.931768164829,8.02547
1596.3376129244323,8.02547
1541.2780926936498,8.02547
1582.206015999449,8.02547
1689.6792982653947,8.02547
1475.461188399713,8.02547
1424.626383564251,8.02547
1411.0485570374476,8.02547
1418.418971503456,8.02547
1492.2898290585895,8.02547
1534.1151974816644,8.02547
1527.669079933002,8.02547
1582.7183249036025,8.02547
1501.3001891877907,8.02547
1645.3534077157317,8.02547
1473.5343166762043,8.02547
1772.016916658962,8.02547
1562.5667347765007,8.02547
1414.2842443583718,8.02547
1392.9107501938888,8.02547
1548.2472415243185,8.02547
1477.653721467415,8.02547
1571.4000494092093,8.02547
1547.3237624573544,8.02547
1492.7171087343127,8.02547
1415.3206281931596,8.02547
1348.5152775314136,8.02547
1455.348504793298,8.02547
1585.6398794323472,8.02547
1521.4093744130205,8.02547
1375.4261221288011,8.02547
1517.3180925851182,8.02547
1538.5317379728838,8.02547
1411.6142563798867,8.02547
1515.3725105945528,8.02547
1505.8208718445999,8.02547
1385.7029702169377,8.02547
1535.7787360348284,8.02547
1556.0784526368234,8.02547
1608.3051243175278,8.02547
1605.3802052034903,8.02547
1362.2330632042908,8.02547
1406.2174960084876,8.02547
1551.503526720866,8.02547
1551.3785950912209,8.02547
1551.5047686306048,8.02547
1885.2731490654721,8.02547
1557.0890510693166,8.02547
1613.5565640180598,8.02547
1595.4001763493202,8.02547
1565.1391251305797,8.02547
1468.4730755359653,8.02547
1575.8969220493268,8.02547
1422.7174785462428,8.02547
1476.318139325999,8.02547
1451.4636452170896,8.02547
1508.1874139386323,8.02547
1731.4658566673509,8.02547
1313.273480740825,8.02547
1568.6260190374514,8.02547
1338.7284128810347,8.02547
1452.8068134210566,8.02547
1608.8950596967366,8.02547
1506.4280019095463,8.02547
1392.2255222070694,8.02547
1428.4696290740033,8.02547
1567.9597748934675,8.02547
1426.9633368282864,8.02547
1521.6458589581976,8.02547
1504.5571839903814,8.02547
1434.8399652394182,8.02547
1714.3944089325325,8.02547
1563.3919022318012,8.02547
1297.4857413342393,8.02547
1518.6454314769428,8.02547
1433.8213535231612,8.02547
1585.2433334796224,8.02547
1420.74792615673,8.02547
1488.5263558533102,8.02547
1550.4987278980457,8.02547
1586.5755194170122,8.02547
1379.9703592944225,8.02547
1466.5498764159051,8.02547
1452.5054688839043,8.02547
1434.6670767426288,8.02547
1676.5454240281097,8.02547
1540.4981710960956,8.02547
1373.9116045664955,8.02547
1591.7861947054776,8.02547
1712.2156197012632,8.02547
1603.2465260551146,8.02547
1348.0630034045987,8.02547
1451.5765927133748,8.02547
1626.6911149186624,8.02547
1429.233053438122,8.02547
1544.3819428146228,8.02547
1577.4634053429336,8.02547
1407.3069528421918,8.02547
1494.04746439382,8.02547
1175.8732659930927,8.02547
1397.561235866571,8.02547
1474.7431848606839,8.02547
1375.2216818035151,8.02547
1663.2411303931635,8.02547
1356.9858622039367,8.02547
1455.9955513303016,8.02547
1513.0740577286092,8.02547
1644.1273289066116,8.02547
1356.413784882056,8.02547
1616.316375215496,8.02547
1501.0233061019587,8.02547
1401.849134895205,8.02547
1546.2103474263272,8.02547
1519.905969557347,8.02547
1439.9783122841204,8.02547
1506.980208499002,8.02547
1461.468640313824,8.02547
1511.3517345251248,8.02547
1566.2130674521047,8.02547
1658.6016816145352,8.02547
1376.2184501173151,8.02547
1713.3033374656266,8.02547
1304.79122004775,8.02547
1484.8214904964416,8.02547
1558.8317206484576,8.02547
1528.0991867735033,8.02547
1437.7300480179406,8.02547
1479.1877749642724,8.02547
1450.6999065341167,8.02547
1441.0635243055788,8.02547
1584.9602097021025,8.02547
1535.7015485965048,8.02547
1430.7090404739347,8.02547
1589.959987543325,8.02547
1530.7299520876609,8.02547
1581.286211883896,8.02547
1562.9628841923611,8.02547
1417.1004989077928,8.02547
1443.981895980303,8.02547
1574.7293605123261,8.02547
1561.0370265433464,8.02547
1497.9098406035853,8.02547
1511.7327383308782,8.02547
1627.7664895788425,8.02547
1440.842861116417,8.02547
1554.7097381170038,8.02547
1479.7807347566106,8.02547
1478.231879677278,8.02547
1609.877685198719,8.02547
1582.541634898803,8.02547
1581.3509636000638,8.02547
1630.547880715433,8.02547
1502.100384163276,8.02547
1568.1952971294963,8.02547
1468.9733243406545,8.02547
1532.4166352488442,8.02547
1486.9856945632316,8.02547
1509.6995964992718,8.02547
1559.5157025436913,8.02547
1418.1779316766529,8.02547
1709.238727568546,8.02547
1399.3982618500297,8.02547
1378.5811387212268,8.02547
1615.8110873500068,8.02547
1579.1662693962935,8.02547
1562.4119817052156,8.02547
1562.834550926428,8.02547
1498.7753227153084,8.02547
1410.274562851417,8.02547
1507.5804558193727,8.02547
1432.2838288487887,8.02547
1597.511973341775,8.02547
1485.2942618497862,8.02547
1417.4502803207488,8.02547
1467.8614158347007,8.02547
1541.2931454275624,8.02547
1443.6275447196026,8.02547
1417.777960443357,8.02547
1524.3687211491913,8.02547
1524.4966571108723,8.02547
1449.305682462887,8.02547
1452.8961694381678,8.02547
1523.2049937357635,8.02547
1355.1915658502676,8.02547
1359.2536225623444,8.02547
1428.1555778747563,8.02547
1478.6552848288152,8.02547
1531.0907565598004,8.02547
1647.5356216949551,8.02547
1585.7659623202019,8.02547
1484.0061470036574,8.02547
1498.098379209731,8.02547
1399.7470635362192,8.02547
1498.148686400761,8.02547
1471.1341361079863,8.02547
1532.271856033809,8.02547
1417.2769056447678,8.02547
1551.9346514241172,8.02547
1653.2738913002577,8.02547
1489.1239851543141,8.02547
1540.1711722098942,8.02547
1569.0143991711113,8.02547
1459.8779528114164,8.02547
1522.4092481810417,8.02547
1501.2592400781796,8.02547
1509.7676098548832,8.02547
1422.6990216144534,8.02547
1502.4510174258942,8.02547
1549.7998291245449,8.02547
1645.1143607795043,8.02547
1595.9270826085208,8.02547
1715.3182457511557,8.02547
1423.2652437111951,8.02547
1587.2320636720679,8.02547
1518.3342005738352,8.02547
1718.9802933217672,8.02547
1419.1701714644848,8.02547
1416.0278157819223,8.02547
1440.0607354555978,8.02547
1287.6104275690193,8.02547
1447.4244978319239,8.02547
1424.08673384463,8.02547
1515.0393786476207,8.02547
1534.175597577716,8.02547
1687.6170839215886,8.02547
1595.042383818605,8.02547
1442.3096344337596,8.02547
1410.1585328651643,8.02547
1549.1919171506506,8.02547
1367.9766792979358,8.02547
1683.1458765854354,8.02547
1617.9440120721288,8.02547
1453.0824347895295,8.02547
1328.6865470909122,8.02547
1635.3872374165412,8.02547
1488.5460154747382,8.02547
1623.781631197346,8.02547
1340.5572341205634,8.02547
1440.0624977046227,8.02547
1500.5243699718183,8.02547
1504.6980593764742,8.02547
1454.9934528520757,8.02547
1562.28499323475,8.02547
1393.2379570617406,8.02547
1485.7620514978707,8.02547
1512.02956317119,8.02547
1551.4438834058749,8.02547
1571.161487808889,8.02547
1387.5357908162132,8.02547
1346.5885829264378,8.02547
1627.7676821898508,8.02547
1533.2314011979593,8.02547
1425.1513463443446,8.02547
1655.1151975522523,8.02547
1511.567463429286,8.02547
1617.9297184063826,8.02547
1506.751848141011,8.02547
1706.0747924881987,8.02547
1675.5340842443204,8.02547
1475.1035851520926,8.02547
1597.1570950954356,8.02547
1564.5375949585148,8.02547
1636.8631557532349,8.02547
1403.5076539419895,8.02547
1568.605145999844,8.02547
1605.8424486849588,8.02547
1324.1260513576885,8.02547
1381.6741487334225,8.02547
1296.07678222399,8.02547
1473.0593165555442,8.02547
1571.7542255795963,8.02547
1650.2357052096029,8.02547
1507.4094780419775,8.02547
1662.8615545571292,8.02547
1361.9898541785108,8.02547
1329.6617560644845,8.02547
1494.4452301103381,8.02547
1538.4065448939307,8.02547
1496.7305251905907,8.02547
1293.2557899960123,8.02547
1491.0879960487212,8.02547
1369.5530499495146,8.02547
1566.9672548830038,8.02547
1536.6598246096848,8.02547
1406.0120213672644,8.02547
1448.6133082663307,8.02547
1394.078647811105,8.02547
1493.7320902726829,8.02547
1595.5142320501238,8.02547
1401.4273953664456,8.02547
1550.4046515517844,8.02547
1446.974238162756,8.02547
1420.7127167737656,8.02547
1489.2969640045442,8.02547
1396.4757677580626,8.02547
1444.6350694652817,8.02547
1380.212210741115,8.02547
1696.472513291639,8.02547
1503.526355197173,8.02547
1430.0274492007416,8.02547
1521.3979910734222,8.02547
1488.767195030917,8.02547
1477.9030400466777,8.02547
1561.4166700043424,8.02547
1575.7507710047305,8.02547
1446.9498852389472,8.02547
1442.418175935532,8.02547
1472.4948302848356,8.02547
1269.8078835264414,8.02547
1348.4808937801447,8.02547
1636.6874267444525,8.02547
1664.4967713501283,8.02547
1475.096396044362,8.02547
1557.6556963055766,8.02547
1531.1250154543536,8.02547
1807.8880808455237,8.02547
1611.9574911434577,8.02547
1487.2082408519234,8.02547
1404.4459559399575,8.02547
1339.3553679742427,8.02547
1520.3463635867224,8.02547
1424.3649254715697,8.02547
1357.7746290402326,8.02547
1435.3427115757474,8.02547
1391.8451996385604,8.02547
1668.7141635072564,8.02547
1588.163975694945,8.02547
1499.2027358683383,8.02547
1647.9944138890025,8.02547
1507.7368307647619,8.02547
1413.8715798671738,8.02547
1652.3124077269658,8.02547
1553.891004368466,8.02547
1396.2753845673544,8.02547
1480.9661321916392,8.02547
1412.4381746615243,8.02547
1361.7200269035663,8.02547
1592.617754753164,8.02547
1690.941664047013,8.02547
1360.1432426180859,8.02547
1556.2969236690572,8.02547
1434.9357430878174,8.02547
1451.2874616235304,8.02547
1440.760607576113,8.02547
1413.6009230320185,8.02547
1504.8521627944826,8.02547
1416.9049883588962,8.02547
1527.0456825779838,8.02547
1494.9761890550863,8.02547
1476.105195313359,8.02547
1409.2436337958402,8.02547
1442.3228669431667,8.02547
1575.5391225825756,8.02547
1550.0917187624382,8.02547
1402.244475520145,8.02547
1509.9332305429225,8.02547
1575.138712337179,8.02547
1333.0594718878629,8.02547
1554.3360192379935,8.02547
1433.7376241054153,8.02547
1557.059866859316,8.02547
1423.6740843457483,8.02547
1319.511789933548,8.02547
1337.2457562116838,8.02547
1504.8084946661381,8.02547
1525.9722501721483,8.02547
1409.568337489559,8.02547
1563.8592458777373,8.02547
1333.847993773104,8.02547
1493.3920201352682,8.02547
1378.8983800237543,8.02547
1434.816389219784,8.02547
1504.7398671316414,8.02547
1413.9586634716047,8.02547
1461.5444455770175,8.02547
1600.629280921444,8.02547
1442.310813047685,8.02547
1583.5692112065142,8.02547
1387.0293145342382,8.02547
1552.9804177915282,8.02547
1644.15686206579,8.02547
1252.835549987271,8.02547
1420.3104744529523,8.02547
1557.707212718054,8.02547
1479.6954613957007,8.02547
1537.1145873371308,8.02547
1439.601481328418,8.02547
1508.65897874729,8.02547
1484.432276460792,8.02547
1616.7782061659807,8.02547
1525.4420843301214,8.02547
1533.7602662075203,8.02547
1458.8123033877532,8.02547
1451.2393775927505,8.02547
1456.744181218038,8.02547
1539.4452142378298,8.02547
1457.9015519179736,8.02547
1528.9774856896413,8.02547
1707.540079864544,8.02547
1587.1124703431692,8.02547
1467.3976467832158,8.02547
1620.1213922163945,8.02547
1459.1924626978448,8.02547
1296.1875464822147,8.02547
1399.1913689082596,8.02547
1312.9208078974143,8.02547
1464.8486515958691,8.02547
1501.8418379189552,8.02547
1667.6437312275282,8.02547
1532.6927373764163,8.02547
1478.0899471191135,8.02547
1582.940558118349,8.02547
1278.8864690992116,8.02547
1523.5614558108566,8.02547
1577.0865193886966,8.02547
1352.141375422016,8.02547
1614.375404320693,8.02547
1533.8496407494415,8.02547
1458.4712086099198,8.02547
1563.2781866106284,8.02547
1727.0692857804397,8.02547
1518.1866255058494,8.02547
1524.8220586300336,8.02547
1454.0639100459755,8.02547
1415.0155630535207,8.02547
1583.0335816544246,8.02547
1414.3916174091132,8.02547
1507.1566237219392,8.02547
1452.2342553234882,8.02547
1547.8979825746392,8.02547
1533.3662105286949,8.02547
1603.7539944257899,8.02547
1448.9983601145252,8.02547
1473.0125064706629,8.02547
1402.1236284217694,8.02547
1455.570673992389,8.02547
1537.7300493044852,8.02547
1575.6988616645351,8.02547
1407.7834675822376,8.02547
1586.960592010566,8.02547
1635.563785880495,8.02547
1541.3434903223701,8.02547
1687.6795812558066,8.02547
1422.6210800896426,8.02547
1375.5345296688583,8.02547
1322.1279751095722,8.02547
1649.6044311489184,8.02547
1565.4365656354057,8.02547
1494.4415329089545,8.02547
1527.9968626319821,8.02547
1387.4510952701623,8.02547
1744.5751979616825,8.02547
1512.9221181975227,8.02547
1510.9394794604893,8.02547
1572.5766623898692,8.02547
1548.1009231736714,8.02547
1522.3884024279132,8.02547
1420.9525544554688,8.02547
1547.1468357135996,8.02547
1688.2024496475033,8.02547
1634.5420046154977,8.02547
1659.3186626639397,8.02547
1448.8784323568814,8.02547
1401.039517974142,8.02547
1487.421307990035,8.02547
1505.5724912288695,8.02547
1609.4191518470948,8.02547
1330.7535370285182,8.02547
1652.9550319460614,8.02547
1484.199210142101,8.02547
1457.311893005258,8.02547
1398.7895624739833,8.02547
1334.5143328134232,8.02547
1582.3170583961914,8.02547
1507.3317967188405,8.02547
1371.0039100258946,8.02547
1370.4921227936384,8.02547
1466.4215300709873,8.02547
1666.9021525289393,8.02547
1474.0408648636396,8.02547
1349.6857046881894,8.02547
1475.4256935914057,8.02547
1472.727643025233,8.02547
1230.3113357058428,8.02547
1494.5705133482188,8.02547
1476.9065469791321,8.02547
1569.6206364813418,8.02547
1684.8956094945345,8.02547
1612.6565029547758,8.02547
1473.1111309445168,8.02547
1389.3474091258329,8.02547
1757.335980324986,8.02547
1505.9218434014488,8.02547
1501.3929291912946,8.02547
1497.5874912889997,8.02547
1519.8084760767856,8.02547
1485.5639588076058,8.02547
1442.6337993119764,8.02547
1445.3141058759609,8.02547
1496.7246729784001,8.02547
1445.6575228866236,8.02547
1428.7154217322836,8.02547
1510.6430227691897,8.02547
1474.5022782579144,8.02547
1650.3992988582688,8.02547
1234.903019160699,8.02547
1609.150685192246,8.02547
1624.6085192497628,8.02547
1292.6609767591851,8.02547
1465.7312405919652,8.02547
1462.8559134004208,8.02547
1359.248830528218,8.02547
1422.2183312409124,8.02547
1388.9424154534172,8.02547
1675.2270443423622,8.02547
1593.5678393147462,8.02547
1627.155509499416,8.02547
1572.1672064043235,8.02547
1387.094822878277,8.02547
1447.5479733720226,8.02547
1548.937456122792,8.02547
1377.7872191108054,8.02547
1571.2998430172388,8.02547
1475.9674601841864,8.02547
1462.5179192450403,8.02547
1571.0959968203492,8.02547
1544.426331148604,8.02547
1463.903383418092,8.02547
1615.9329803364249,8.02547
1391.8936672400102,8.02547
1561.5935606944263,8.02547
1559.3101257968383,8.02547
1469.045356068601,8.02547
1532.6133022242118,8.02547
1374.8886423614697,8.02547
1592.40270192069,8.02547
1481.5097863557012,8.02547
1447.727697948096,8.02547
1604.900922583689,8.02547
1429.565630945724,8.02547
1359.153870363644,8.02547
1344.3370826476096,8.02547
1560.600995134564,8.02547
1371.9570647503717,8.02547
1675.4794181984364,8.02547
1291.8070592116278,8.02547
1669.6456368290037,8.02547
1521.1017467202619,8.02547
1490.3286888129608,8.02547
1445.508091319105,8.02547
1539.913611435207,8.02547
1496.2365297575152,8.02547
1610.3301882016522,8.02547
1511.422764866204,8.02547
1515.0301761461878,8.02547
1463.6387787786143,8.02547
1494.3054376278933,8.02547
1530.780176889206,8.02547
1328.9831607343374,8.02547
1365.1814577894288,8.02547
1574.3264094022716,8.02547
1517.0865438127942,8.02547
1481.6016663647322,8.02547
1501.8433933065394,8.02547
1534.7581705361672,8.02547
1446.0240319690638,8.02547
1422.1695274597687,8.02547
1519.5845255097681,8.02547
1402.1627222384968,8.02547
1540.8252755714473,8.02547
1329.741639576216,8.02547
1602.9155637325644,8.02547
1547.2597482413044,8.02547
1525.6029734313875,8.02547
1598.2690983945513,8.02547
1666.5474444462577,8.02547
1601.4370065018131,8.02547
1315.9125768668355,8.02547
1372.0423033264299,8.02547
1437.5181422304322,8.02547
1502.6091050210835,8.02547
1551.7659020469123,8.02547
1427.4256186846535,8.02547
1518.676676447708,8.02547
1424.4617067646677,8.02547
1438.8482197008052,8.02547
1359.3338903151778,8.02547
1407.6766753889096,8.02547
1364.8315394383667,8.02547
1402.4126747022667,8.02547
1605.364179660784,8.02547
1405.0601111168057,8.02547
1763.238206483739,8.02547
1549.3317900880888,8.02547
1518.4836123694874,8.02547
1414.1642219818787,8.02547
1570.0309879408992,8.02547
1442.4362173762227,8.02547
1512.2009814645362,8.02547
1756.0084538268795,8.02547
1490.394010027535,8.02547
1614.9273326285677,8.02547
1429.6823574874113,8.02547
1496.5011509503038,8.02547
1677.080063563551,8.02547
1437.3032942212233,8.02547
1681.244855799693,8.02547
1570.7751935455476,8.02547
1443.7533224105732,8.02547
1563.240773905552,8.02547
1597.255444962673,8.02547
1562.1809962217196,8.02547
1342.9775280109543,8.02547
1427.2862824175131,8.02547
1475.2481364448495,8.02547
1492.5566570899953,8.02547
1562.0672097550678,8.02547
1517.7701000933255,8.02547
1366.4655641289899,8.02547
1538.0197851005964,8.02547
1561.0585745283822,8.02547
1555.979044793104,8.02547
1608.078072555462,8.02547
1583.3922154548904,8.02547
1545.9180079228436,8.02547
1492.9834288541354,8.02547
1333.9039066484008,8.02547
1542.9618219132585,8.02547
1520.7687687163111,8.02547
1527.1578837195373,8.02547
1372.3251424179691,8.02547
1391.8943459591737,8.02547
1605.3152853332904,8.02547
1496.0444846143346,8.02547
1568.1500697372624,8.02547
1502.8318376130462,8.02547
1502.9756139495746,8.02547
1593.8283805975998,8.02547
1448.3955271782627,8.02547
1509.6120776940984,8.02547
1453.7724711294957,8.02547
1456.5503772567683,8.02547
1469.0827876531362,8.02547
1522.2133771633712,8.02547
1452.1251378336522,8.02547
1625.575612557352,8.02547
1410.5392697780496,8.02547
1481.3128355838642,8.02547
1456.0268941725826,8.02547
1644.6977884353732,8.02547
1519.6554776511575,8.02547
1603.1844539468634,8.02547
1351.4439626963028,8.02547
1526.705026586926,8.02547
1588.9630795623436,8.02547
1508.2283989275425,8.02547
1606.5480375065351,8.02547
1448.2711549899627,8.02547
1640.934744018558,8.02547
1729.8898123619251,8.02547
1463.716143956034,8.02547
1455.4497478599228,8.02547
1645.3384477117702,8.02547
1657.9572145730713,8.02547
1447.7139972846733,8.02547
1457.9813182904143,8.02547
1471.8215391139493,8.02547
1365.5549488965723,8.02547
1408.13480535158,8.02547
1399.5859233247932,8.02547
1423.2202434895871,8.02547
1496.5315112613218,8.02547
1523.421473253652,8.02547
1655.0500492814076,8.02547
1400.164595926121,8.02547
1598.4322398476584,8.02547
1478.601115577449,8.02547
1495.0536290347568,8.02547
1567.4819492166603,8.02547
1387.72779784377,8.02547
1538.240974618405,8.02547
1516.6452208213057,8.02547
1549.245126400815,8.02547
1528.9168643907817,8.02547
1745.5300139910894,8.02547
1436.2260015748684,8.02547
1446.9003044998183,8.02547
1437.6859473575237,8.02547
1444.4522880839745,8.02547
1436.2612872693483,8.02547
1618.9016531107552,8.02547
1642.0504247989854,8.02547
1442.9253706250524,8.02547
1416.7644426895772,8.02547
1547.1415556386405,8.02547
1444.7776955719028,8.02547
1563.2931817755511,8.02547
1520.29230208513,8.02547
1348.4255885002767,8.02547
1654.7505201330061,8.02547
1679.5877673095522,8.02547
1438.7211309515615,8.02547
1461.2298440064017,8.02547
1528.5865390724905,8.02547
1533.4456789987025,8.02547
1565.854427267283,8.02547
1701.020453876635,8.02547
1482.305277250595,8.02547
1420.1702755461547,8.02547
1362.0680771985474,8.02547
1426.9069960058082,8.02547
1496.6873027126203,8.02547
1679.4557863517787,8.02547
1448.238870096383,8.02547
1522.37879516389,8.02547
1498.3577103927248,8.02547
1618.8393273448085,8.02547
1752.6932425873622,8.02547
1446.913122707968,8.02547
1451.0560557481779,8.02547
1604.416087706907,8.02547
1568.1891489626312,8.02547
1684.6707325736033,8.02547
1558.3928185325965,8.02547
1464.070790921294,8.02547
1559.0654830692308,8.02547
1610.8703580582908,8.02547
1582.0482181197365,8.02547
1550.7274031107297,8.02547
1606.6674689589154,8.02547
1616.9295590445672,8.02547
1638.2158991037527,8.02547
1564.8709887589644,8.02547
1483.2881919683145,8.02547
1514.6713686433322,8.02547
1620.6508966508356,8.02547
1418.3064329012764,8.02547
1536.86733088729,8.02547
1460.666118767264,8.02547
1502.8744822934818,8.02547
1627.8451862607299,8.02547
1519.1099068019903,8.02547
1504.6436548156148,8.02547
1364.0143859020081,8.02547
1574.6253566027221,8.02547
1564.5484181141076,8.02547
1716.325472330546,8.02547
1469.2221765047,8.02547
1521.915032766394,8.02547
1524.9383683710755,8.02547
1657.7453279763474,8.02547
1490.4704467613049,8.02547
1527.902152577034,8.02547
1560.7896509716538,8.02547
1518.6609123156359,8.02547
1455.3566385449471,8.02547
1519.4089992898307,8.02547
1607.3631749859771,8.02547
1397.348470058894,8.02547
1513.2969674146875,8.02547
1429.9879185060827,8.02547
1619.5046628924842,8.02547
1347.6813095216226,8.02547
1444.1078152728412,8.02547
1537.721187506452,8.02547
1656.552402923434,8.02547
1493.4249738927012,8.02547
1444.4800473306802,8.02547
1688.115706944059,8.02547
1355.1986099583755,8.02547
1280.119404337992,8.02547
1544.0014450053332,8.02547
1449.7945775647388,8.02547
1397.8767182869287,8.02547
1570.8356447299352,8.02547
1524.38007137712,8.02547
1443.5921369263272,8.02547
1371.9695601329106,8.02547
1587.2457328280145,8.02547
1565.020117795866,8.02547
1490.0824136220617,8.02547
1684.6636996047666,8.02547
1392.9915233673848,8.02547
1347.4474829075261,8.02547
1430.8091930118755,8.02547
1495.4413983644502,8.02547
1524.333944932269,8.02547
1475.876394214367,8.02547
1535.2055396514297,8.02547
1374.8460575809556,8.02547
1644.376460407326,8.02547
1491.784882160743,8.02547
1611.7295831588128,8.02547
1534.2725346377704,8.02547
1545.6753219153784,8.02547
1556.9767280232204,8.02547
1544.7708560017315,8.02547
1564.2722759867545,8.02547
1632.915253013243,8.02547
1519.652116970147,8.02547
1570.9003757588512,8.02547
1491.0264305712774,8.02547
1644.0117215449472,8.02547
1432.3607697940731,8.02547
1680.0940432910816,8.02547
1495.9842049355657,8.02547
1356.9224897881952,8.02547
1512.810441491079,8.02547
1431.8948342525118,8.02547
1584.0643548988724,8.02547
1434.737602069761,8.02547
1455.381656678522,8.02547
1311.0459269054468,8.02547
1454.7693680750924,8.02547
1257.6120673371042,8.02547
1341.6097176514277,8.02547
1576.0414656144299,8.02547
1578.5800158650832,8.02547
1542.5457561784965,8.02547
1403.3023856870786,8.02547
1495.2288643858021,8.02547
1499.6397460909432,8.02547
1384.1635310807458,8.02547
1650.3398301767152,8.02547
1587.7362290575672,8.02547
1477.9035826170336,8.02547
1502.688583899453,8.02547
1520.8382807947553,8.02547
1295.8265131575708,8.02547
1475.2822617479403,8.02547
1431.8015752002202,8.02547
1399.8379990105084,8.02547
1471.8899707114044,8.02547
1679.7686526849523,8.02547
1564.084286126701,8.02547
1442.8821010217202,8.02547
1557.258278135616,8.02547
1639.9355436586002,8.02547
1592.4633682912768,8.02547
1505.9630369920174,8.02547
1435.3063222294427,8.02547
1569.822331361359,8.02547
1539.348538542175,8.02547
1589.5193220027732,8.02547
1563.517180168197,8.02547
1604.9552715319335,8.02547
1446.4764788439431,8.02547
1631.7394065634326,8.02547
1519.75996046924,8.02547
1707.5260872625265,8.02547
1431.0812181910433,8.02547
1673.596380316525,8.02547
1519.7910783462648,8.02547
1434.858199638555,8.02547
1451.6114165945678,8.02547
1467.965269180568,8.02547
1542.4165946401915,8.02547
1552.28354880355,8.02547
1442.629999606142,8.02547
1497.5645407739016,8.02547
1714.2270358611863,8.02547
1672.7543170100712,8.02547
1543.6323669674032,8.02547
1503.80034781682,8.02547
1512.003132671826,8.02547
1561.3517972730417,8.02547
1397.7207434801594,8.02547
1474.2623462576655,8.02547
1333.141592612241,8.02547
1539.9223122605279,8.02547
1564.7195939702742,8.02547
1451.6813537700625,8.02547
1657.3986763290034,8.02547
1377.4234336997658,8.02547
1353.562511979018,8.02547
1522.4451818559971,8.02547
1604.7098302612155,8.02547
1668.3927691457868,8.02547
1454.111573713106,8.02547
1607.8680833431295,8.02547
1496.1491530499293,8.02547
1482.737270005918,8.02547
1588.3659937486673,8.02547
1565.232287841342,8.02547
1342.360784301575,8.02547
1647.6540349725897,8.02547
1638.009135414745,8.02547
1437.443729849047,8.02547
1539.5803533437409,8.02547
1549.403018628274,8.02547
1526.0673765823908,8.02547
1444.969484615458,8.02547
1432.8376632061947,8.02547
1497.4445929008555,8.02547
1617.2729019259364,8.02547
1554.3600154594433,8.02547
1462.9385667913893,8.02547
1577.1698710648345,8.02547
1215.1457379369924,8.02547
1614.8765700372103,8.02547
1326.02862212219,8.02547
1463.755905859687,8.02547
1388.0330105373855,8.02547
1370.5318524279094,8.02547
1616.082678737852,8.02547
1453.229879868811,8.02547
1534.6503881730716,8.02547
1495.3079421120815,8.02547
1547.7040827223123,8.02547
1507.6821891060256,8.02547
1371.700777581143,8.02547
1599.626681944714,8.02547
1450.6243416838688,8.02547
1344.3418101340249,8.02547
1457.1884839034087,8.02547
1650.075979063431,8.02547
1585.0221742113492,8.02547
1465.134786559214,8.02547
1465.074229568157,8.02547
1467.8364948782616,8.02547
1707.674798356084,8.02547
1538.1935452231553,8.02547
1543.004164719107,8.02547
1603.0283454031842,8.02547
1523.8789159026514,8.02547
1474.0957854179296,8.02547
1480.365015091502,8.02547
1492.8398740585935,8.02547
1496.2777763490158,8.02547
1572.762954363698,8.02547
1505.19458858073,8.02547
1573.2640077215578,8.02547
1491.9283419891417,8.02547
1507.863519031609,8.02547
1300.1799315467892,8.02547
1591.6327674702482,8.02547
1534.6488475897993,8.02547
1599.8010109859651,8.02547
1210.374462180631,8.02547
1708.8374704780726,8.02547
1486.0410371844825,8.02547
1610.8182816737517,8.02547
1396.009407287447,8.02547
1561.277390506257,8.02547
1394.6584436826345,8.02547
1437.6231039304196,8.02547
1691.4031353866785,8.02547
1480.9317599236654,8.02547
1521.7432873179723,8.02547
1587.0067730688754,8.02547
1549.5681887972605,8.02547
1515.0418905143576,8.02547
1536.4961002466225,8.02547
1740.3415585238274,8.02547
1494.2381202966415,8.02547
1520.1099046714967,8.02547
1605.0654396007612,8.02547
1610.5525932957985,8.02547
1618.703030556038,8.02547
1563.8730222029185,8.02547
1385.6995087269515,8.02547
1663.3431532301097,8.02547
1385.3654606981313,8.02547
1530.2635465239034,8.02547
1424.5724149980642,8.02547
1493.5861653407007,8.02547
1532.876241030348,8.02547
1532.1357215450273,8.02547
1542.1920754235284,8.02547
1661.3711269058647,8.02547
1545.353430151398,8.02547
1475.584336470935,8.02547
1596.4087168288356,8.02547
1618.947048892464,8.02547
1377.2392184863008,8.02547
1559.7400069849857,8.02547
1570.1172742310898,8.02547
1470.2436496640007,8.02547
1637.570681331162,8.02547
1484.9944412967473,8.02547
1512.5576453471542,8.02547
1482.692817571613,8.02547
1501.5579047581468,8.02547
1390.3724913104797,8.02547
1355.9949117405706,8.02547
1659.4505063224972,8.02547
1415.3038651681672,8.02547
1400.8607650543693,8.02547
1284.6609886396286,8.02547
1436.1038252310498,8.02547
1367.6910206592502,8.02547
1664.2015160136368,8.02547
1600.9817089342635,8.02547
1431.1849654822277,8.02547
1725.2435805344307,8.02547
1598.1765486991594,8.02547
1467.5168616491378,8.02547
1250.0594285126426,8.02547
1729.094257259074,8.02547
1361.0427533236405,8.02547
1335.4601253043108,8.02547
1602.257043200964,8.02547
1743.9752406339273,8.02547
1638.4272818510517,8.02547
1556.390912005236,8.02547
1559.4754341665287,8.02547
1585.3415558780307,8.02547
1575.8928589786765,8.02547
1528.1191423969376,8.02547
1510.4201103951875,8.02547
1493.7406872100478,8.02547
1424.6035411133323,8.02547
1471.9324923133227,8.02547
1330.7043185804614,8.02547
1490.166037320525,8.02547
1401.1408892849083,8.02547
1389.6410682784228,8.02547
1517.9894151153478,8.02547
1639.20022863446,8.02547
1591.8316606002313,8.02547
1342.9499396376823,8.02547
1401.0371863429662,8.02547
1594.0771187988216,8.02547
1401.7512606461692,8.02547
1477.5366850002974,8.02547
1555.0052099024551,8.02547
1403.1655545136364,8.02547
1510.537550614596,8.02547
1366.5974505081795,8.02547
1439.8632356048786,8.02547
1531.9781934142536,8.02547
1340.7006266468331,8.02547
1544.0474737960399,8.02547
1498.036220107332,8.02547
1555.2489954417147,8.02547
1522.3914134064662,8.02547
1636.4140429973845,8.02547
1512.5224502647907,8.02547
1457.0594458874748,8.02547
1512.2297503032285,8.02547
1554.329802903639,8.02547
1504.8860070325704,8.02547
1504.0591691203883,8.02547
1429.8008312193244,8.02547
1433.7099082449051,8.02547
1359.7394728200306,8.02547
1674.957674318694,8.02547
1375.6136764608714,8.02547
1430.7094802204092,8.02547
1428.1592734430803,8.02547
1589.492437694444,8.02547
1470.5050321707972,8.02547
1624.7742072673734,8.02547
1432.6509375756132,8.02547
1527.8994162223803,8.02547
1416.4652946740243,8.02547
1714.5149127773388,8.02547
1381.2401580970486,8.02547
1530.9820710227027,8.02547
1563.3776880932098,8.02547
1541.37990974515,8.02547
1481.4712341122292,8.02547
1487.0179300266575,8.02547
1504.3811471979109,8.02547
1485.299799837151,8.02547
1596.387911679491,8.02547
1721.052300159135,8.02547
1444.2508214992167,8.02547
1363.0197020420921,8.02547
1491.1717951648745,8.02547
1757.970933765432,8.02547
1419.632543203027,8.02547
1663.9116805444069,8.02547
1667.770081407644,8.02547
1444.6411758292006,8.02547
1556.8983079185275,8.02547
1662.8396623128538,8.02547
1462.0872259012513,8.02547
1479.6419639897638,8.02547
1441.8319086051356,8.02547
1398.5243269307134,8.02547
1435.0722454933994,8.02547
1377.6059733237744,8.02547
1503.4083468259225,8.02547
1423.002676894136,8.02547
1523.3785911790749,8.02547
1344.4104353796372,8.02547
1533.0880232214456,8.02547
1583.3528961608924,8.02547
1300.6264357428545,8.02547
1537.4056569847571,8.02547
1622.7668992473293,8.02547
1379.0358981308796,8.02547
1667.2572386837703,8.02547
1541.9019009366045,8.02547
1429.498814424159,8.02547
1494.4230922342294,8.02547
1555.8326912521723,8.02547
1507.6005391412411,8.02547
1553.875599244637,8.02547
1407.9326406920634,8.02547
1516.9360824036078,8.02547
1358.6285503095019,8.02547
1488.87739386513,8.02547
1409.609235853521,8.02547
1426.4470057410233,8.02547
1623.6093175210437,8.02547
1609.131012059427,8.02547
1560.9138120907178,8.02547
1390.7687235327421,8.02547
1468.3591550305198,8.02547
1621.3097699979182,8.02547
1514.1716913639905,8.02547
1731.9329539981695,8.02547
1539.3317839394372,8.02547
1519.2049116490032,8.02547
1469.0883535797498,8.02547
1513.3540904782283,8.02547
1484.7530163619456,8.02547
1570.8108676688591,8.02547
1595.6702316794583,8.02547
1421.401053949205,8.02547
1366.8767046442222,8.02547
1316.3794626896704,8.02547
1550.7991326912543,8.02547
1389.6633393826125,8.02547
1284.7109407047517,8.02547
1538.8578604530965,8.02547
1749.299951743279,8.02547
1499.3929088460106,8.02547
1583.849077445164,8.02547
1508.1829358547566,8.02547
1490.1110346808857,8.02547
1591.9076482987768,8.02547
1470.972545581135,8.02547
1526.7392314071903,8.02547
1532.1697806196014,8.02547
1433.190954635695,8.02547
1599.2042349536523,8.02547
1482.504024330459,8.02547
1424.4254840507156,8.02547
1553.6509843570404,8.02547
1410.1532018208964,8.02547
1502.818115736913,8.02547
1499.0881003355796,8.02547
1608.589556583158,8.02547
1547.4698232879953,8.02547
1497.4973041254857,8.02547
1581.7766299200287,8.02547
1639.0207549017314,8.02547
1555.7810306351862,8.02547
1501.0352619843381,8.02547
1368.816376764984,8.02547
1393.4886336924628,8.02547
1469.4775295645331,8.02547
1439.0487797840717,8.02547
1481.3028697014554,8.02547
1505.6649924897108,8.02547
1552.9692754356731,8.02547
1492.950122194091,8.02547
1548.6501643826202,8.02547
1506.447441481012,8.02547
1302.453343364613,8.02547
1406.0664606181247,8.02547
1485.5912444278385,8.02547
1379.0305257158893,8.02547
1559.9928729996204,8.02547
1653.0750832343697,8.02547
1621.8761851697316,8.02547
1478.6557129069793,8.02547
1649.0726136849953,8.02547
1514.8667457202112,8.02547
1466.291402888196,8.02547
1438.659733645906,8.02547
1469.7530313511872,8.02547
1461.1823181458772,8.02547
1517.0416222375488,8.02547
1516.0573981049865,8.02547
1500.3046020153415,8.02547
1543.693816974635,8.02547
1619.064627478634,8.02547
1594.9554135441324,8.02547
1351.5102031550095,8.02547
1244.6078865098045,8.02547
1593.4319911239274,8.02547
1363.3121301584579,8.02547
1477.5234598107315,8.02547
1382.988697394064,8.02547
1319.8019562419981,8.02547
1554.1462728204788,8.02547
1575.9155160302646,8.02547
1442.348959927328,8.02547
1240.895770785509,8.02547
1445.3755551747518,8.02547
1539.1804005402546,8.02547
1352.1088431225871,8.02547
1518.3359919779155,8.02547
1498.4690150827005,8.02547
1557.9291499601088,8.02547
1511.9580368414154,8.02547
1402.6931059118444,8.02547
1619.6571501664491,8.02547
1484.147042697303,8.02547
1497.2695460490067,8.02547
1406.6732040926804,8.02547
1455.671774880849,8.02547
1411.51972859731,8.02547
1482.7053940076578,8.02547
1671.1708480142343,8.02547
1362.8098857068644,8.02547
1338.6438602123258,8.02547
1647.1170327493608,8.02547
1479.0676322848135,8.02547
1433.0927261340084,8.02547
1603.9904687396076,8.02547
1439.4384460263136,8.02547
1682.6009713546937,8.02547
1567.7925871339269,8.02547
1451.2088591854297,8.02547
1715.7308213265503,8.02547
1439.4285076996662,8.02547
1574.2095372009308,8.02547
1529.9292580406493,8.02547
1630.17412893988,8.02547
1656.1511196726854,8.02547
1503.2004149065767,8.02547
1424.6582129653816,8.02547
1545.9972142939116,8.02547
1432.2284630247893,8.02547
1701.3387247526623,8.02547
1513.6535331082737,8.02547
1463.4678448687891,8.02547
1518.4680305864908,8.02547
1365.2873710470303,8.02547
1402.8385961489348,8.02547
1620.0413907944426,8.02547
1434.3105721028605,8.02547
1395.3089017318061,8.02547
1553.6652752527286,8.02547
1618.5704154662997,8.02547
1571.8953310665067,8.02547
1599.6047685805815,8.02547
1424.320491143054,8.02547
1357.8189333258156,8.02547
1650.1333651955488,8.02547
1467.7320161157863,8.02547
1474.9166983544953,8.02547
1632.8194141849058,8.02547
1555.623000940066,8.02547
1545.5887772081608,8.02547
1716.5002344901084,8.02547
1435.6481769619857,8.02547
1592.7840128081236,8.02547
1505.7013124897085,8.02547
1526.8592278863257,8.02547
1652.8468426412533,8.02547
1550.7835756289624,8.02547
1553.8296079049633,8.02547
1607.2507337309803,8.02547
1463.5047270457114,8.02547
1416.0790332660993,8.02547
1395.5190805978966,8.02547
1303.3643410624,8.02547
1705.6207129940321,8.02547
1389.6791634278318,8.02547
1477.8746376414229,8.02547
1472.318670011108,8.02547
1530.7406697809101,8.02547
1581.5737212539298,8.02547
1586.0473488359746,8.02547
1441.692256143106,8.02547
1483.2878286213588,8.02547
1528.25799504883,8.02547
1475.1308873816454,8.02547
1660.7345576019993,8.02547
1549.0974951638252,8.02547
1573.4877786049817,8.02547
1566.2881268667413,8.02547
1617.3473857485326,8.02547
1518.1021558703708,8.02547
1370.3168052044152,8.02547
1539.9687951752642,8.02547
1434.8643106208172,8.02547
1447.1383318250244,8.02547
1558.6364018755094,8.02547
1623.8283071433636,8.02547
1502.1271576736062,8.02547
1530.8833012598964,8.02547
1670.2214944635239,8.02547
1524.0753179488568,8.02547
1760.1683114180396,8.02547
1556.5509645631544,8.02547
1323.9237240844182,8.02547
1575.3341621104532,8.02547
1538.1158384882779,8.02547
1628.9752754082747,8.02547
1567.318135126996,8.02547
1486.1544016016226,8.02547
1377.5701763710633,8.02547
1479.0976742713974,8.02547
1414.94795457907,8.02547
1441.9476550195277,8.02547
1558.857840442061,8.02547
1666.9904504351407,8.02547
1539.467152982298,8.02547
1380.4116937964816,8.02547
1544.460266822014,8.02547
1619.6631486645651,8.02547
1439.0217095680619,8.02547
1486.5982833327082,8.02547
1501.4688194729197,8.02547
1421.510168691776,8.02547
1564.8280433843859,8.02547
1487.9051851392219,8.02547
1541.9532443907028,8.02547
1411.25078221979,8.02547
1456.254169967659,8.02547
1572.2381357827771,8.02547
1462.7166847908234,8.02547
1672.6963851233404,8.02547
1460.0363814385398,8.02547
1522.4684725751886,8.02547
1593.259083187309,8.02547
1358.1634267066968,8.02547
1323.9191188019224,8.02547
1347.4343685429906,8.02547
1626.2584103427182,8.02547
1444.8141854107553,8.02547
1755.8199285668252,8.02547
1443.575240134261,8.02547
1518.4551303197036,8.02547
1654.2109952567876,8.02547
1700.6092888159124,8.02547
1706.1503576636399,8.02547
1620.8366230593142,8.02547
1602.4062525811462,8.02547
1559.2526949201183,8.02547
1577.8361076166639,8.02547
1444.8814283671466,8.02547
1418.1801116577692,8.02547
1499.6625542589047,8.02547
1482.9815377475072,8.02547
1454.6771950672726,8.02547
1569.6387447456716,8.02547
1595.530520857051,8.02547
1508.8406886291848,8.02547
1647.753008105526,8.02547
1385.8310885866495,8.02547
1480.6340540720282,8.02547
1428.3177679397195,8.02547
1313.346338292694,8.02547
1491.73193141573,8.02547
1487.8252491616715,8.02547
1651.3449743242131,8.02547
1563.0811684554778,8.02547
1397.5813175670796,8.02547
1685.4092566334189,8.02547
1622.1033695525352,8.02547
1558.2097703468617,8.02547
1477.3515901150167,8.02547
1404.0560763276521,8.02547
1462.7793223928948,8.02547
1608.8748619704186,8.02547
1688.4586305934608,8.02547
1654.324352827219,8.02547
1451.1150578213726,8.02547
1388.038256671099,8.02547
1514.0886246911205,8.02547
1323.1560634437149,8.02547
1532.316771418478,8.02547
1485.239741370133,8.02547
1453.3963498131757,8.02547
1340.5296932733204,8.02547
1551.3600106569716,8.02547
1446.7299160338089,8.02547
1383.0083164289713,8.02547
1212.773778671835,8.02547
1497.2485094949363,8.02547
1677.2251596669744,8.02547
1666.125921454787,8.02547
1454.2903743413729,8.02547
1439.778793963822,8.02547
1546.8774256075023,8.02547
1400.1614560811709,8.02547
1530.1791899819466,8.02547
1576.608027838469,8.02547
1622.6933223884307,8.02547
1489.9845923520047,8.02547
1479.6326249823035,8.02547
1412.2017413243439,8.02547
1417.311964596014,8.02547
1477.3521108098473,8.02547
1536.7365506816177,8.02547
1591.3584626233248,8.02547
1419.6821049319656,8.02547
1649.2688568959522,8.02547
1472.8876398957432,8.02547
1497.8632705651564,8.02547
1425.2788320852176,8.02547
1257.575973972706,8.02547
1588.404539636105,8.02547
1573.6843897092433,8.02547
1471.8672442881787,8.02547
1506.6990717224871,8.02547
1551.59392177041,8.02547
1343.7454143113457,8.02547
1447.0947322653706,8.02547
1579.4264679621826,8.02547
1374.571057683075,8.02547
1529.355793216663,8.02547
1364.3418195376594,8.02547
1546.6429982433526,8.02547
1496.4358517702517,8.02547
1338.4868184094491,8.02547
1616.4739354457172,8.02547
1426.540842320195,8.02547
1418.974756298562,8.02547
1520.0569197230943,8.02547
1614.8637349428716,8.02547
1398.4178181021603,8.02547
1506.1679849847972,8.02547
1542.8816500330572,8.02547
1569.3105607263144,8.02547
1517.6441555277224,8.02547
1463.2972160916677,8.02547
1417.240977935128,8.02547
1508.6143883046375,8.02547
1392.7860988014393,8.02547
1207.8649516505393,8.02547
1543.6559804157669,8.02547
1590.3934841086195,8.02547
1263.7067564458162,8.02547
1399.0269295290063,8.02547
1561.9154261005199,8.02547
1705.7495469711698,8.02547
1502.0793707675407,8.02547
1427.1997058770867,8.02547
1481.710355889516,8.02547
1637.4876419148186,8.02547
1435.4035820875465,8.02547
1420.0807993349747,8.02547
1451.7256477817969,8.02547
1404.6671391741288,8.02547
1512.2670315994797,8.02547
1662.4678458469562,8.02547
1532.307927311603,8.02547
1474.7646497873711,8.02547
1470.8188731084456,8.02547
1343.6809191303344,8.02547
1588.3109777147158,8.02547
1492.2162802987198,8.02547
1481.9520086409375,8.02547
1819.310756784486,8.02547
1529.8752908365686,8.02547
1424.8208949904815,8.02547
1457.3642403794456,8.02547
1614.8445709196756,8.02547
1511.3270410537764,8.02547
1356.1722021682633,8.02547
1591.9228934575203,8.02547
1433.1855914461007,8.02547
1687.3297776217546,8.02547
1608.0048065714648,8.02547
1455.2678104341248,8.02547
1628.1016361735112,8.02547
1506.7855510527404,8.02547
1585.2773675122219,8.02547
1548.4732817294475,8.02547
1415.3643345009127,8.02547
1435.6450167682538,8.02547
1602.9960817581161,8.02547
1466.5224667893458,8.02547
1459.6351536758004,8.02547
1404.4877420650646,8.02547
1542.3599065593462,8.02547
1706.2524919243144,8.02547
1393.2467085745727,8.02547
1502.4219456672758,8.02547
1641.2220555415429,8.02547
1492.0358608754284,8.02547
1545.2371796249734,8.02547
1393.760647185312,8.02547
1542.8307097207648,8.02547
1481.285573499545,8.02547
1598.5729995679862,8.02547
1618.7386051564752,8.02547
1758.9563642018613,8.02547
1557.9633173213576,8.02547
1532.5796316582166,8.02547
1519.4384301577336,8.02547
1464.6833707189312,8.02547
1533.848384346169,8.02547
1470.459858986097,8.02547
1516.8460976269614,8.02547
1631.759753560796,8.02547
1399.3457434720358,8.02547
1613.9878561129046,8.02547
1631.7115067339864,8.02547
1488.1931473008922,8.02547
1287.8145100991405,8.02547
1439.2178012905567,8.02547
1629.699454656111,8.02547
1497.7131937701117,8.02547
1400.069776770509,8.02547
1449.5225078771782,8.02547
1584.0620026504553,8.02547
1554.673356820138,8.02547
1476.1067900830305,8.02547
1463.3175588185313,8.02547
1460.8241850956178,8.02547
1407.7589815501497,8.02547
1661.5375689469442,8.02547
1467.767953078866,8.02547
1621.7158520825496,8.02547
1652.1316051922452,8.02547
1599.831089814796,8.02547
1456.8379687281952,8.02547
1540.373009033661,8.02547
1497.5804393609085,8.02547
1409.6298139269873,8.02547
1532.4359281721604,8.02547
1382.0960208840197,8.02547
1618.7679388461563,8.02547
1453.5382702701606,8.02547
1520.1159655872839,8.02547
1528.3287871546142,8.02547
1474.1095026295923,8.02547
1558.6693801475274,8.02547
1452.5096343377475,8.02547
1587.1297297457245,8.02547
1365.4020319753251,8.02547
1512.6379579546413,8.02547
1693.8928999058285,8.02547
1399.9668675394425,8.02547
1432.2255029475148,8.02547
1551.3907849658915,8.02547
1517.9581781939598,8.02547
1535.063009927356,8.02547
1548.9187130147664,8.02547
1563.472146856177,8.02547
1610.9699841956224,8.02547
1540.9818656928512,8.02547
1475.8742345381459,8.02547
1567.2573701202732,8.02547
1689.9881934895216,8.02547
1486.7366253617427,8.02547
1402.547069532936,8.02547
1610.7080669286972,8.02547
1487.9618836046402,8.02547
1282.7330453985965,8.02547
1584.7421677150421,8.02547
1446.4671814046078,8.02547
1490.9466717695839,8.02547
1533.1980330569015,8.02547
1519.0499679779066,8.02547
1570.945181713904,8.02547
1456.4513629430157,8.02547
1551.3105798176082,8.02547
1474.0453322416083,8.02547
1573.8810480887503,8.02547
1561.5367484013054,8.02547
1406.4561297955404,8.02547
1608.5982116175032,8.02547
1446.4036554885952,8.02547
1580.8057798281145,8.02547
1536.7287313401341,8.02547
1683.8183676795122,8.02547
1477.6534017628148,8.02547
1465.0683203881802,8.02547
1498.0580394112267,8.02547
1469.6820217165725,8.02547
1579.994190194205,8.02547
1338.3689391563412,8.02547
1394.6317580853647,8.02547
1393.2197078420807,8.02547
1595.0307591973576,8.02547
1671.0613372581925,8.02547
1489.5550781462528,8.02547
1483.117827680999,8.02547
1507.0052163113182,8.02547
1616.187830260819,8.02547
1407.2646865809427,8.02547
1523.8368982734785,8.02547
1597.519762978243,8.02547
1550.1094169939845,8.02547
1518.9581616598743,8.02547
1600.1046092567142,8.02547
1229.6767707000763,8.02547
1567.7875319530908,8.02547
1434.5924316872577,8.02547
1316.9367103143543,8.02547
1551.1202599524981,8.02547
1637.3658545162957,8.02547
1486.2551485372308,8.02547
1595.287454720294,8.02547
1661.2278257988646,8.02547
1631.4914453584047,8.02547
1663.9964529371393,8.02547
1574.2127491071892,8.02547
1507.5433638901593,8.02547
1339.8034188102831,8.02547
1475.3937511870051,8.02547
1415.675340468381,8.02547
1717.0942717497815,8.02547
1482.4114187567664,8.02547
1512.3204806784486,8.02547
1555.1485376040469,8.02547
1504.3602446372454,8.02547
1669.5051040430753,8.02547
1437.7350638265548,8.02547
1519.4607455237242,8.02547
1425.7529414301953,8.02547
1367.9977488779293,8.02547
1438.8230909094714,8.02547
1496.2963202951587,8.02547
1457.069777548274,8.02547
1430.7579020126145,8.02547
1359.3682536328165,8.02547
1491.6894427371305,8.02547
1349.5279625968997,8.02547
1576.0055963689601,8.02547
1508.2439752934504,8.02547
1354.244850053507,8.02547
1469.0790922950137,8.02547
1424.7843594409417,8.02547
1531.917451041918,8.02547
1634.0450446023144,8.02547
1312.4827530354255,8.02547
1511.5026079147417,8.02547
1483.986720443336,8.02547
1567.1340076450465,8.02547
1521.319662823769,8.02547
1424.803066826118,8.02547
1468.0946064333382,8.02547
1420.397414319651,8.02547
1607.6007138598598,8.02547
1502.1311648671942,8.02547
1690.1190685753008,8.02547
1493.933918618538,8.02547
1429.1593233089536,8.02547
1348.6285607387172,8.02547
1319.6860323744054,8.02547
1341.586405699451,8.02547
1526.7126651011483,8.02547
1550.8725023229933,8.02547
1341.8809297967866,8.02547
1589.5038314076116,8.02547
1451.693894831656,8.02547
1514.6793011985549,8.02547
1661.2220628255425,8.02547
1589.6839315865532,8.02547
1473.1469352094168,8.02547
1410.8807774584714,8.02547
1284.8184598670696,8.02547
1428.084668075758,8.02547
1478.8869761172305,8.02547
1401.2820472848816,8.02547
1486.8743032907696,8.02547
1507.6851882958767,8.02547
1477.5144018191922,8.02547
1434.999741917654,8.02547
1516.8654671966729,8.02547
1544.194064956941,8.02547
1390.9600922557154,8.02547
1641.093237974627,8.02547
1490.1411867715738,8.02547
1501.8849622944847,8.02547
1570.8214423256557,8.02547
1523.3216131263503,8.02547
1595.3136633913246,8.02547
1528.7124165201824,8.02547
1438.7562625359562,8.02547
1536.15035252061,8.02547
1385.6273792679337,8.02547
1510.8559705776522,8.02547
1496.677000935554,8.02547
1479.188314272746,8.02547
1487.146248856107,8.02547
1311.8150954502362,8.02547
1445.1275092259039,8.02547
1509.2844901141116,8.02547
1515.98563919974,8.02547
1397.2324859074042,8.02547
1626.57078408647,8.02547
1413.38251517855,8.02547
1596.9457200526738,8.02547
1542.7194361871684,8.02547
1435.3772690156197,8.02547
1677.5310892609511,8.02547
1380.636316824352,8.02547
1591.9154173610002,8.02547
1600.0582318042977,8.02547
1432.9379790923356,8.02547
1639.246530006433,8.02547
1474.9953485401047,8.02547
1528.8693629279858,8.02547
1526.0321838771222,8.02547
1486.5691258529453,8.02547
1581.0808273159782,8.02547
1579.3488720552214,8.02547
1325.146802676182,8.02547
1630.4340242878152,8.02547
1333.7508011964326,8.02547
1603.2546204341656,8.02547
1612.6705136827584,8.02547
1390.9033569784801,8.02547
1458.9185712045414,8.02547
1389.4295331514065,8.02547
1478.5078969711265,8.02547
1469.1965715814258,8.02547
1577.966053226934,8.02547
1631.0308746119608,8.02547
1639.5683810789956,8.02547
1443.7831973421698,8.02547
1479.0778126255473,8.02547
1331.6561807779049,8.02547
1419.4129933503812,8.02547
1596.4851633097458,8.02547
1661.5582823548232,8.02547
1376.5651128120078,8.02547
1440.7535740847106,8.02547
1497.3594243041073,8.02547
1528.0161158819608,8.02547
1419.0396480078355,8.02547
1542.406104446409,8.02547
1452.6160652929084,8.02547
1498.554772912172,8.02547
1554.6284248003699,8.02547
1500.6422269810937,8.02547
1456.361410947343,8.02547
1489.039019607417,8.02547
1491.1637040794665,8.02547
1462.9988970117872,8.02547
1474.1203937332898,8.02547
1659.8647170504717,8.02547
1556.091944794124,8.02547
1470.451968197084,8.02547
1569.6954404510736,8.02547
1466.618051024399,8.02547
1617.312463758664,8.02547
1536.9642192198094,8.02547
1489.269785599577,8.02547
1544.7716925810278,8.02547
1342.91238479315,8.02547
1387.3232531090196,8.02547
1380.6074993600944,8.02547
1514.2943094763707,8.02547
1673.2514999485093,8.02547
1723.1300146192632,8.02547
1563.8051101440758,8.02547
1550.0844474944456,8.02547
1319.894226584726,8.02547
1445.732620026598,8.02547
1421.221624809176,8.02547
1437.9152401748884,8.02547
1483.185618141521,8.02547
1452.7909422302873,8.02547
1302.0700189624213,8.02547
1574.7910256117534,8.02547
1392.7256974260195,8.02547
1523.9246864111149,8.02547
1707.4082669749973,8.02547
1408.0615408413578,8.02547
1246.971247725367,8.02547
1471.3995778119888,8.02547
1610.0959634998571,8.02547
1695.8347454220593,8.02547
1377.0450405547583,8.02547
1549.6699223236521,8.02547
1453.4689543219947,8.02547
1489.4051645695865,8.02547
1764.4343347017034,8.02547
1349.7029671604846,8.02547
1525.3739661494574,8.02547
1546.7693171765434,8.02547
1608.5786324939347,8.02547
1509.7983153470896,8.02547
1530.8050539504102,8.02547
1460.8351432578208,8.02547
1526.9126941245108,8.02547
1465.680772450259,8.02547
1562.157188985605,8.02547
1463.0389663956366,8.02547
1537.7100393902188,8.02547
1497.073718631502,8.02547
1612.6050250772169,8.02547
1494.8606276411513,8.02547
1322.6967531793118,8.02547
1626.1921500713993,8.02547
1409.426769913738,8.02547
1434.623366135118,8.02547
1440.433870595651,8.02547
1637.4438093170818,8.02547
1286.4325786021304,8.02547
1813.7748533659994,8.02547
1605.6056809066051,8.02547
1522.323891412916,8.02547
1494.5105999383713,8.02547
1528.5554074857657,8.02547
1552.1122428379338,8.02547
1564.5215585950057,8.02547
1555.560446600345,8.02547
1508.958068125525,8.02547
1480.2661579692674,8.02547
1484.872671634649,8.02547
1480.5091719647319,8.02547
1613.3770096867065,8.02547
1559.3556722280862,8.02547
1205.961136533572,8.02547
1565.590077652976,8.02547
1519.4736194718776,8.02547
1498.1291243554103,8.02547
1461.1481546911114,8.02547
1612.4112719986013,8.02547
1594.7526462122858,8.02547
1422.712233217639,8.02547
1540.7052287124536,8.02547
1402.8343265458714,8.02547
1362.038183521107,8.02547
1437.3282775410034,8.02547
1586.239347238276,8.02547
1595.3125045376087,8.02547
1551.3085420097293,8.02547
1572.5095786847996,8.02547
1551.6178287114958,8.02547
1435.8518404777049,8.02547
1543.1922544673942,8.02547
1580.0409525227683,8.02547
1575.4291329813575,8.02547
1618.8913371474644,8.02547
1570.8303847201064,8.02547
1535.1448207541582,8.02547
1607.0150238316428,8.02547
1497.347874075094,8.02547
1411.8125348772282,8.02547
1483.6933036056237,8.02547
1425.509735519355,8.02547
1432.4821725025618,8.02547
1485.5481329284482,8.02547
1420.7580079000038,8.02547
1469.203847036096,8.02547
1310.6385333046214,8.02547
1521.3293707372939,8.02547
1500.1205475362224,8.02547
1418.291136893181,8.02547
1565.9245668432404,8.02547
1593.7570137626558,8.02547
1339.2440135631025,8.02547
1423.7275221433786,8.02547
1423.0857650212702,8.02547
1406.0096898891136,8.02547
1582.947484193175,8.02547
1480.6173861227196,8.02547
1473.548515868939,8.02547
1299.6137635593245,8.02547
1563.5418030209225,8.02547
1376.0741605146527,8.02547
1505.9932630266328,8.02547
1527.7376937958193,8.02547
1636.0658595838652,8.02547
1369.1179600880887,8.02547
1198.0487844179174,8.02547
1518.3849544753696,8.02547
1680.0511181510853,8.02547
1623.8946352939438,8.02547
1520.9659415274625,8.02547
1450.8363814367954,8.02547
1580.712259663731,8.02547
1402.645380029553,8.02547
1547.6357769356218,8.02547
1550.5470159166628,8.02547
1606.020990749888,8.02547
1775.966003891108,8.02547
1539.2415967178767,8.02547
1449.10363742925,8.02547
1497.4425687808005,8.02547
1323.0924095110881,8.02547
1430.5286868910941,8.02547
1459.0717561886895,8.02547
1447.5911602065407,8.02547
1515.2354872033723,8.02547
1417.75800676178,8.02547
1612.1030667324471,8.02547
1500.0207064918197,8.02547
1499.0699678861386,8.02547
1467.2105283487083,8.02547
1515.519068385898,8.02547
1582.5098264667636,8.02547
1413.28697842891,8.02547
1434.1883510924742,8.02547
1469.6273971223336,8.02547
1365.4129076526785,8.02547
1418.0742140278503,8.02547
1452.377912645534,8.02547
1587.4389180712728,8.02547
1526.2561329001926,8.02547
1519.3589911367544,8.02547
1585.0897962167971,8.02547
1486.2628211600604,8.02547
1539.046484992889,8.02547
1489.6778247067505,8.02547
1526.536234939963,8.02547
1441.7241342388418,8.02547
1256.118284172357,8.02547
1486.5720837813697,8.02547
1642.274813609994,8.02547
1592.6215402241592,8.02547
1596.5397484591172,8.02547
1623.6130721806219,8.02547
1508.8657590961438,8.02547
1519.7315707405596,8.02547
1438.234810456565,8.02547
1468.392714397295,8.02547
1561.5771149771142,8.02547
1620.3884437168817,8.02547
1486.0553724319,8.02547
1454.9810735148587,8.02547
1500.0527958856596,8.02547
1560.1206748929114,8.02547
1355.6145183866458,8.02547
1270.3819046862761,8.02547
1444.9463150508416,8.02547
1377.928757408584,8.02547
1449.185980235269,8.02547
1485.2219681182528,8.02547
1454.6751590976987,8.02547
1645.2467534470745,8.02547
1532.674476460232,8.02547
1530.0474359610828,8.02547
1562.2207144043402,8.02547
1386.1166882219231,8.02547
1603.9111787420268,8.02547
1492.423571346454,8.02547
1567.0480617241212,8.02547
1392.8142766959845,8.02547
1344.6241233983935,8.02547
1581.7889658025028,8.02547
1537.6409526097516,8.02547
1409.794844564249,8.02547
1413.0336918725307,8.02547
1612.543478441477,8.02547
1381.0588107132671,8.02547
1664.2672953255963,8.02547
1409.9379265352131,8.02547
1563.8391925608382,8.02547
1467.1381524251015,8.02547
1560.3187431082342,8.02547
1445.5885997885807,8.02547
1483.7207093927707,8.02547
1504.091917539572,8.02547
1399.7812544218527,8.02547
1574.0824345420126,8.02547
1448.6786433528414,8.02547
1477.140008465998,8.02547
1400.5650625391488,8.02547
1243.766634120469,8.02547
1480.897223739983,8.02547
1741.2615421612916,8.02547
1578.4604287898023,8.02547
1498.0739620265606,8.02547
1473.7109170791732,8.02547
1502.2465892812047,8.02547
1554.711911517521,8.02547
1381.9187184691154,8.02547
1611.4321694668872,8.02547
1571.5381315441243,8.02547
1571.8185725707935,8.02547
1543.8475738809727,8.02547
1501.961665769399,8.02547
1567.286123596682,8.02547
1559.1814133741377,8.02547
1464.5959289058976,8.02547
1442.63982271031,8.02547
1510.1856295261987,8.02547
1654.9020151495188,8.02547
1376.08929243461,8.02547
1353.247473424756,8.02547
1516.4760841236516,8.02547
1505.0887701856018,8.02547
1517.3341664370407,8.02547
1524.39531979085,8.02547
1477.6797745365195,8.02547
1648.9863438602083,8.02547
1339.9096021523485,8.02547
1417.1502975219755,8.02547
1489.6745239850952,8.02547
1335.6811188845832,8.02547
1482.414559556793,8.02547
1666.147016572802,8.02547
1502.0886488295962,8.02547
1523.0700905718684,8.02547
1373.983523482742,8.02547
1438.3638591960523,8.02547
1462.4803619676063,8.02547
1468.2284903243767,8.02547
1628.164379500377,8.02547
1555.7691060725124,8.02547
1388.8542043062969,8.02547
1524.6504778432004,8.02547
1549.8221748496785,8.02547
1614.0149038521267,8.02547
1658.0540686568374,8.02547
1398.4905808172132,8.02547
1418.9142488789662,8.02547
1374.2422141085383,8.02547
1476.5980140893018,8.02547
1546.6358374446334,8.02547
1598.73345165891,8.02547
1492.4048976357478,8.02547
1468.0152476745156,8.02547
1515.175799224874,8.02547
1416.4857098369978,8.02547
1708.9538721694773,8.02547
1339.2338972881942,8.02547
1518.4740578895724,8.02547
1702.360621922964,8.02547
1500.6799844559998,8.02547
1480.9960964998506,8.02547
1464.2554577189574,8.02547
1481.9608318237592,8.02547
1637.284847467653,8.02547
1278.8138088670494,8.02547
1653.3433701296326,8.02547
1357.6042847549854,8.02547
1473.3347670765586,8.02547
1457.0755579701338,8.02547
1558.855326977072,8.02547
1340.1875648116252,8.02547
1546.2172666081942,8.02547
1702.4309623286852,8.02547
1363.682599540719,8.02547
1518.9706167610395,8.02547
1433.8017822203392,8.02547
1542.5887206193036,8.02547
1501.914777741575,8.02547
1435.851309095569,8.02547
1548.7872284871073,8.02547
1680.4348109786742,8.02547
1480.9096208272701,8.02547
1571.9757942148183,8.02547
1370.6727042128837,8.02547
1404.3563623181992,8.02547
1547.2406277880377,8.02547
1648.4116028535964,8.02547
1535.561334878566,8.02547
1468.6941969476845,8.02547
1499.9291405423355,8.02547
1374.9592266030284,8.02547
1560.4515326355368,8.02547
1588.233306232341,8.02547
1454.7909667166919,8.02547
1452.9957852240498,8.02547
1526.5878229652049,8.02547
1456.3280263959405,8.02547
1493.3867385374178,8.02547
1709.9721789166515,8.02547
1475.2974299254004,8.02547
1464.1659847978779,8.02547
1435.245819436484,8.02547
1574.4191971499936,8.02547
1481.8775826781898,8.02547
1435.0626961678574,8.02547
1632.1304032273013,8.02547
1641.9603004513638,8.02547
1439.9576434261294,8.02547
1313.3460048639383,8.02547
1600.7513689836921,8.02547
1431.5370174239997,8.02547
1579.0625599162768,8.02547
1302.9896182288164,8.02547
1589.2597338299308,8.02547
1378.882807071922,8.02547
1573.0764119066525,8.02547
1501.4273067836434,8.02547
1404.6060580603355,8.02547
1459.296368707322,8.02547
1568.63184569567,8.02547
1510.5894453115234,8.02547
1558.4412980472484,8.02547
1697.6440584515485,8.02547
1343.5758388288948,8.02547
1661.7212574968623,8.02547
1510.4355937523212,8.02547
1410.1215951676872,8.02547
1366.968637426101,8.02547
1481.0879609222966,8.02547
1592.165011192446,8.02547
1487.2450879622465,8.02547
1651.1154930247349,8.02547
1354.882430994844,8.02547
1498.7911052153945,8.02547
1374.760655558688,8.02547
1536.3631882624968,8.02547
1588.68873900973,8.02547
1457.9238206318946,8.02547
1239.5786143372866,8.02547
1519.8948146796495,8.02547
1543.673855173351,8.02547
1540.4294754961697,8.02547
1623.5782191822154,8.02547
1392.8946320350951,8.02547
1568.021610545045,8.02547
1619.2507512477976,8.02547
1322.1412415993484,8.02547
1531.9651825918977,8.02547
1449.582016899233,8.02547
1491.8477326898353,8.02547
1534.7676483538337,8.02547
1451.2771435886448,8.02547
1432.4291920838389,8.02547
1503.4152417488024,8.02547
1391.2754061137198,8.02547
1391.4174871114815,8.02547
1567.9373282956503,8.02547
1385.1205964841345,8.02547
1566.6312500909212,8.02547
1546.2591292853951,8.02547
1327.4193271209404,8.02547
1432.2435347664345,8.02547
1619.4109403047373,8.02547
1401.8834468860318,8.02547
1453.5595737690612,8.02547
1546.2060893251896,8.02547
1578.3390509282594,8.02547
1474.8461113955505,8.02547
1440.2489805308358,8.02547
1642.2369861698508,8.02547
1673.8899663797579,8.02547
1597.8858050781796,8.02547
1508.5318142565025,8.02547
1419.1734278359074,8.02547
1416.9555593443436,8.02547
1552.2514105265757,8.02547
1541.8398220888685,8.02547
1640.159859294643,8.02547
1565.045009253614,8.02547
1349.691969824018,8.02547
1605.194761772292,8.02547
1400.1939372685588,8.02547
1461.602872804765,8.02547
1525.0200206251695,8.02547
1699.5667489783964,8.02547
1810.9918556005362,8.02547
1560.6723059136182,8.02547
1481.6803381279612,8.02547
1553.450564848055,8.02547
1588.7655425873836,8.02547
1467.9332374442808,8.02547
1679.5211355912322,8.02547
1523.00707591914,8.02547
1549.7743089091393,8.02547
1566.592425205446,8.02547
1542.1586610614456,8.02547
1583.8940500469612,8.02547
1438.2746813453077,8.02547
1444.169824605397,8.02547
1389.9845767028305,8.02547
1543.9501230620226,8.02547
1577.8936503512114,8.02547
1545.7772866151886,8.02547
1667.4492433347536,8.02547
1499.4403981170954,8.02547
1566.8741655592512,8.02547
1390.8299123860686,8.02547
1461.2900297525598,8.02547
1569.5537757565778,8.02547
1584.9102110743145,8.02547
1470.6033052335818,8.02547
1492.8400748141933,8.02547
1348.212625331919,8.02547
1464.297079919339,8.02547
1589.0383163519787,8.02547
1557.5205016106565,8.02547
1550.066572138121,8.02547
1504.977368718096,8.02547
1500.7063158628177,8.02547
1433.9678860526553,8.02547
1569.8828420202535,8.02547
1542.097294438939,8.02547
1549.20188479928,8.02547
1447.396515733242,8.02547
1284.6657080128755,8.02547
1609.7152711753695,8.02547
1452.1162543991595,8.02547
1413.722423595688,8.02547
1569.3478911913994,8.02547
1460.798736008087,8.02547
1605.993638404662,8.02547
1561.7005949576696,8.02547
1568.3569323200477,8.02547
1363.4044288799466,8.02547
1621.1943985386401,8.02547
1526.1250531233857,8.02547
1463.0722860753797,8.02547
1514.3388467342252,8.02547
1322.376476710168,8.02547
1540.865281148067,8.02547
1397.062849181793,8.02547
1364.7329714156465,8.02547
1347.764081378211,8.02547
1611.2688374989925,8.02547
1437.0736606307212,8.02547
1653.37277099165,8.02547
1446.4198536947702,8.02547
1329.2642042407053,8.02547
1388.347556005134,8.02547
1623.581162000694,8.02547
1484.4101822063333,8.02547
1445.17127035094,8.02547
1516.0018225852787,8.02547
1550.1782736167545,8.02547
1611.7398815902461,8.02547
1644.8499229892927,8.02547
1464.0231354210914,8.02547
1367.3952313917962,8.02547
1458.6534838876723,8.02547
1526.0280506582885,8.02547
1403.624107378939,8.02547
1404.2849085104958,8.02547
1534.3787881549886,8.02547
1495.1347648429548,8.02547
1503.2796995411586,8.02547
1424.150466529993,8.02547
1476.9599285794234,8.02547
1407.5766855731695,8.02547
1589.0198411124786,8.02547
1603.5249334723753,8.02547
1315.3812137761906,8.02547
1407.048913980759,8.02547
1350.347074490992,8.02547
1434.9976065593103,8.02547
1491.6562030209639,8.02547
1355.035478030147,8.02547
1407.8140186874687,8.02547
1399.60426279185,8.02547
1520.7267329398944,8.02547
1506.934433703625,8.02547
1427.8262446662748,8.02547
1517.68208721394,8.02547
1445.3319915412735,8.02547
1472.8344889673947,8.02547
1667.3452090298538,8.02547
1634.0461051790348,8.02547
1370.0418763072403,8.02547
1582.9732417879175,8.02547
1581.1396554491591,8.02547
1385.1736711247381,8.02547
1581.877764375486,8.02547
1653.7931918412553,8.02547
1387.7455193755586,8.02547
1408.2497178985736,8.02547
1601.7661466843501,8.02547
1527.1495310825649,8.02547
1555.1476275239522,8.02547
1534.0589216400497,8.02547
1539.0695920928144,8.02547
1367.3527871688916,8.02547
1604.7317706621448,8.02547
1616.9589992427773,8.02547
1477.0609255931972,8.02547
1495.6523050186138,8.02547
1346.8892497444278,8.02547
1551.4254756017835,8.02547
1557.2057441714144,8.02547
1493.7808983000689,8.02547
1612.4353359870502,8.02547
1466.592276902006,8.02547
1556.46059258936,8.02547
1398.0335661307884,8.02547
1497.6447849125761,8.02547
1482.5645742097165,8.02547
1522.5307922040943,8.02547
1463.0473071166641,8.02547
1486.8527404328331,8.02547
1582.6047171441505,8.02547
1456.3235762761783,8.02547
1339.342289926132,8.02547
1674.958390420542,8.02547
1638.1454078690485,8.02547
1370.773730489438,8.02547
1568.9707805245193,8.02547
1449.7025229448657,8.02547
1526.3487215331058,8.02547
1529.4224129013494,8.02547
1476.5592199683679,8.02547
1421.6234334413602,8.02547
1430.945894768374,8.02547
1408.3808084518757,8.02547
1416.8177791769556,8.02547
1493.2821709950645,8.02547
1428.4240010889248,8.02547
1568.205206571262,8.02547
1648.7246155335927,8.02547
1441.9946758629958,8.02547
1523.9404500535377,8.02547
1549.9685110302935,8.02547
1547.2002270919274,8.02547
1507.5955267916088,8.02547
1574.2682418359723,8.02547
1548.2248952680657,8.02547
1376.2337577672702,8.02547
1586.9156064389274,8.02547
1588.7290837266742,8.02547
1423.6713895821417,8.02547
1503.7937835447601,8.02547
1568.3328992811068,8.02547
1479.068618042064,8.02547
1607.2978047766012,8.02547
1736.387249461936,8.02547
1421.4013967365017,8.02547
1361.8955396846225,8.02547
1530.3818595604876,8.02547
1572.1562505126144,8.02547
1476.913362615523,8.02547
1645.3260663321034,8.02547
1366.1394200276752,8.02547
1569.291862303161,8.02547
1439.4139179241106,8.02547
1671.9377906207296,8.02547
1699.251535316812,8.02547
1423.3343412216652,8.02547
1445.044286409142,8.02547
1585.9587886979803,8.02547
1461.2869350210485,8.02547
1495.4588782067763,8.02547
1502.538842054241,8.02547
1308.0326843802343,8.02547
1498.6162253905763,8.02547
1431.0272225935826,8.02547
1450.687717760023,8.02547
1644.3632003468815,8.02547
1374.3493105720743,8.02547
1581.3205186747978,8.02547
1472.1037069668191,8.02547
1472.0239831504166,8.02547
1579.037189605171,8.02547
1534.005129456889,8.02547
1557.061299721953,8.02547
1596.818466053286,8.02547
1466.8691616816677,8.02547
1438.776326549225,8.02547
1391.4849473442202,8.02547
1417.4589470021044,8.02547
1794.9094425308726,8.02547
1624.4679580736786,8.02547
1364.8925633791978,8.02547
1367.754204325643,8.02547
1548.1866061718492,8.02547
1554.7264797377966,8.02547
1554.8883835317365,8.02547
1474.5044206446303,8.02547
1487.45457399971,8.02547
1532.7879524159357,8.02547
1508.5893006293331,8.02547
1278.0699627252466,8.02547
1477.0200369424806,8.02547
1414.8593565739686,8.02547
1517.5211418908511,8.02547
1798.5259002603411,8.02547
1536.7481665474304,8.02547
1468.6470313827601,8.02547
1592.1801501977252,8.02547
1548.2687887209213,8.02547
1542.009449045184,8.02547
1560.685059321567,8.02547
1705.6543564829542,8.02547
1386.9111564674085,8.02547
1547.3632076811455,8.02547
1407.361887001846,8.02547
1555.551264634225,8.02547
1408.1313488513906,8.02547
1458.2633186394917,8.02547
1470.4910085762094,8.02547
1597.581671934471,8.02547
1591.8454443942414,8.02547
1375.4282623553615,8.02547
1505.4934110999848,8.02547
1429.0420145250828,8.02547
1374.1495089324665,8.02547
1478.298294957563,8.02547
1469.151721154418,8.02547
1742.6716486345522,8.02547
1543.2959825360697,8.02547
1362.2382499245764,8.02547
1443.5225995829057,8.02547
1602.1383295429398,8.02547
1708.8442772869926,8.02547
1341.4016687762041,8.02547
1312.0075614860955,8.02547
1687.0965175371782,8.02547
1538.9614177370904,8.02547
1413.1707268123635,8.02547
1553.4629086122436,8.02547
1236.4252260983121,8.02547
1500.337550659716,8.02547
1532.7821172843085,8.02547
1592.427013953783,8.02547
1398.6104047707463,8.02547
1508.568716140336,8.02547
1407.4575373940413,8.02547
1525.5383755674318,8.02547
1410.4653677636975,8.02547
1459.189916083978,8.02547
1400.418460520977,8.02547
1565.1136241823656,8.02547
1585.8451116656665,8.02547
1476.5379430042585,8.02547
1503.8237994960027,8.02547
1355.1408585366455,8.02547
1470.0323351993213,8.02547
1494.9795382958255,8.02547
1762.0793091029975,8.02547
1388.8032974225837,8.02547
1646.4177238752438,8.02547
1599.6858773465808,8.02547
1528.0636404490137,8.02547
1675.8620484195133,8.02547
1537.2105472606863,8.02547
1538.9159195667928,8.02547
1494.6879346982455,8.02547
1622.3568882418626,8.02547
1609.6469233810883,8.02547
1437.4322712503788,8.02547
1368.0752805401232,8.02547
1479.7019362604342,8.02547
1419.9961435602354,8.02547
1493.6475425384644,8.02547
1623.743813468414,8.02547
1454.269834491321,8.02547
1495.7176618688425,8.02547
1505.8022734808396,8.02547
1584.8430882205284,8.02547
1275.3110666015396,8.02547
1439.3299705234704,8.02547
1521.1283692279474,8.02547
1620.0078956426862,8.02547
1450.8097552493796,8.02547
1312.3447293958125,8.02547
1561.9711445966136,8.02547
1436.4637611174371,8.02547
1381.0333340909638,8.02547
1437.5654610286776,8.02547
1481.547464234415,8.02547
1439.5255335461786,8.02547
1279.443394290093,8.02547
1589.7066196887133,8.02547
1627.4875041278722,8.02547
1565.1521991339505,8.02547
1386.2314329575183,8.02547
1479.8508466052483,8.02547
1499.3478684770541,8.02547
1559.879438956191,8.02547
1566.8340488718081,8.02547
1426.5826201221505,8.02547
1508.199555641356,8.02547
1545.7280404615242,8.02547
1645.5822322146767,8.02547
1570.4506539824724,8.02547
1578.9056687375519,8.02547
1508.3826627929361,8.02547
1641.0459145203504,8.02547
1540.9762795959498,8.02547
1413.8912089826429,8.02547
1640.336997012519,8.02547
1569.7903272539027,8.02547
1455.6955978871517,8.02547
1452.0507032600756,8.02547
1529.657554514076,8.02547
1546.3184795267584,8.02547
1519.7292265631206,8.02547
1531.1308673442884,8.02547
1669.9957374576381,8.02547
1607.1543152234885,8.02547
1519.0635591265025,8.02547
1594.1310580767483,8.02547
1396.747609647246,8.02547
1539.792704994681,8.02547
1680.930634973311,8.02547
1478.1954104607626,8.02547
1415.2366071380916,8.02547
1434.7911111406938,8.02547
1391.036696265761,8.02547
1421.5238091872297,8.02547
1462.9491901409972,8.02547
1359.4432980821357,8.02547
1501.5618333949603,8.02547
1590.2277173786647,8.02547
1409.224381985308,8.02547
1651.928392364177,8.02547
1551.0792088527594,8.02547
1603.0580585624057,8.02547
1434.2165446147862,8.02547
1585.4525227066615,8.02547
1390.8066099604687,8.02547
1589.0247500836508,8.02547
1517.183933979353,8.02547
1555.3251219984784,8.02547
1382.4405394375149,8.02547
1410.4930157723395,8.02547
1559.7228218253385,8.02547
1405.1651995775799,8.02547
1546.3206292099123,8.02547
1363.2862193539754,8.02547
1584.8174212666668,8.02547
1376.747668523149,8.02547
1555.2299937679522,8.02547
1562.5630933646,8.02547
1430.3228181570425,8.02547
1558.2026567084727,8.02547
1526.0442263333557,8.02547
1446.115814380726,8.02547
1399.1445315923793,8.02547
1303.7374308327421,8.02547
1534.9650047299695,8.02547
1343.5197228637944,8.02547
1509.5344199441308,8.02547
1473.655178391775,8.02547
1567.9142775438195,8.02547
1469.7954500510136,8.02547
1467.055221365291,8.02547
1573.1870704288297,8.02547
1533.5058029084119,8.02547
1531.6155957182777,8.02547
1546.9267589808526,8.02547
1346.4427876792895,8.02547
1575.6788679986983,8.02547
1561.2468794013603,8.02547
1398.3316871423503,8.02547
1475.59195263258,8.02547
1496.069271237237,8.02547
1486.5503215598267,8.02547
1533.3859966568534,8.02547
1643.1366781831184,8.02547
1608.176672767283,8.02547
1368.7780806568594,8.02547
1562.206999030605,8.02547
1632.8933319535408,8.02547
1538.6808520689203,8.02547
1609.0980425185967,8.02547
1701.2270445700765,8.02547
1602.3709546106982,8.02547
1524.9308595641728,8.02547
1604.5088474084753,8.02547
1514.488783309689,8.02547
1502.3903043284956,8.02547
1464.8585764286267,8.02547
1656.3413358832108,8.02547
1418.1571334057999,8.02547
1653.2367724678115,8.02547
1549.9864123740372,8.02547
1360.069382519806,8.02547
1536.764929299142,8.02547
1289.9973492348377,8.02547
1562.5508016831036,8.02547
1588.523148298899,8.02547
1440.7644044347946,8.02547
1512.3547695955583,8.02547
1695.4157433750286,8.02547
1449.4253295738063,8.02547
1394.1092412943399,8.02547
1648.1663402462598,8.02547
1696.2587190530794,8.02547
1500.3695671847847,8.02547
1601.1463035408356,8.02547
1634.1475915530882,8.02547
1425.7515767461616,8.02547
1451.469416463213,8.02547
1623.0874513154736,8.02547
1668.5014278708509,8.02547
1556.2880860174355,8.02547
1412.0185646497946,8.02547
1698.706111169944,8.02547
1446.9029102188035,8.02547
1466.4862218828548,8.02547
1534.2337834489622,8.02547
1655.4160420714775,8.02547
1585.3975976552224,8.02547
1541.4865500361911,8.02547
1546.3288530118107,8.02547
1504.3514668643465,8.02547
1555.8139514518507,8.02547
1247.0439922305698,8.02547
1470.3392540930201,8.02547
1524.1321934916782,8.02547
1384.8985916380493,8.02547
1538.632331781156,8.02547
1479.5528779013878,8.02547
1675.547569831549,8.02547
1657.3019725214856,8.02547
1453.4194430881837,8.02547
1484.9162288433304,8.02547
1492.6052434391606,8.02547
1454.8340523840377,8.02547
1519.5024984028128,8.02547
1424.171793111241,8.02547
1386.9384665062473,8.02547
1562.271122390027,8.02547
1562.9529584221812,8.02547
1419.5684240340008,8.02547
1589.53554307626,8.02547
1436.842227083467,8.02547
1525.3165238037982,8.02547
1582.0344012612456,8.02547
1496.6387435296288,8.02547
1545.4740912141135,8.02547
1448.3570356112427,8.02547
1480.3533416571902,8.02547
1479.4140569119659,8.02547
1425.3421653459761,8.02547
1482.322583688422,8.02547
1345.1381701136254,8.02547
1450.8846252857895,8.02547
1471.512450663033,8.02547
1474.382024750462,8.02547
1475.850255412922,8.02547
1493.823580013987,8.02547
1547.9441518086064,8.02547
1587.4517074132523,8.02547
1435.0234773151733,8.02547
1379.6799144610854,8.02547
1395.7955587756896,8.02547
1451.2797078805072,8.02547
1464.807868218349,8.02547
1423.0003933802543,8.02547
1370.3883335750106,8.02547
1454.3879172525812,8.02547
1518.142662011397,8.02547
1559.5029465835564,8.02547
1444.257694689168,8.02547
1458.7002177856566,8.02547
1407.330169115269,8.02547
1496.8560829625224,8.02547
1415.1571365809186,8.02547
1557.31278132412,8.02547
1321.4133508065888,8.02547
1464.0370327547537,8.02547
1530.1107339191742,8.02547
1518.3834516322504,8.02547
1769.3033663980495,8.02547
1534.9800024567908,8.02547
1399.594540315799,8.02547
1490.4535752910926,8.02547
1322.3753666533548,8.02547
1491.9400250703238,8.02547
1416.6943942999242,8.02547
1591.5390275560162,8.02547
1445.0459725404464,8.02547
1488.3234084204753,8.02547
1436.4442158595596,8.02547
1673.8851351853332,8.02547
1467.8757233882088,8.02547
1683.25570434792,8.02547
1581.4151762118267,8.02547
1548.2066727335387,8.02547
1536.873314731752,8.02547
1539.3797298216252,8.02547
1307.232742065439,8.02547
1472.1116605849243,8.02547
1584.5157971184321,8.02547
1495.1102816525895,8.02547
1359.4810153196424,8.02547
1494.759554942253,8.02547
1670.410551625549,8.02547
1624.6891715534719,8.02547
1493.7995990633967,8.02547
1595.1449277058086,8.02547
1463.3492979631949,8.02547
1329.612841317328,8.02547
1407.5534011870445,8.02547
1656.2888768508199,8.02547
1472.6006918170697,8.02547
1475.661602062498,8.02547
1470.016180372512,8.02547
1690.4136589573006,8.02547
1662.5958915362064,8.02547
1721.8780233448133,8.02547
1484.0954789599948,8.02547
1529.5624488747096,8.02547
1348.3357450579208,8.02547
1647.6934426118273,8.02547
1383.2220448732064,8.02547
1521.6775563762628,8.02547
1390.2697472367156,8.02547
1441.1133173261303,8.02547
1416.27375689503,8.02547
1439.212473932418,8.02547
1446.0877296851022,8.02547
1445.1731205074923,8.02547
1583.3333911780308,8.02547
1389.513720693748,8.02547
1522.0541427013866,8.02547
1621.795915230556,8.02547
1448.6803635486604,8.02547
1428.20811092524,8.02547
1476.947537481975,8.02547
1617.972520836071,8.02547
1519.4107630953358,8.02547
1446.8785705392402,8.02547
1548.387665118804,8.02547
1389.7707850163576,8.02547
1568.1359510442949,8.02547
1540.8607307701768,8.02547
1469.2191528861115,8.02547
1416.1414201552768,8.02547
1411.3319077716542,8.02547
1553.481733634591,8.02547
1622.8980502489062,8.02547
1436.2692252971206,8.02547
1545.8386703551485,8.02547
1291.2972981397932,8.02547
1441.5382269342801,8.02547
1496.89410671291,8.02547
1409.0316583018166,8.02547
1406.3493625210403,8.02547
1433.2220443531114,8.02547
1529.2192728326372,8.02547
1481.2670981593626,8.02547
1276.1768766675027,8.02547
1287.9299847364935,8.02547
1439.3134822142824,8.02547
1545.7686586053553,8.02547
1225.2495157274766,8.02547
1450.0269823848369,8.02547
1447.375214348258,8.02547
1638.8337778208447,8.02547
1461.4978188287137,8.02547
1538.2988984740928,8.02547
1514.1257140087464,8.02547
1286.94335201928,8.02547
1576.8207216631738,8.02547
1521.5396505456288,8.02547
1550.8268639674588,8.02547
1892.6237706436327,8.02547
1291.5887060501411,8.02547
1672.4696649761108,8.02547
1471.2552480599645,8.02547
1528.732890440301,8.02547
1495.4487754698757,8.02547
1457.5763666601956,8.02547
1443.016707176124,8.02547
1532.9508735573008,8.02547
1348.282630332832,8.02547
1575.0579167521767,8.02547
1458.3805595114745,8.02547
1386.9930660959642,8.02547
1454.9987142004186,8.02547
1625.7149216862572,8.02547
1446.4664912983776,8.02547
1535.8453618209621,8.02547
1426.9043724284527,8.02547
1575.7921849923619,8.02547
1568.5507738790204,8.02547
1684.8608833296412,8.02547
1482.4436054500784,8.02547
1566.8654804757907,8.02547
1509.8067539538945,8.02547
1629.5871781863013,8.02547
1428.1167612391268,8.02547
1574.500531287728,8.02547
1480.530270388332,8.02547
1493.5811822891503,8.02547
1509.1752484448373,8.02547
1525.2240396426678,8.02547
1488.3770956878043,8.02547
1521.4713183170527,8.02547
1657.8118057562185,8.02547
1598.5449685615217,8.02547
1586.9154592496895,8.02547
1454.446047397613,8.02547
1411.0759171771676,8.02547
1595.5300558237752,8.02547
1587.6046792529794,8.02547
1647.2670675750983,8.02547
1439.601937403077,8.02547
1477.0451344639653,8.02547
1336.0515837474566,8.02547
1460.7528893939127,8.02547
1599.6570510579447,8.02547
1453.3504620771803,8.02547
1564.0479795200824,8.02547
1480.9496894002189,8.02547
1532.4057028221562,8.02547
1385.2308610184332,8.02547
1508.52094496339,8.02547
1200.8864029099277,8.02547
1481.3103841838015,8.02547
1336.952675628486,8.02547
1620.5994516546816,8.02547
1577.7407352764512,8.02547
1546.667098196608,8.02547
1652.100622715938,8.02547
1405.1083479175163,8.02547
1674.7363197915558,8.02547
1593.2191564260386,8.02547
1476.3444712781054,8.02547
1613.5620147182944,8.02547
1389.3706487588365,8.02547
1417.5485838472327,8.02547
1439.14102767603,8.02547
1447.1022291935985,8.02547
1394.3442357239746,8.02547
1622.3083067095324,8.02547
1474.1145599630167,8.02547
1535.250496835688,8.02547
1442.9648633586319,8.02547
1317.9396699451484,8.02547
1527.0057358391423,8.02547
1308.7745024580222,8.02547
1493.136595391453,8.02547
1363.1684961167189,8.02547
1698.7275999230808,8.02547
1591.1362722174722,8.02547
1510.5753791271482,8.02547
1626.3706677654668,8.02547
1415.3684022534264,8.02547
1554.3479378670093,8.02547
1519.9810433718712,8.02547
1526.402008133367,8.02547
1627.2353500106767,8.02547
1573.2492102779802,8.02547
1528.8723662825023,8.02547
1334.5112563771704,8.02547
1403.9953704720535,8.02547
1487.7291066404275,8.02547
1509.337237427665,8.02547
1386.9796275326075,8.02547
1741.1676675578422,8.02547
1651.6394055253572,8.02547
1560.2118320392483,8.02547
1507.2036861283746,8.02547
1478.779103009885,8.02547
1404.8081539977763,8.02547
1507.7480518518862,8.02547
1525.775254014275,8.02547
1375.8239424518376,8.02547
1533.4176417244898,8.02547
1484.4740951175252,8.02547
1309.219244212261,8.02547
1413.9614989220497,8.02547
1458.6394466578356,8.02547
1688.768765734019,8.02547
1555.6553124533757,8.02547
1366.451843090011,8.02547
1548.6036289417636,8.02547
1345.2696011061635,8.02547
1608.2691053887074,8.02547
1452.887534818212,8.02547
1490.6363811260828,8.02547
1632.579664754219,8.02547
1371.2836431415749,8.02547
1360.288181488701,8.02547
1441.6400673653995,8.02547
1603.8378851019318,8.02547
1348.0653924523158,8.02547
1216.784440188943,8.02547
1454.8841141591001,8.02547
1555.174079991092,8.02547
1620.026174973883,8.02547
1453.68386379146,8.02547
1458.8573392883998,8.02547
1615.3900734255747,8.02547
1313.0258300304579,8.02547
1461.147922481699,8.02547
1519.0423889925057,8.02547
1544.9218721285033,8.02547
1449.0193306809117,8.02547
1503.4441011705842,8.02547
1251.167264658701,8.02547
1434.1751587666151,8.02547
1545.3508712554467,8.02547
1401.770596574532,8.02547
1505.8984221589596,8.02547
1544.68725008027,8.02547
1465.7450799142234,8.02547
1517.046377099657,8.02547
1403.7267434715388,8.02547
1479.3388720303954,8.02547
1561.0216169589223,8.02547
1515.6972960968435,8.02547
1441.3468730436064,8.02547
1522.4216404290794,8.02547
1571.4609790636619,8.02547
1295.0058721422522,8.02547
1615.9074064955898,8.02547
1466.3745261318927,8.02547
1542.548993324023,8.02547
1619.7246923645228,8.02547
1362.8326302769533,8.02547
1429.0558997572452,8.02547
1471.1451304124296,8.02547
1421.624647887557,8.02547
1673.493657583681,8.02547
1414.3227906173206,8.02547
1444.4453220513133,8.02547
1520.4389031602977,8.02547
1379.785047392391,8.02547
1460.4319288243737,8.02547
1531.7453261250175,8.02547
1466.7139595617489,8.02547
1490.6613141100052,8.02547
1447.0667887551629,8.02547
1348.5529690819233,8.02547
1532.1593211339239,8.02547
1675.4933071647242,8.02547
1501.8401630783437,8.02547
1522.526411724755,8.02547
1569.2722755116858,8.02547
1373.06695034533,8.02547
1670.2514658129605,8.02547
1520.2328796422803,8.02547
1663.185689908911,8.02547
1426.696700447601,8.02547
1681.8061922557824,8.02547
1577.5155494034784,8.02547
1555.3040085852358,8.02547
1523.4024454353148,8.02547
1475.147138192555,8.02547
1620.0531658473872,8.02547
1514.0359869848046,8.02547
1303.2930296412846,8.02547
1388.2813538292999,8.02547
1481.4154247807253,8.02547
1530.9998983165556,8.02547
1494.3411511100105,8.02547
1621.8970789793664,8.02547
1304.8898135961376,8.02547
1514.358793650516,8.02547
1318.2020774612845,8.02547
1575.9712295484169,8.02547
1490.5541285557997,8.02547
1541.9609972024118,8.02547
1413.6117039410233,8.02547
1627.946493165775,8.02547
1604.1724664058852,8.02547
1558.3544303011888,8.02547
1487.048275313656,8.02547
1557.9857285295132,8.02547
1429.310743201265,8.02547
1585.5555659020713,8.02547
1664.9480894323922,8.02547
1607.0610559979186,8.02547
1427.039753019259,8.02547
1536.1417317273103,8.02547
1370.6858456241353,8.02547
1557.2390311175675,8.02547
1545.0603412862538,8.02547
1313.0183660467835,8.02547
1383.8216156087635,8.02547
1471.6861103256233,8.02547
1469.9140252859174,8.02547
1379.0523064581196,8.02547
1538.8978729352184,8.02547
1525.1473608940512,8.02547
1480.573086802148,8.02547
1424.4208499841636,8.02547
1604.8707126416564,8.02547
1665.5407113088295,8.02547
1451.6438516153462,8.02547
1438.783308284518,8.02547
1549.1207665411996,8.02547
1464.1970620253014,8.02547
1486.0602799336766,8.02547
1573.9653151724672,8.02547
1309.0643912492708,8.02547
1631.8302324852668,8.02547
1507.2680524329342,8.02547
1458.850685543782,8.02547
1491.076584577855,8.02547
1496.242935502052,8.02547
1326.8798696555075,8.02547
1649.4938227453235,8.02547
1504.1325632270618,8.02547
1544.3002130447376,8.02547
1595.1549770574043,8.02547
1397.88375424397,8.02547
1547.3471899035228,8.02547
1473.2358909101206,8.02547
1584.6770775216494,8.02547
1287.2772579648504,8.02547
1490.090569975873,8.02547
1439.7179344216038,8.02547
1543.2262950634156,8.02547
1547.0044187368203,8.02547
1429.2374105177973,8.02547
1428.7826135823957,8.02547
1488.933463144267,8.02547
1410.3357772684792,8.02547
1584.1983695452127,8.02547
1463.0792799552553,8.02547
1209.3011780678357,8.02547
1462.5177943378194,8.02547
1396.1456179156028,8.02547
1336.8724184539055,8.02547
1376.2573361777427,8.02547
1510.940847183297,8.02547
1632.864082824823,8.02547
1531.318447386498,8.02547
1439.349661178426,8.02547
1545.5904195170704,8.02547
1454.0909689781008,8.02547
1430.5399630836855,8.02547
1384.5637331767016,8.02547
1324.8171193248281,8.02547
1461.0076293440554,8.02547
1515.8053489920133,8.02547
1490.337632998511,8.02547
1458.4033072052641,8.02547
1405.425393930322,8.02547
1560.8246191684968,8.02547
1368.2868080053415,8.02547
1577.6027913843475,8.02547
1399.7782981073276,8.02547
1424.7564762646964,8.02547
1353.3214809384324,8.02547
1449.8597853114363,8.02547
1597.531245847798,8.02547
1551.5628088443957,8.02547
1597.8422112028036,8.02547
1552.2142545933937,8.02547
1389.633017146963,8.02547
1466.9210775672443,8.02547
1421.9800870882536,8.02547
1633.057490403904,8.02547
1380.3211353573688,8.02547
1589.3697689389112,8.02547
1589.295387010877,8.02547
1682.9620201716086,8.02547
1459.0313407370502,8.02547
1571.2322159580162,8.02547
1728.1651836538842,8.02547
1438.2358323066303,8.02547
1346.495975246764,8.02547
1311.9989966092237,8.02547
1571.271202886133,8.02547
1311.6849791941415,8.02547
1462.7680947062076,8.02547
1543.731318703896,8.02547
1518.5175536829913,8.02547
1542.5444864184171,8.02547
1522.2289855800855,8.02547
1627.8865813313394,8.02547
1404.7683619261204,8.02547
1432.300486154147,8.02547
1422.7340554729176,8.02547
1583.019181186261,8.02547
1590.0398588395065,8.02547
1545.1225319318507,8.02547
1618.3493666889929,8.02547
1382.195913262362,8.02547
1666.7224111551136,8.02547
1652.3238621712258,8.02547
1573.5621997245746,8.02547
1678.1798908771061,8.02547
1334.3376792322226,8.02547
1447.5551863737348,8.02547
1426.4696539318047,8.02547
1572.1479323757344,8.02547
1394.9859260397855,8.02547
1575.7495149337485,8.02547
1637.0536143996715,8.02547
1569.5202900084,8.02547
1528.37510236615,8.02547
1401.2126659099251,8.02547
1415.3149033874636,8.02547
1624.9618905296666,8.02547
1577.9349003905331,8.02547
1496.0980480622457,8.02547
1458.209045423411,8.02547
1297.4192126888622,8.02547
1392.914758131556,8.02547
1691.1419087139723,8.02547
1371.9544428997533,8.02547
1518.947982122108,8.02547
1600.7443973195197,8.02547
1374.5077331997707,8.02547
1518.4710474781084,8.02547
1593.7915537510655,8.02547
1501.249932190725,8.02547
1786.8403055666768,8.02547
1333.1400741121804,8.02547
1605.8728529883879,8.02547
1482.7198262603536,8.02547
1577.1920154836675,8.02547
1544.1307151699245,8.02547
1426.6843802890003,8.02547
1522.899639245934,8.02547
1314.2098548601712,8.02547
1560.3247500571395,8.02547
1529.8158465990525,8.02547
1563.8660168643103,8.02547
1605.811832508715,8.02547
1536.761984020971,8.02547
1514.8089419798275,8.02547
1411.8931663338708,8.02547
1428.7779236350948,8.02547
1618.673462017733,8.02547
1643.633540570598,8.02547
1476.1889563687946,8.02547
1504.6002747253274,8.02547
1409.5385625006234,8.02547
1617.2756845267445,8.02547
1566.5416823691778,8.02547
1694.1217436463749,8.02547
1412.167692282026,8.02547
1462.1992100981784,8.02547
1523.1445922525572,8.02547
1564.648953772577,8.02547
1478.4332362452367,8.02547
1412.70389095463,8.02547
1588.140752892357,8.02547
1572.113536254558,8.02547
1408.3725899436274,8.02547
1635.5442801105496,8.02547
1617.0198709196604,8.02547
1513.4296497247792,8.02547
1507.9597862376036,8.02547
1555.4057771115906,8.02547
1413.8296929743742,8.02547
1503.0031479164081,8.02547
1284.7616455390819,8.02547
1587.6455645502936,8.02547
1343.850677755814,8.02547
1650.3419828428998,8.02547
1466.987990603355,8.02547
1478.8333018068822,8.02547
1437.2266093915493,8.02547
1471.1961126077924,8.02547
1641.8531345148037,8.02547
1251.219134346492,8.02547
1627.6965386088189,8.02547
1533.802348110171,8.02547
1379.2978352142784,8.02547
1392.4687606950763,8.02547
1667.6393027208203,8.02547
1405.4493120057268,8.02547
1384.664948940404,8.02547
1613.731454236473,8.02547
1533.8552876285914,8.02547
1406.20744234636,8.02547
1521.6624975404618,8.02547
1397.4247316359722,8.02547
1610.0821398422604,8.02547
1606.1370964873133,8.02547
1553.2006198821944,8.02547
1536.1661061247016,8.02547
1676.1188124867374,8.02547
1499.9686327388226,8.02547
1381.8125874579198,8.02547
1544.9473912832307,8.02547
1708.6047049537115,8.02547
1398.5240506814148,8.02547
1463.8537233306015,8.02547
1541.6446038101453,8.02547
1494.609515099426,8.02547
1401.7696419622685,8.02547
1612.1857856230472,8.02547
1732.0040722017259,8.02547
1519.6131459023907,8.02547
1409.5931710264,8.02547
1345.1039474946524,8.02547
1525.7975981221182,8.02547
1610.3877343316258,8.02547
1547.516774649538,8.02547
1499.7596159081147,8.02547
1441.0728348210694,8.02547
1390.7836367281911,8.02547
1583.475132632488,8.02547
1591.3771621385586,8.02547
1345.4270213309267,8.02547
1658.9838978180683,8.02547
1557.4071220894002,8.02547
1639.9594645145794,8.02547
1365.7872251514884,8.02547
1363.417584458456,8.02547
1485.1030690232703,8.02547
1550.2784426895194,8.02547
1679.6360822926963,8.02547
1570.6078913815131,8.02547
1475.7318723187966,8.02547
1397.3630792334109,8.02547
1623.000057271915,8.02547
1403.5294574249285,8.02547
1662.846855477232,8.02547
1471.561535039349,8.02547
1659.0582072617851,8.02547
1567.893129005928,8.02547
1486.3004510557541,8.02547
1448.0603628173874,8.02547
1465.909212265392,8.02547
1542.8316692375238,8.02547
1507.7156496217717,8.02547
1440.6188591931295,8.02547
1483.4368589682367,8.02547
1507.857702971915,8.02547
1287.1265905585187,8.02547
1545.8168114788698,8.02547
1402.0278775283193,8.02547
1384.6667596794255,8.02547
1331.2655652889289,8.02547
1320.6107502132108,8.02547
1364.4552496887711,8.02547
1429.0979042369509,8.02547
1695.3259137526568,8.02547
1447.4120324104797,8.02547
1517.7750106268031,8.02547
1540.0481386506328,8.02547
1513.1065186215849,8.02547
1492.2556539274005,8.02547
1380.4706236400755,8.02547
1645.0927548279212,8.02547
1680.7196643637885,8.02547
1331.7341305877314,8.02547
1397.597140911362,8.02547
1472.0189657622993,8.02547
1403.546220508981,8.02547
1550.5965553455865,8.02547
1427.1727797593387,8.02547
1716.5056067806602,8.02547
1619.0548594343595,8.02547
1521.2574030632215,8.02547
1602.6986263319732,8.02547
1610.590042435731,8.02547
1443.6052511941757,8.02547
1418.3782755458035,8.02547
1507.8143062969648,8.02547
1586.1636124497943,8.02547
1513.9060398653417,8.02547
1342.3003517809002,8.02547
1419.7175556049158,8.02547
1492.6027136405621,8.02547
1492.433439567417,8.02547
1697.2542176789807,8.02547
1361.4012057601003,8.02547
1550.5589241835874,8.02547
1648.911310832829,8.02547
1727.1449745422797,8.02547
1459.5602576816038,8.02547
1549.14294527202,8.02547
1556.9760357198647,8.02547
1519.548173155329,8.02547
1490.1154798760695,8.02547
1543.5975389500045,8.02547
1246.7753914780315,8.02547
1568.2069490062631,8.02547
1512.6177903661967,8.02547
1477.7525103221735,8.02547
1704.6862195719557,8.02547
1432.5065981209448,8.02547
1459.692401093497,8.02547
1699.1553302204734,8.02547
1416.7938695150144,8.02547
1444.9884717063462,8.02547
1485.297457656915,8.02547
1584.0734482129549,8.02547
1520.7802507353313,8.02547
1370.7374652847739,8.02547
1446.7831436872812,8.02547
1439.264556678779,8.02547
1492.2778954776954,8.02547
1542.5843658629828,8.02547
1541.8205755887973,8.02547
1322.3988245951598,8.02547
1606.3940987560857,8.02547
1525.2568845996623,8.02547
1638.4532047593907,8.02547
1544.4198327290671,8.02547
1610.1322957735763,8.02547
1546.6545311450127,8.02547
1634.6225756202748,8.02547
1552.225063601778,8.02547
1490.2084753557097,8.02547
1727.2434720446881,8.02547
1588.9037122279892,8.02547
1557.3744421004412,8.02547
1372.3695583461663,8.02547
1371.1692382536462,8.02547
1529.2715482141853,8.02547
1514.5521197768242,8.02547
1438.5877434991685,8.02547
1514.098269961206,8.02547
1658.8626928043595,8.02547
1569.5402474550299,8.02547
1385.8991490247263,8.02547
1488.8491172857057,8.02547
1419.503351914744,8.02547
1461.230008359144,8.02547
1458.6384334370357,8.02547
1452.2354417395995,8.02547
1374.4864628026605,8.02547
1487.234531848181,8.02547
1443.939236315269,8.02547
1207.0551309997732,8.02547
1705.2972024501662,8.02547
1608.8769654216671,8.02547
1462.3699275075005,8.02547
1501.8819049740598,8.02547
1382.8345652682438,8.02547
1669.5722877810865,8.02547
1689.728869477311,8.02547
1515.6693728246526,8.02547
1602.3530644185344,8.02547
1517.5286778933923,8.02547
1366.327456112407,8.02547
1458.8176631036342,8.02547
1513.1927966771957,8.02547
1454.5452281256555,8.02547
1478.1346722564963,8.02547
1490.8600442490886,8.02547
1491.912150213454,8.02547
1505.2258490497484,8.02547
1393.9394933603398,8.02547
1428.2983850872065,8.02547
1371.5415734300032,8.02547
1597.78155496862,8.02547
1289.4353058159675,8.02547
1615.3590343316926,8.02547
1638.6349397262843,8.02547
1469.7819413017378,8.02547
1239.68629121727,8.02547
1463.868943803271,8.02547
1493.581583871118,8.02547
1398.9401780071087,8.02547
1448.4781606191757,8.02547
1653.019519886335,8.02547
1566.4927162301742,8.02547
1407.54358856219,8.02547
1340.2400830404567,8.02547
1467.298268239023,8.02547
1478.6543220649562,8.02547
1549.6199187363316,8.02547
1446.468328743234,8.02547
1551.149957536186,8.02547
1693.515404006023,8.02547
1581.5501022444262,8.02547
1495.1911492669228,8.02547
1481.6849528946705,8.02547
1464.332686582013,8.02547
1618.0640912452145,8.02547
1437.2686554048696,8.02547
1504.5222708999981,8.02547
1505.1197901881085,8.02547
1449.8215807188467,8.02547
1362.75344521159,8.02547
1532.2974503617668,8.02547
1493.8996028144616,8.02547
1550.024046943657,8.02547
1446.6399693560834,8.02547
1622.0821298813048,8.02547
1412.3226218788154,8.02547
1671.2040284017892,8.02547
1325.2363490171738,8.02547
1543.4770064556892,8.02547
1547.5430682526624,8.02547
1420.4442932059117,8.02547
1542.4393937861012,8.02547
1627.951866976016,8.02547
1278.3181160645936,8.02547
1550.2744807490815,8.02547
1250.6729179669924,8.02547
1403.433519647679,8.02547
1662.9166364900946,8.02547
1441.8217966607947,8.02547
1382.6120035591027,8.02547
1480.2062271015318,8.02547
1706.7906338163552,8.02547
1316.8317752793973,8.02547
1394.8690088360656,8.02547
1649.7431683179627,8.02547
1685.7702343537733,8.02547
1489.6568775709716,8.02547
1376.0947297473358,8.02547
1709.5843501809159,8.02547
1659.4442391749196,8.02547
1567.8946987762233,8.02547
1418.759765106258,8.02547
1495.0970659161962,8.02547
1483.963991895517,8.02547
1533.0851304615578,8.02547
1645.1001438131336,8.02547
1587.9417041137403,8.02547
1392.2623923015242,8.02547
1637.6496450019538,8.02547
1531.3132140013156,8.02547
1568.7065795858916,8.02547
1646.6540859278603,8.02547
1388.8419750486448,8.02547
1496.4174421293537,8.02547
1446.8545448640784,8.02547
1343.2140574634545,8.02547
1534.670997760492,8.02547
1751.1556551584424,8.02547
1315.9922255494248,8.02547
1496.771938895053,8.02547
1564.0542935074773,8.02547
1512.307820165618,8.02547
1488.687194748426,8.02547
1370.0783636554177,8.02547
1523.2786742940164,8.02547
1424.3236022984074,8.02547
1281.0078295021447,8.02547
1619.459222051373,8.02547
1595.8385819842042,8.02547
1505.166097685108,8.02547
1522.9074688205703,8.02547
1607.4318012715562,8.02547
1522.4339656778084,8.02547
1590.4017554761315,8.02547
1470.251779912615,8.02547
1631.1983738573947,8.02547
1532.0785725932683,8.02547
1519.4051943605873,8.02547
1372.9938911287968,8.02547
1528.695585430171,8.02547
1416.8045082505548,8.02547
1436.1717273471506,8.02547
1418.4624371683879,8.02547
1393.3765068100774,8.02547
1712.4771403016962,8.02547
1633.1339061988404,8.02547
1692.036750214426,8.02547
1377.7104980444435,8.02547
1507.1253749910893,8.02547
1370.6492374795905,8.02547
1430.4305122802937,8.02547
1408.1873016583424,8.02547
1623.9584006441562,8.02547
1460.377032189824,8.02547
1606.8379333694015,8.02547
1560.4120889588519,8.02547
1730.363875210479,8.02547
1352.0555776860276,8.02547
1625.92332397868,8.02547
1614.6440870400727,8.02547
1402.6621161972967,8.02547
1600.713333647316,8.02547
1533.614496302623,8.02547
1477.2523740046593,8.02547
1417.6064513028,8.02547
1428.0890548550815,8.02547
1704.9812095785926,8.02547
1500.0682818957482,8.02547
1578.213000153146,8.02547
1420.9100618332448,8.02547
1422.0147053778362,8.02547
1608.1984809249943,8.02547
1365.0423788448468,8.02547
1458.4786232094727,8.02547
1503.4027411072232,8.02547
1511.1372601840053,8.02547
1482.0906714983844,8.02547
1539.5819781095922,8.02547
1569.2855755817811,8.02547
1573.463754545933,8.02547
1401.4196191332173,8.02547
1471.5844902071203,8.02547
1619.4762861876939,8.02547
1589.4647187573873,8.02547
1362.7140548518937,8.02547
1535.1479900352201,8.02547
1302.177475062519,8.02547
1504.693490206037,8.02547
1689.7767016745977,8.02547
1405.2107282731013,8.02547
1416.5676954508417,8.02547
1576.402978157286,8.02547
1345.7198484790354,8.02547
1436.7244970114962,8.02547
1559.6441137581753,8.02547
1436.5714152310597,8.02547
1476.4030012789028,8.02547
1574.4185710315035,8.02547
1542.1546083536562,8.02547
1526.6818396295403,8.02547
1466.0877720729961,8.02547
1537.0061115268954,8.02547
1487.6267319900244,8.02547
1545.7805609925786,8.02547
1450.3067974882022,8.02547
1481.7431025620458,8.02547
1401.0042207447987,8.02547
1496.4992389993763,8.02547
1418.8999136371156,8.02547
1388.5953549838007,8.02547
1525.866114785539,8.02547
1521.273977585766,8.02547
1578.2873734948573,8.02547
1456.88744304249,8.02547
1540.8052846836756,8.02547
1555.0797572273664,8.02547
1544.4773807831596,8.02547
1417.4346317197858,8.02547
1514.936348227119,8.02547
1536.414029605466,8.02547
1500.7178466907942,8.02547
1291.3522341628916,8.02547
1516.048962397348,8.02547
1721.2531039397243,8.02547
1463.9960731243018,8.02547
1427.192290214468,8.02547
1537.3348559711399,8.02547
1531.2378210466572,8.02547
1619.2735165416414,8.02547
1374.2131844091111,8.02547
1573.1380252574993,8.02547
1559.0422061251463,8.02547
1485.7853463059455,8.02547
1533.868731792169,8.02547
1602.9457481598358,8.02547
1587.2315380028451,8.02547
1385.698068792627,8.02547
1582.0158186755484,8.02547
1493.5311394967482,8.02547
1507.2874098015516,8.02547
1507.3196991001694,8.02547
1484.975701120174,8.02547
1619.1707497107066,8.02547
1491.6282040150788,8.02547
1388.045387161683,8.02547
1460.647014403027,8.02547
1517.8694716810476,8.02547
1622.921478429705,8.02547
1560.3094684948833,8.02547
1414.9464721252957,8.02547
1748.5189916678892,8.02547
1526.477531097798,8.02547
1627.5390737999014,8.02547
1484.8285566422771,8.02547
1553.335924470545,8.02547
1583.9468504518404,8.02547
1621.8194711754256,8.02547
1605.7368305378225,8.02547
1587.219700007298,8.02547
1468.4913268805892,8.02547
1442.8253958043938,8.02547
1533.2607510324196,8.02547
1593.312807234107,8.02547
1477.7279299223394,8.02547
1606.5171965714387,8.02547
1645.261674548618,8.02547
1408.3679080926581,8.02547
1416.307929620372,8.02547
1485.9624941094664,8.02547
1530.7612668189197,8.02547
1447.543298623295,8.02547
1635.2202678867145,8.02547
1542.4066861518452,8.02547
1503.944704824074,8.02547
1356.4090476131473,8.02547
1368.4184183572493,8.02547
1528.1009250281807,8.02547
1286.7404373845163,8.02547
1601.2637409644071,8.02547
1484.184615562768,8.02547
1824.3092969594734,8.02547
1730.791625061611,8.02547
1481.8550930752483,8.02547
1489.3662997468684,8.02547
1599.5581514002029,8.02547
1670.3172609918038,8.02547
1336.1970942563983,8.02547
1321.3624534645314,8.02547
1437.796519444562,8.02547
1558.2737583173864,8.02547
1549.6873590507598,8.02547
1606.977145498385,8.02547
1380.030247163469,8.02547
1268.3856137031123,8.02547
1585.8014195302146,8.02547
1417.1803727034765,8.02547
1298.1512135611363,8.02547
1514.5063745959383,8.02547
1579.3175688218678,8.02547
1487.7942867878724,8.02547
1454.2151613817512,8.02547
1484.0637767854093,8.02547
1462.9417237599216,8.02547
1365.1952888059832,8.02547
1428.531932300957,8.02547
1552.1279905013814,8.02547
1532.16785413765,8.02547
1516.805980596682,8.02547
1400.485151814662,8.02547
1481.8496837864334,8.02547
1282.2934953557146,8.02547
1517.847666388539,8.02547
1642.8857707813568,8.02547
1352.5867867957895,8.02547
1441.4072326682244,8.02547
1532.910677871013,8.02547
1625.2842634427484,8.02547
1455.177538369985,8.02547
1430.7749670734104,8.02547
1303.1076857583917,8.02547
1510.3438129308106,8.02547
1704.2076040143743,8.02547
1527.7358461964675,8.02547
1497.7721020816286,8.02547
1532.2082310766984,8.02547
1498.8907996051398,8.02547
1418.698562773987,8.02547
1582.3279915677706,8.02547
1522.5761523111755,8.02547
1501.7613251933658,8.02547
1402.463397272175,8.02547
1630.350793193476,8.02547
1566.4702745333109,8.02547
1444.70791626327,8.02547
1600.1824853681937,8.02547
1450.2429161614793,8.02547
1421.7996507488963,8.02547
1424.0296882519713,8.02547
1322.8931446911909,8.02547
1547.1542380418205,8.02547
1316.885512166165,8.02547
1377.1556168734237,8.02547
1292.4411990921467,8.02547
1491.3930307209107,8.02547
1484.967953972813,8.02547
1467.3303786813635,8.02547
1395.7422305329424,8.02547
1382.776624656336,8.02547
1546.4369863546574,8.02547
1444.9448068291513,8.02547
1531.6358321536145,8.02547
1411.4751313875777,8.02547
1518.1062742771082,8.02547
1630.3278037316063,8.02547
1558.6165800392782,8.02547
1458.758618178352,8.02547
1525.7198970355928,8.02547
1475.9334825469787,8.02547
1500.7880184694727,8.02547
1467.4388947851496,8.02547
1483.566479411461,8.02547
1521.2093353074176,8.02547
1400.664130041805,8.02547
1398.4121173010021,8.02547
1361.1457446168788,8.02547
1339.972889549629,8.02547
1378.2717307779521,8.02547
1515.946250680413,8.02547
1410.7212484508116,8.02547
1551.3614464231096,8.02547
1503.4713748752563,8.02547
1303.1495786561945,8.02547
1565.497558422169,8.02547
1581.079864559171,8.02547
1400.6137325165146,8.02547
1542.019154289499,8.02547
1414.3501762590802,8.02547
1509.7670376748335,8.02547
1373.5501593045035,8.02547
1320.6893547465424,8.02547
1461.718281038703,8.02547
1487.6271053725163,8.02547
1460.2320306385395,8.02547
1381.596944177744,8.02547
1460.0100937868863,8.02547
1526.9294752580734,8.02547
1495.5106969877463,8.02547
1518.2501030599212,8.02547
1432.9884799545766,8.02547
1617.171791471616,8.02547
1382.382666344522,8.02547
1548.7560297086718,8.02547
1618.189109295996,8.02547
1548.0908092748896,8.02547
1479.747577293517,8.02547
1447.1702953337021,8.02547
1603.6087651046255,8.02547
1357.7025074738326,8.02547
1402.9875739620356,8.02547
1460.2442234508278,8.02547
1623.7653757511998,8.02547
1537.9767636040897,8.02547
1403.1954241489755,8.02547
1468.9692294615097,8.02547
1438.5676855903705,8.02547
1429.0211007766466,8.02547
1597.888955855678,8.02547
1362.8256870736495,8.02547
1660.8780855734374,8.02547
1582.8229690184623,8.02547
1609.08616706037,8.02547
1453.706048797474,8.02547
1485.005928092089,8.02547
1356.6848185475287,8.02547
1447.5337592933197,8.02547
1549.3654847643152,8.02547
1629.6063061781397,8.02547
1389.284318319755,8.02547
1463.4494063014733,8.02547
1484.8700779767478,8.02547
1360.4210797807514,8.02547
1559.13492417584,8.02547
1427.600966825739,8.02547
1480.4609648822975,8.02547
1454.8050628088122,8.02547
1421.0661494280325,8.02547
1499.2955014519446,8.02547
1478.4390421431979,8.02547
1462.8142117721334,8.02547
1427.1538378319658,8.02547
1531.9524670782955,8.02547
1665.3617268492285,8.02547
1513.9887232839128,8.02547
1599.611821491113,8.02547
1360.9778074846538,8.02547
1515.776143929377,8.02547
1390.2631681028934,8.02547
1352.3075072468098,8.02547
1426.0628592540963,8.02547
1619.1899334413572,8.02547
1595.0015828669646,8.02547
1524.30047220544,8.02547
1346.7299440110069,8.02547
1480.3719348612062,8.02547
1530.1700008901735,8.02547
1517.5536229578597,8.02547
1315.6206416519253,8.02547
1410.9682151980128,8.02547
1493.5922235851283,8.02547
1553.629090951719,8.02547
1280.3872178900053,8.02547
1483.7876024520142,8.02547
1514.3048769878953,8.02547
1584.9611988516212,8.02547
1569.2857584237436,8.02547
1558.2571318808805,8.02547
1420.0059493298065,8.02547
1309.1997862876692,8.02547
1460.69472429386,8.02547
1600.163182520856,8.02547
1639.3454527524432,8.02547
1571.0549102297784,8.02547
1542.9340822801735,8.02547
1537.9639648385964,8.02547
1444.388125323922,8.02547
1486.993970644638,8.02547
1666.906952582633,8.02547
1405.7441994208123,8.02547
1661.4778790709852,8.02547
1467.797184550794,8.02547
1632.543210909508,8.02547
1359.3184990502461,8.02547
1558.5904201164649,8.02547
1426.3229864052378,8.02547
1358.4732808075812,8.02547
1521.8534042410945,8.02547
1600.947178859597,8.02547
1415.5058561406504,8.02547
1350.09840395416,8.02547
1490.8155235665045,8.02547
1491.256467122282,8.02547
1554.83196275545,8.02547
1594.959457136449,8.02547
1494.0584818727507,8.02547
1685.5503314794264,8.02547
1522.4234744535293,8.02547
1465.3573493993101,8.02547
1338.8432640897172,8.02547
1473.7340479683833,8.02547
1466.3613054588864,8.02547
1596.030479628147,8.02547
1546.2483624066854,8.02547
1382.0630878367383,8.02547
1517.2254386411037,8.02547
1567.1531171729052,8.02547
1652.8031359387833,8.02547
1588.750396741406,8.02547
1576.0846654311479,8.02547
1506.0085994615163,8.02547
1538.831200542345,8.02547
1624.9504900706158,8.02547
1366.722260252035,8.02547
1465.0560672783045,8.02547
1422.7431251243759,8.02547
1537.9153118726124,8.02547
1623.0222175650788,8.02547
1440.3025713278926,8.02547
1260.969563253056,8.02547
1458.777925497553,8.02547
1591.3473732017405,8.02547
1553.762990294988,8.02547
1542.8186247810577,8.02547
1472.0006698125521,8.02547
1372.0969263780214,8.02547
1551.5294321624467,8.02547
1416.5718189965376,8.02547
1718.4096733380456,8.02547
1557.0507208354516,8.02547
1441.935169744605,8.02547
1438.8614752611372,8.02547
1490.7055793386412,8.02547
1476.049807797825,8.02547
1611.6833775529954,8.02547
1518.6416169744045,8.02547
1426.8368261091473,8.02547
1689.0440685155781,8.02547
1504.9308331520222,8.02547
1576.8839675968898,8.02547
1439.1773492555242,8.02547
1536.3115627744523,8.02547
1531.1109991143196,8.02547
1311.0350707903847,8.02547
1701.527511046064,8.02547
1629.0644460922547,8.02547
1460.2804683854013,8.02547
1389.7730259544144,8.02547
1534.7561613803553,8.02547
1508.6697699414397,8.02547
1535.566894856323,8.02547
1519.1577396194089,8.02547
1550.6240989305927,8.02547
1644.7305699391807,8.02547
1556.8103205128646,8.02547
1395.0344501090058,8.02547
1636.2562852712451,8.02547
1664.0614563488286,8.02547
1815.2056734512084,8.02547
1387.65059667604,8.02547
1524.2882013150274,8.02547
1291.7901296811012,8.02547
1555.3149156379209,8.02547
1445.1799701833227,8.02547
1692.3445794824954,8.02547
1422.538502998142,8.02547
1331.0816962032739,8.02547
1452.873625929748,8.02547
1302.4512228782862,8.02547
1575.109945450731,8.02547
1293.491695374368,8.02547
1502.8457581183159,8.02547
1292.2188180143803,8.02547
1467.9702195463358,8.02547
1664.3378155804535,8.02547
1536.0647891435794,8.02547
1413.6506395035067,8.02547
1496.8796511060916,8.02547
1501.8016872044448,8.02547
1547.2630345843406,8.02547
1363.3141636719174,8.02547
1559.256727384733,8.02547
1229.5608368397225,8.02547
1437.011544763619,8.02547
1451.1726157548455,8.02547
1563.3326826071238,8.02547
1502.2630852676868,8.02547
1359.4436946143715,8.02547
1401.5006874182984,8.02547
1519.8680009547406,8.02547
1492.0932658135443,8.02547
1442.0875890364255,8.02547
1451.916621048802,8.02547
1569.616799715929,8.02547
1448.2307427130786,8.02547
1491.1908755970926,8.02547
1716.9936588080543,8.02547
1357.6317363116077,8.02547
1314.815726842534,8.02547
1578.3589664798606,8.02547
1432.1356938705896,8.02547
1468.176247225738,8.02547
1421.8843621868887,8.02547
1474.0199859232487,8.02547
1659.8538112096342,8.02547
1580.212845861812,8.02547
1586.2223511886978,8.02547
1358.3772944207353,8.02547
1384.884626344713,8.02547
1216.0921340514574,8.02547
1419.0619178917245,8.02547
1595.6703186385657,8.02547
1551.694651574837,8.02547
1477.8486737047876,8.02547
1497.7699716281948,8.02547
1431.1114457424594,8.02547
1520.4758882401784,8.02547
1576.5878279480614,8.02547
1338.4113212589527,8.02547
1529.9647687837348,8.02547
1593.2434870954667,8.02547
1458.489971103663,8.02547
1570.0700612120584,8.02547
1781.4654444472553,8.02547
1489.5657207013107,8.02547
1539.3307050005324,8.02547
1426.1942916338608,8.02547
1518.125116260205,8.02547
1546.0271624982304,8.02547
1519.4842340270138,8.02547
1398.0304680291142,8.02547
1520.636177132545,8.02547
1646.2195938717637,8.02547
1544.8635764514527,8.02547
1596.198718907184,8.02547
1476.2988029987373,8.02547
1574.990023942371,8.02547
1527.9267838216526,8.02547
1404.9089270312768,8.02547
1531.8521004798874,8.02547
1400.8303336559688,8.02547
1436.7119725115208,8.02547
1518.9328307292374,8.02547
1529.7244273380124,8.02547
1381.076753492287,8.02547
1605.3985771182877,8.02547
1557.2006278300473,8.02547
1429.5271564389116,8.02547
1346.2415203550825,8.02547
1485.509542091857,8.02547
1455.405628613884,8.02547
1511.3140457053023,8.02547
1463.6883338844434,8.02547
1299.254313925499,8.02547
1461.1653061698842,8.02547
1469.4380888931687,8.02547
1563.3661024774058,8.02547
1430.180032538895,8.02547
1667.8674673372566,8.02547
1308.8359449348243,8.02547
1631.1167497802624,8.02547
1477.5681029121895,8.02547
1585.9584872343555,8.02547
1507.9801484058733,8.02547
1613.9555536025468,8.02547
1461.263803544719,8.02547
1390.1379574822188,8.02547
1642.0504287271062,8.02547
1488.6519354117859,8.02547
1522.1558473624211,8.02547
1623.4751914044796,8.02547
1396.8044757905566,8.02547
1559.5490897639256,8.02547
1441.010524353711,8.02547
1486.783064435563,8.02547
1507.227896538429,8.02547
1349.9778138553065,8.02547
1422.1162957179565,8.02547
1635.107289241314,8.02547
1588.6191188584796,8.02547
1493.7360422672766,8.02547
1524.3123458512894,8.02547
1470.5757494363543,8.02547
1635.6583385827983,8.02547
1479.9647422205835,8.02547
1523.1842092134848,8.02547
1614.6030144142064,8.02547
1422.2628515154092,8.02547
1655.8789184496893,8.02547
1346.9538590256623,8.02547
1662.9642131112798,8.02547
1462.7324416048025,8.02547
1475.7301252174718,8.02547
1310.9989828817056,8.02547
1454.5205282622308,8.02547
1396.0193468973116,8.02547
1439.2353654626527,8.02547
1486.268903421112,8.02547
1595.7791614472906,8.02547
1520.7603351400626,8.02547
1530.7676653401113,8.02547
1390.4480611154438,8.02547
1411.924591039727,8.02547
1679.8725018351313,8.02547
1426.4798965236753,8.02547
1665.6208252057295,8.02547
1475.6938801119134,8.02547
1500.2287936143505,8.02547
1607.036516022993,8.02547
1627.1892421938655,8.02547
1488.9187439720913,8.02547
1461.175694647846,8.02547
1494.4079551477787,8.02547
1533.7957528232118,8.02547
1589.1303686869755,8.02547
1500.4229858994152,8.02547
1561.8886298023153,8.02547
1663.8359732270942,8.02547
1538.1309612264786,8.02547
1531.1652856004778,8.02547
1348.1089174909932,8.02547
1236.9269863170937,8.02547
1538.8375729230168,8.02547
1490.5175768719128,8.02547
1448.5217325085257,8.02547
1524.3530204186345,8.02547
1493.9596270803092,8.02547
1612.7780250633898,8.02547
1508.6110868258977,8.02547
1425.3076714929832,8.02547
1599.016623895929,8.02547
1478.2868925053797,8.02547
1552.6536683672307,8.02547
1452.25892938072,8.02547
1435.0173114502563,8.02547
1508.4168230185696,8.02547
1501.2828643543685,8.02547
1547.9827035366834,8.02547
1473.1354246690257,8.02547
1316.3640216229603,8.02547
1456.7226116411612,8.02547
1579.3818467143815,8.02547
1470.2623920756894,8.02547
1475.3616597485452,8.02547
1598.6376505905937,8.02547
1428.8026772741077,8.02547
1345.71967817571,8.02547
1483.9368880474506,8.02547
1451.5826048751262,8.02547
1403.3753680246746,8.02547
1482.462154410131,8.02547
1549.1505647246784,8.02547
1499.0711438432184,8.02547
1530.6981072686237,8.02547
1681.3407698515423,8.02547
1465.7121138442435,8.02547
1527.834863464467,8.02547
1449.0786637400865,8.02547
1415.3640280113027,8.02547
1441.509234658223,8.02547
1452.124142847831,8.02547
1535.9475797547125,8.02547
1734.9075786700757,8.02547
1428.395656372416,8.02547
1458.3374694384538,8.02547
1493.6876986888751,8.02547
1539.5798848709746,8.02547
1526.3550811954785,8.02547
1628.4095793948118,8.02547
1257.3607929464793,8.02547
1261.3070129804328,8.02547
1450.412182798985,8.02547
1609.7300187543708,8.02547
1343.4351968394403,8.02547
1199.2367660306243,8.02547
1557.117940621921,8.02547
1524.3657223702714,8.02547
1390.979159320057,8.02547
1401.446039927907,8.02547
1403.0256280365325,8.02547
1511.0535317473941,8.02547
1437.3684723816993,8.02547
1549.4063918975519,8.02547
1214.537333709561,8.02547
1414.3148134872201,8.02547
1387.394603908895,8.02547
1474.3659321627508,8.02547
1446.1952241509862,8.02547
1579.7843779895766,8.02547
1314.0663228339943,8.02547
1504.549147633075,8.02547
1555.8336423211706,8.02547
1685.6647436561955,8.02547
1451.8234028906525,8.02547
1532.4458604352517,8.02547
1319.6137207437635,8.02547
1260.8043795686976,8.02547
1584.4774375781699,8.02547
1499.443970635193,8.02547
1617.8512689798422,8.02547
1362.659711103025,8.02547
1551.9902139528754,8.02547
1686.8817840543852,8.02547
1541.9705608357267,8.02547
1527.6581505591048,8.02547
1500.855608082435,8.02547
1342.9118542874087,8.02547
1635.5572935710347,8.02547
1438.9142360194935,8.02547
1550.4483256383016,8.02547
1343.6965693428747,8.02547
1382.054033549222,8.02547
1643.5087399222236,8.02547
1465.2697711042158,8.02547
1645.3275476042545,8.02547
1492.1769340941482,8.02547
1315.8102227042143,8.02547
1589.206759973172,8.02547
1441.0107682244393,8.02547
1569.8688813517044,8.02547
1502.5210867540081,8.02547
1345.688177205713,8.02547
1516.4294765370569,8.02547
1719.6223142152799,8.02547
1549.2986458514458,8.02547
1494.2482246994537,8.02547
1607.5343401956898,8.02547
1521.0668465203112,8.02547
1520.9534230262793,8.02547
1390.8374827840898,8.02547
1523.3848025789598,8.02547
1603.5443416416945,8.02547
1416.3937847899974,8.02547
1642.4495821246946,8.02547
1490.8293975854874,8.02547
1411.223048846146,8.02547
1599.7632076920245,8.02547
1471.3205764261731,8.02547
1575.9514887486107,8.02547
1470.8241367741464,8.02547
1494.0173856470096,8.02547
1549.3560204334292,8.02547
1529.0897057590005,8.02547
1300.4468219548262,8.02547
1387.8756259905608,8.02547
1592.9409984790816,8.02547
1486.7863411098454,8.02547
1447.626869722858,8.02547
1364.1425984742525,8.02547
1392.0263678724152,8.02547
1297.8201360038051,8.02547
1489.8719281298468,8.02547
1440.1562419418954,8.02547
1403.3412109014685,8.02547
1493.1876574832047,8.02547
1536.3970630852739,8.02547
1709.3197932209946,8.02547
1348.8116580436786,8.02547
1615.9381043300523,8.02547
1597.3101561015071,8.02547
1422.0907260623298,8.02547
1520.323595458603,8.02547
1454.2366750662384,8.02547
1518.568858041874,8.02547
1650.9131013404551,8.02547
1560.5606232631312,8.02547
1550.8608373233442,8.02547
1456.9690680045358,8.02547
1351.5943335075665,8.02547
1479.153178945959,8.02547
1620.6608154863916,8.02547
1347.2832143410353,8.02547
1394.4910631823304,8.02547
1512.6267736234067,8.02547
1401.5345215152738,8.02547
1420.7476552884787,8.02547
1457.6401418271823,8.02547
1363.438259580985,8.02547
1402.587815378363,8.02547
1570.342791678731,8.02547
1369.2630217769035,8.02547
1340.2127865505163,8.02547
1436.9975020466106,8.02547
1573.1955502509845,8.02547
1480.307819200311,8.02547
1453.5418921884382,8.02547
1504.4358797515606,8.02547
1325.4292567140349,8.02547
1549.4705653775031,8.02547
1538.3435031403644,8.02547
1459.0691525904278,8.02547
1600.5924511796416,8.02547
1387.2503901046962,8.02547
1612.7908993253568,8.02547
1515.449366559525,8.02547
1466.3447410121826,8.02547
1498.0126364631687,8.02547
1489.2735234189058,8.02547
1622.0282896417716,8.02547
1392.3320872528986,8.02547
1423.7480760853402,8.02547
1603.6302892072479,8.02547
1440.446506481614,8.02547
1590.0533077331593,8.02547
1669.943598300871,8.02547
1459.8204973058366,8.02547
1568.1362326575306,8.02547
1384.6307718660141,8.02547
1575.4733298067808,8.02547
1519.9423985986766,8.02547
1547.3038282160214,8.02547
1435.4427927964605,8.02547
1333.8916584432827,8.02547
1550.3252064749504,8.02547
1293.6596847520545,8.02547
1468.2649507757465,8.02547
1594.118186641997,8.02547
1519.1897735873035,8.02547
1694.8342644789814,8.02547
1602.5109152581774,8.02547
1434.6101611674424,8.02547
1502.731337985144,8.02547
1495.2629297455564,8.02547
1341.7823236653874,8.02547
1405.9601083515647,8.02547
1443.923909302014,8.02547
1296.3779497144064,8.02547
1504.7493468251644,8.02547
1475.092815534696,8.02547
1332.7106098688425,8.02547
1540.4212865277332,8.02547
1571.587274469096,8.02547
1522.703447886489,8.02547
1467.593182479103,8.02547
1559.1442151751855,8.02547
1568.0220360476692,8.02547
1530.7403569719688,8.02547
1417.5387749565239,8.02547
1527.660076551118,8.02547
1619.548065082548,8.02547
1440.337094138827,8.02547
1709.793933913243,8.02547
1447.4369066014615,8.02547
1503.2407013340137,8.02547
1432.7514403993664,8.02547
1522.3270835920262,8.02547
1325.7778307364724,8.02547
1445.395820118328,8.02547
1390.7878799651432,8.02547
1513.533834789229,8.02547
1599.4447375508907,8.02547
1564.6006187114551,8.02547
1262.8340639141109,8.02547
1704.206965292788,8.02547
1529.527994062087,8.02547
1422.3500859507,8.02547
1515.712791899094,8.02547
1517.6189822502693,8.02547
1433.3151283048437,8.02547
1519.7916667342076,8.02547
1439.2527712379692,8.02547
1459.5638007309976,8.02547
1431.3720864244915,8.02547
1356.7328710260347,8.02547
1514.5836470215384,8.02547
1558.5299436516339,8.02547
1551.4883596076372,8.02547
1581.9925252635235,8.02547
1532.4340210014868,8.02547
1446.7274501783097,8.02547
1583.9663864431188,8.02547
1364.2482460158064,8.02547
1409.932861748752,8.02547
1403.5799928576755,8.02547
1608.005605913931,8.02547
1594.2788514140075,8.02547
1548.7305237044995,8.02547
1607.1929865211798,8.02547
1412.0717217588012,8.02547
1534.8595119860981,8.02547
1487.4825571616836,8.02547
1584.6882103884914,8.02547
1488.4775767447802,8.02547
1461.505711158992,8.02547
1554.090851856099,8.02547
1587.6169167191233,8.02547
1433.1654805153198,8.02547
1493.8924328647624,8.02547
1394.1559366358347,8.02547
1250.193898250706,8.02547
1520.0459631413728,8.02547
1560.8905356254631,8.02547
1526.2066809086725,8.02547
1305.0438282245632,8.02547
1464.9150569923524,8.02547
1278.165223994892,8.02547
1636.9701107654184,8.02547
1391.3945417881914,8.02547
1625.5403609459897,8.02547
1594.5869643684146,8.02547
1409.9409647463938,8.02547
1386.7215048732255,8.02547
1535.0370216386339,8.02547
1415.5675962816929,8.02547
1510.2484642158208,8.02547
1451.717240919308,8.02547
1321.8841585534367,8.02547
1276.953198087554,8.02547
1522.6684248494598,8.02547
1443.8442253669375,8.02547
1444.6910183085868,8.02547
1569.5863839093786,8.02547
1617.3442276632445,8.02547
1472.745527863819,8.02547
1465.9401293090139,8.02547
1550.0143033113884,8.02547
1364.3064430300424,8.02547
1522.3153054747697,8.02547
1555.1885971822153,8.02547
1568.023020841763,8.02547
1306.3247297497535,8.02547
1423.8644730191058,8.02547
1412.1736747176533,8.02547
1509.9886954409212,8.02547
1548.0744579767984,8.02547
1649.671040744598,8.02547
1450.5034519631927,8.02547
1450.2427501690786,8.02547
1614.9672018878748,8.02547
1529.6576938530304,8.02547
1626.7651511187973,8.02547
1528.8728003009837,8.02547
1384.2883381286729,8.02547
1366.6871645222193,8.02547
1344.8487750941072,8.02547
1566.2051834758472,8.02547
1618.8596823087007,8.02547
1684.9362141386382,8.02547
1584.310533232324,8.02547
1616.2838577534985,8.02547
1441.9983667346314,8.02547
1384.3584183256144,8.02547
1585.0079332417554,8.02547
1541.76807522394,8.02547
1510.7444374340891,8.02547
1538.737148063299,8.02547
1532.3185482458207,8.02547
1628.3816859853562,8.02547
1629.4985584816955,8.02547
1554.4220352340346,8.02547
1584.5802872562929,8.02547
1551.4062552424775,8.02547
1453.8830267965382,8.02547
1575.656467491314,8.02547
1360.5504931140738,8.02547
1605.3891552295884,8.02547
1380.5477060233966,8.02547
1528.5803286794733,8.02547
1415.4846041573842,8.02547
1555.3388983074426,8.02547
1496.6074774072092,8.02547
1340.5244041836668,8.02547
1542.0699631018479,8.02547
1442.2079223167289,8.02547
1588.114672081337,8.02547
1500.1325688734407,8.02547
1539.5420985388039,8.02547
1404.2431044984787,8.02547
1441.066776857264,8.02547
1454.1361363898916,8.02547
1585.6702480242557,8.02547
1667.737708780549,8.02547
1419.4828248257124,8.02547
1607.684814465768,8.02547
1283.0322582274298,8.02547
1380.581059890771,8.02547
1404.1221543813226,8.02547
1364.7491310559278,8.02547
1341.641161021242,8.02547
1541.2998912137798,8.02547
1478.5932302272138,8.02547
1537.940539760511,8.02547
1569.0472686121514,8.02547
1526.5616993172534,8.02547
1565.7763176150374,8.02547
1493.046771375773,8.02547
1381.3006611694254,8.02547
1605.7814180820797,8.02547
1441.0887867218873,8.02547
1406.4403701237575,8.02547
1482.2082124195601,8.02547
1408.7189080703488,8.02547
1458.2569618010568,8.02547
1534.4053921563466,8.02547
1534.8341739246127,8.02547
1410.216993357437,8.02547
1451.2294627051256,8.02547
1607.4333004770244,8.02547
1549.640011773394,8.02547
1707.5065039348542,8.02547
1618.0128173741527,8.02547
1614.429306855994,8.02547
1361.21314495442,8.02547
1576.3860351633423,8.02547
1494.689319830309,8.02547
1444.901819646175,8.02547
1516.801534053253,8.02547
1594.5211534611483,8.02547
1550.0831591004212,8.02547
1412.152619865794,8.02547
1574.245891359262,8.02547
1436.2412457924036,8.02547
1521.6683118964286,8.02547
1469.6649932522866,8.02547
1478.1133748264374,8.02547
1576.624297504051,8.02547
1395.9806280184102,8.02547
1694.5195074276933,8.02547
1317.8913930705503,8.02547
1440.2332316745144,8.02547
1537.021188994174,8.02547
1558.431416643531,8.02547
1489.9524279428294,8.02547
1494.2609296998457,8.02547
1541.0550085327616,8.02547
1476.8930522542319,8.02547
1639.3181257934907,8.02547
1583.9349114231602,8.02547
1587.2824351005634,8.02547
1403.3843276629582,8.02547
1492.0611575594296,8.02547
1469.9534051279297,8.02547
1399.4398624310534,8.02547
1536.0164183945767,8.02547
1446.2354242220183,8.02547
1565.5403829850236,8.02547
1392.980843710567,8.02547
1671.904061284182,8.02547
1410.3667341407938,8.02547
1521.9302337200436,8.02547
1579.1859310388068,8.02547
1442.9359569799888,8.02547
1585.246864343295,8.02547
1377.0816402199584,8.02547
1645.211769918256,8.02547
1501.4149264965758,8.02547
1440.358859203112,8.02547
1470.0818227572565,8.02547
1580.891926939272,8.02547
1441.5544708149562,8.02547
1425.0642310577223,8.02547
1477.8463402416262,8.02547
1382.3037887230032,8.02547
1682.0543907941815,8.02547
1443.3605408785277,8.02547
1583.1616786180402,8.02547
1520.9470083647773,8.02547
1401.5465949518032,8.02547
1499.4045290787271,8.02547
1578.4002779310747,8.02547
1481.1738664913694,8.02547
1619.3112945851028,8.02547
1602.1515392781864,8.02547
1591.8914854658328,8.02547
1454.0343227727003,8.02547
1392.0157552218514,8.02547
1438.6412394637205,8.02547
1519.6240940666721,8.02547
1554.5786713532354,8.02547
1282.8428595239552,8.02547
1499.188679838825,8.02547
1515.8089225323185,8.02547
1472.2455743684447,8.02547
1629.1273839015878,8.02547
1542.1780074250871,8.02547
1631.0191908080897,8.02547
1478.4039479649769,8.02547
1593.7477492506926,8.02547
1663.5066394527519,8.02547
1631.1693449272661,8.02547
1390.7858406571268,8.02547
1474.6323922457618,8.02547
1465.4835294550203,8.02547
1548.9254535076327,8.02547
1568.6353555014532,8.02547
1416.1107325974262,8.02547
1506.7838513916938,8.02547
1298.0072667843863,8.02547
1644.194500580189,8.02547
1448.7625759323307,8.02547
1505.5863939844496,8.02547
1469.035028601194,8.02547
1614.6027575013416,8.02547
1216.249355860262,8.02547
1498.338965767409,8.02547
1489.4181242502302,8.02547
1454.6363612408318,8.02547
1672.6226545635632,8.02547
1411.267054114423,8.02547
1577.179617723566,8.02547
1535.6252788706083,8.02547
1626.1519252535516,8.02547
1433.2810915222494,8.02547
1426.703110087624,8.02547
1609.60699074774,8.02547
1542.532130833011,8.02547
1345.5062653323241,8.02547
1446.069498553673,8.02547
1538.6382653848061,8.02547
1583.776422154659,8.02547
1432.0769346807044,8.02547
1208.574401018306,8.02547
1552.3223185737033,8.02547
1377.9679310056024,8.02547
1298.2661201877588,8.02547
1216.767407501586,8.02547
1581.3980860197742,8.02547
1512.8617450404965,8.02547
1477.434361928775,8.02547
1638.9024362962762,8.02547
1563.7324683023073,8.02547
1661.6300042721916,8.02547
1360.7264527833004,8.02547
1496.5449376046035,8.02547
1338.3286625051985,8.02547
1477.0617668144532,8.02547
1475.1384146233322,8.02547
1562.6613637263072,8.02547
1504.5563881141898,8.02547
1562.3407138279915,8.02547
1570.3440133138895,8.02547
1715.492867738314,8.02547
1468.4703344713876,8.02547
1405.8977299333621,8.02547
1524.6083615316409,8.02547
1419.7719972860457,8.02547
1648.1960768436536,8.02547
1471.6781961054767,8.02547
1443.4423632126009,8.02547
1452.8684278848882,8.02547
1571.8417423471642,8.02547
1484.2253016768516,8.02547
1435.8333179869617,8.02547
1666.5351917623532,8.02547
1414.383015933825,8.02547
1503.5566074032993,8.02547
1565.230615161023,8.02547
1336.8664889582926,8.02547
1548.0260501405926,8.02547
1394.489232451955,8.02547
1582.2782780834002,8.02547
1403.7348988081023,8.02547
1569.2769031848861,8.02547
1610.5833066294713,8.02547
1586.1436525632805,8.02547
1525.1316648238103,8.02547
1476.86990570703,8.02547
1442.3580423665155,8.02547
1647.1034690817105,8.02547
1430.0504779832356,8.02547
1396.2933926430003,8.02547
1566.536893503283,8.02547
1420.3863196813504,8.02547
1404.9936502533874,8.02547
1355.6395737830235,8.02547
1451.7090160539483,8.02547
1491.7284976103506,8.02547
1524.3091727660699,8.02547
1595.1306244299483,8.02547
1552.6897923665795,8.02547
1480.912778044682,8.02547
1480.1804323620281,8.02547
1551.0157468915183,8.02547
1627.2570162928569,8.02547
1512.63141994832,8.02547
1453.086914578959,8.02547
1400.7133998914455,8.02547
1355.4794735587775,8.02547
1566.6269672043522,8.02547
1557.7978523639558,8.02547
1557.7363525106662,8.02547
1487.1340553647944,8.02547
1640.6934745891751,8.02547
1451.5881505415182,8.02547
1595.5269237207206,8.02547
1496.1257105010457,8.02547
1439.1649235320663,8.02547
1559.253030731776,8.02547
1540.9636118683993,8.02547
1535.6972759266926,8.02547
1508.1278422056198,8.02547
1496.2106918283168,8.02547
1738.8371992870439,8.02547
1618.4256645196174,8.02547
1572.2826894985512,8.02547
1511.179915820339,8.02547
1600.7157200596669,8.02547
1551.7994776391452,8.02547
1502.6204752774036,8.02547
1469.6435674734084,8.02547
1491.9082662337312,8.02547
1182.9574264121943,8.02547
1521.0600839297642,8.02547
1451.152391988964,8.02547
1659.2669998282884,8.02547
1501.9344070811753,8.02547
1381.1036580465038,8.02547
1495.0119845871882,8.02547
1395.3878914937495,8.02547
1547.3407415712466,8.02547
1529.0947364339486,8.02547
1595.7839631108268,8.02547
1420.9118208305435,8.02547
1503.4008096228147,8.02547
1363.4978204573365,8.02547
1570.1494781924714,8.02547
1551.8871180440121,8.02547
1549.580502102757,8.02547
1500.161903135694,8.02547
1541.477289078879,8.02547
1660.4339108308595,8.02547
1471.4905742957985,8.02547
1513.8645183710084,8.02547
1391.387370081859,8.02547
1413.1739038401668,8.02547
1509.7813293093307,8.02547
1610.3933546701908,8.02547
1474.3719175748427,8.02547
1476.4083470687876,8.02547
1459.3114755495626,8.02547
1446.5243329155676,8.02547
1529.4971455708821,8.02547
1350.2742354821355,8.02547
1628.0939576666728,8.02547
1433.457770187054,8.02547
1572.1903485438143,8.02547
1373.0001402606124,8.02547
1566.8840130546218,8.02547
1567.1944607814498,8.02547
1538.4202072005896,8.02547
1400.5571478200209,8.02547
1524.9548189598077,8.02547
1381.694381526561,8.02547
1474.7236744903814,8.02547
1602.9413100955326,8.02547
1579.6701927070742,8.02547
1501.5182942540432,8.02547
1402.5193424077158,8.02547
1564.5587712174192,8.02547
1501.9381237698026,8.02547
1267.9684401769578,8.02547
1578.2629826316518,8.02547
1497.5767166130308,8.02547
1620.2451247983072,8.02547
1390.4729481157196,8.02547
1182.3296186804,8.02547
1527.9083858345184,8.02547
1529.1563676681972,8.02547
1330.9328372393547,8.02547
1402.1500454133393,8.02547
1775.5217743719902,8.02547
1469.4389385846196,8.02547
1573.0958976376216,8.02547
1434.9340172631616,8.02547
1290.9697101146844,8.02547
1482.9741753204094,8.02547
1473.4395439713894,8.02547
1460.012176133163,8.02547
1488.5359164493607,8.02547
1526.4268271645637,8.02547
1484.9883048746194,8.02547
1373.5993832052636,8.02547
1548.6184791561939,8.02547
1305.0628244677578,8.02547
1294.9642542715799,8.02547
1573.9180494701568,8.02547
1550.7020272135358,8.02547
1494.2604634925965,8.02547
1360.4551495244928,8.02547
1429.2089059325924,8.02547
1473.7253252313496,8.02547
1340.4106031425886,8.02547
1426.0971341976767,8.02547
1565.233033817668,8.02547
1642.7305364289216,8.02547
1458.056524734145,8.02547
1575.6488354316098,8.02547
1308.5939929412532,8.02547
1565.945124111361,8.02547
1419.605158527252,8.02547
1530.7345616707971,8.02547
1475.2247581760291,8.02547
1632.0414009783835,8.02547
1412.5564351660082,8.02547
1562.760629756183,8.02547
1472.0492536703466,8.02547
1484.1694521990337,8.02547
1481.614610684079,8.02547
1415.4326895505887,8.02547
1498.5901034093329,8.02547
1493.7351777878177,8.02547
1524.124024840673,8.02547
1508.4505145692863,8.02547
1579.7994549612235,8.02547
1592.3508616047368,8.02547
1394.9376678172198,8.02547
1586.8772500590771,8.02547
1381.3663572890146,8.02547
1558.7855888137735,8.02547
1561.9738784702868,8.02547
1308.8683108337495,8.02547
1509.297924652941,8.02547
1453.1503886639684,8.02547
1424.1234742064626,8.02547
1635.0852330699006,8.02547
1434.6320859362581,8.02547
1419.362307088195,8.02547
1507.5694940005094,8.02547
1568.5589746298417,8.02547
1485.8351413989874,8.02547
1616.6370545669251,8.02547
1553.0975661964092,8.02547
1282.178868026857,8.02547
1447.053303649299,8.02547
1443.81579006483,8.02547
1547.9360953429423,8.02547
1237.518294362589,8.02547
1754.9009708717722,8.02547
1553.102609489421,8.02547
1514.8876803917692,8.02547
1618.1567716419147,8.02547
1734.3654052812626,8.02547
1587.0746644588403,8.02547
1594.881309647162,8.02547
1513.0690024464382,8.02547
1485.8474246633052,8.02547
1452.42045559951,8.02547
1417.3888008285458,8.02547
1431.2985900300503,8.02547
1364.9444035657016,8.02547
1492.4128549314976,8.02547
1331.5332422773613,8.02547
1519.091652414371,8.02547
1496.3669391957658,8.02547
1514.6935298386688,8.02547
1447.7868429980008,8.02547
1807.6860370180502,8.02547
1636.0115900180313,8.02547
1375.5457499915278,8.02547
1523.2868087426898,8.02547
1439.1993857062675,8.02547
1398.5520273292586,8.02547
1365.9927928876066,8.02547
1543.2216690759253,8.02547
1431.8619764930427,8.02547
1596.7826024025203,8.02547
1599.3782214530438,8.02547
1637.391438521145,8.02547
1414.7613233925897,8.02547
1547.536561069201,8.02547
1563.24542166423,8.02547
1452.5821824896036,8.02547
1422.8228042607125,8.02547
1660.9520665775972,8.02547
1522.7495875732054,8.02547
1563.5967750711739,8.02547
1417.7923988172072,8.02547
1378.0715533477805,8.02547
1443.0550225507889,8.02547
1487.5978612610004,8.02547
1393.577999318265,8.02547
1499.0155191349618,8.02547
1331.14948119315,8.02547
1387.9952577530128,8.02547
1567.0911248276875,8.02547
1560.3790520277894,8.02547
1460.8123234613133,8.02547
1398.2235690923046,8.02547
1397.259644847399,8.02547
1462.6731754058685,8.02547
1564.4518491645292,8.02547
1592.8245691344325,8.02547
1450.346826451803,8.02547
1384.6507574015216,8.02547
1526.7843637866333,8.02547
1417.646502937415,8.02547
1448.1747361138798,8.02547
1632.5276090437037,8.02547
1582.711542856577,8.02547
1515.7974312251451,8.02547
1372.8080998887276,8.02547
1521.1396567470658,8.02547
1606.2657290787527,8.02547
1462.4366334234464,8.02547
1635.1114089986715,8.02547
1629.2745289518207,8.02547
1666.3732832143473,8.02547
1530.5243126531352,8.02547
1558.7391699806012,8.02547
1641.418728833109,8.02547
1544.7393937068975,8.02547
1449.8765892209788,8.02547
1455.145716347214,8.02547
1523.855495377374,8.02547
1370.9438578053782,8.02547
1485.6741084635808,8.02547
1609.6547118230253,8.02547
1280.8746148834718,8.02547
1653.4482101794515,8.02547
1612.237421870316,8.02547
1454.0235384169523,8.02547
1554.339082787181,8.02547
1500.3147726906327,8.02547
1622.9990368438682,8.02547
1598.268314276994,8.02547
1359.992927681699,8.02547
1558.7262413464177,8.02547
1479.4372146356752,8.02547
1508.28325705181,8.02547
1427.1828099030186,8.02547
1674.8137069120835,8.02547
1604.0061819902576,8.02547
1426.0228836027034,8.02547
1366.5389393089768,8.02547
1461.432736902215,8.02547
1543.4502646091305,8.02547
1524.0205843946223,8.02547
1625.3132824768243,8.02547
1578.9919722180853,8.02547
1596.9569025752908,8.02547
1532.6855400610436,8.02547
1361.070126978901,8.02547
1480.4301468853098,8.02547
1606.0089739908665,8.02547
1494.8477071475354,8.02547
1550.3090368623746,8.02547
1468.1251684753868,8.02547
1397.0188151458156,8.02547
1487.665593595389,8.02547
1530.9047443032655,8.02547
1434.4312280538556,8.02547
1476.4288755143332,8.02547
1406.0536758014018,8.02547
1611.9244917564097,8.02547
1470.5544242411966,8.02547
1645.2755545126183,8.02547
1652.8747850540908,8.02547
1491.8954035278257,8.02547
1399.155126745265,8.02547
1291.4102122266663,8.02547
1352.796292697321,8.02547
1362.616517510134,8.02547
1637.8469627461504,8.02547
1511.5824587226946,8.02547
1538.9604524091988,8.02547
1277.9578991064875,8.02547
1380.203357078274,8.02547
1588.7079776446287,8.02547
1528.6774112382586,8.02547
1485.2794721314403,8.02547
1556.4842358600122,8.02547
1663.5797806135815,8.02547
1477.895753646295,8.02547
1506.936980265807,8.02547
1519.2596918731306,8.02547
1739.2109635273991,8.02547
1290.0643735580975,8.02547
1568.3223014788807,8.02547
1488.5197751240937,8.02547
1556.677172618418,8.02547
1434.2627446005276,8.02547
1495.103496914155,8.02547
1571.1410579465496,8.02547
1811.2910201043842,8.02547
1580.8036189402071,8.02547
1415.193440196949,8.02547
1457.6240317977297,8.02547
1454.6585891616146,8.02547
1320.4356827369984,8.02547
1466.9909808298562,8.02547
1573.2829081821744,8.02547
1372.5767880923204,8.02547
1604.8482651050592,8.02547
1548.7774821084338,8.02547
1426.5766678028963,8.02547
1485.8470362662154,8.02547
1659.8321807641032,8.02547
1573.3547813505866,8.02547
1500.8783654898148,8.02547
1476.2316683039016,8.02547
1507.660907045166,8.02547
1448.8236442057696,8.02547
1289.5250494280986,8.02547
1704.217791053473,8.02547
1515.5324999199402,8.02547
1539.8147265122536,8.02547
1494.2092250123092,8.02547
1426.4883199275412,8.02547
1481.407551905123,8.02547
1340.060523780569,8.02547
1727.7086498053304,8.02547
1376.5488001577603,8.02547
1396.803371615282,8.02547
1455.97407956136,8.02547
1628.8075724852379,8.02547
1501.4508999262655,8.02547
1376.3864203969538,8.02547
1625.433836075734,8.02547
1573.100062678548,8.02547
1553.8434957216452,8.02547
1571.573424117084,8.02547
1739.436190058245,8.02547
1718.5094895036113,8.02547
1431.3284656996705,8.02547
1662.3884992811152,8.02547
1538.31681897589,8.02547
1549.909581613775,8.02547
1330.772916835667,8.02547
1482.9614234611804,8.02547
1418.7176409663434,8.02547
1582.805881489331,8.02547
1607.1080500402804,8.02547
1292.5513648983688,8.02547
1497.796513599573,8.02547
1612.1861504794251,8.02547
1481.3321037686555,8.02547
1572.9063645002364,8.02547
1535.1165467627084,8.02547
1534.1660231952626,8.02547
1472.8685021931703,8.02547
1378.341919586429,8.02547
1387.8469852574972,8.02547
1570.9352514455318,8.02547
1501.9458255518882,8.02547
1486.1487755392775,8.02547
1457.6109957677647,8.02547
1469.4811154519248,8.02547
1604.691179448814,8.02547
1466.4755918131973,8.02547
1365.8935286698431,8.02547
1574.3651775540172,8.02547
1479.5123336135282,8.02547
1503.1395865532777,8.02547
1660.757830639951,8.02547
1497.9439442649493,8.02547
1528.9183673118725,8.02547
1382.1076508701674,8.02547
1478.033054764904,8.02547
1560.9526045208602,8.02547
1344.4626266158757,8.02547
1520.0845093115709,8.02547
1510.0791072644806,8.02547
1504.128745558744,8.02547
1603.7158898658242,8.02547
1533.443851484852,8.02547
1647.8071898356443,8.02547
1400.6410484405965,8.02547
1513.5924567218349,8.02547
1508.4466786389949,8.02547
1393.074550624492,8.02547
1595.6295002091347,8.02547
1732.4673305852818,8.02547
1498.2993925516168,8.02547
1550.5021088273768,8.02547
1508.4518475815328,8.02547
1428.6415330092825,8.02547
1317.9239722197983,8.02547
1429.4226516904635,8.02547
1360.8041619048267,8.02547
1670.4102078059118,8.02547
1488.489030607676,8.02547
1465.4080670952828,8.02547
1588.9153824787807,8.02547
1387.8248897144113,8.02547
1423.3135961995447,8.02547
1506.807226924862,8.02547
1602.876899142348,8.02547
1550.1685045168788,8.02547
1524.8325142515882,8.02547
1507.8117735236017,8.02547
1540.0235855526776,8.02547
1520.1652905129254,8.02547
1397.0027725223065,8.02547
1504.6079221633152,8.02547
1392.6311341082248,8.02547
1508.1082542900824,8.02547
1451.9352058511759,8.02547
1753.9381622782862,8.02547
1496.0105616248288,8.02547
1359.576043373841,8.02547
1486.5819789323075,8.02547
1551.9358745637887,8.02547
1667.3363946152524,8.02547
1441.0547600061282,8.02547
1341.757202597636,8.02547
1581.683701143098,8.02547
1361.9401294100348,8.02547
1456.3844558492515,8.02547
1474.2379514489005,8.02547
1493.0366546699893,8.02547
1568.9164457074335,8.02547
1431.6365717713613,8.02547
1472.627074783324,8.02547
1498.5729647050612,8.02547
1514.9597957518788,8.02547
1509.7827174707922,8.02547
1543.600577522258,8.02547
1584.3839509641737,8.02547
1539.2634115650967,8.02547
1545.3585523509219,8.02547
1341.7776833253522,8.02547
1505.022769916568,8.02547
1547.950754800161,8.02547
1572.894119457045,8.02547
1430.7649225766206,8.02547
1434.0960725111354,8.02547
1442.5899324716402,8.02547
1553.6413899891343,8.02547
1603.388105492421,8.02547
1459.2539892708398,8.02547
1590.796231362705,8.02547
1512.3479809164594,8.02547
1487.5714222837564,8.02547
1478.8615770182032,8.02547
1574.6611364602156,8.02547
1532.557781678707,8.02547
1727.5825427647637,8.02547
1414.7775357002677,8.02547
1551.8101702029976,8.02547
1447.0798990188487,8.02547
1413.0713013011357,8.02547
1498.9132862965027,8.02547
1513.7352479407036,8.02547
1791.8173555060093,8.02547
1481.5854184316797,8.02547
1386.9821270515317,8.02547
1527.3010717494385,8.02547
1292.535996245363,8.02547
1490.8043217395734,8.02547
1501.602528229516,8.02547
1579.4600382945212,8.02547
1597.3622249427847,8.02547
1449.6430381092282,8.02547
1484.9385985370068,8.02547
1423.387916938933,8.02547
1387.1937445192307,8.02547
1530.9894779380634,8.02547
1372.64144514034,8.02547
1458.5373099428136,8.02547
1400.4826040100763,8.02547
1554.968318629026,8.02547
1680.1430099266488,8.02547
1369.841201719667,8.02547
1314.698151710243,8.02547
1487.5113114649932,8.02547
1501.5697795957758,8.02547
1521.8659306757297,8.02547
1455.3679484765655,8.02547
1479.936070117457,8.02547
1536.7510410540601,8.02547
1604.0430892644838,8.02547
1304.4951229681717,8.02547
1463.1060560968538,8.02547
1521.3808793941064,8.02547
1408.2023895389264,8.02547
1673.11696317673,8.02547
1436.4590119771262,8.02547
1495.8707312992717,8.02547
1555.6022096842291,8.02547
1440.8715211198105,8.02547
1315.3426952195582,8.02547
1457.1345473083468,8.02547
1602.944055592704,8.02547
1466.310487321486,8.02547
1415.3565698541022,8.02547
1592.5672209502723,8.02547
1466.9225103976946,8.02547
1448.9839186349782,8.02547
1514.945608966331,8.02547
1577.0750209618786,8.02547
1738.1713531732546,8.02547
1582.7236107657423,8.02547
1615.9839966388345,8.02547
1449.4033801012145,8.02547
1397.4131894030525,8.02547
1506.2331349619124,8.02547
1510.7169915259597,8.02547
1392.1487258635402,8.02547
1482.4705470095987,8.02547
1539.931760171913,8.02547
1536.039339501808,8.02547
1550.4287853384271,8.02547
1529.0964730137443,8.02547
1449.2991340729943,8.02547
1448.6099373351158,8.02547
1380.1048602006124,8.02547
1678.4775039185095,8.02547
1501.3450364619293,8.02547
1477.5146944205148,8.02547
1407.120791854754,8.02547
1793.5657902327778,8.02547
1392.6671967777104,8.02547
1457.1152074393926,8.02547
1541.583683628606,8.02547
1560.0212965744279,8.02547
1595.7932055215683,8.02547
1680.7608507769264,8.02547
1550.6157655460713,8.02547
1394.3969200033332,8.02547
1474.305487487822,8.02547
1530.7832372513885,8.02547
1706.8226041505823,8.02547
1360.2194521575702,8.02547
1620.2576505225227,8.02547
1517.9914369546416,8.02547
1583.783053522948,8.02547
1489.8005283364068,8.02547
1415.7567369873673,8.02547
1575.0872779401332,8.02547
1565.443102710562,8.02547
1597.205696573972,8.02547
1498.6695364621364,8.02547
1440.017797668015,8.02547
1344.1213004976157,8.02547
1581.9373268139407,8.02547
1542.3889482443985,8.02547
1403.421736713604,8.02547
1446.1426326703377,8.02547
1453.324118804856,8.02547
1351.7015568017582,8.02547
1418.2317603394865,8.02547
1386.6169643193646,8.02547
1458.7520988112062,8.02547
1426.1302501670436,8.02547
1337.2995079133252,8.02547
1702.259023056948,8.02547
1625.254073102923,8.02547
1422.0980578480014,8.02547
1527.242139665361,8.02547
1541.7465089821294,8.02547
1619.1085854773478,8.02547
1418.139497333992,8.02547
1609.2106783982426,8.02547
1445.2094695793064,8.02547
1366.4137595831387,8.02547
1572.4136559314497,8.02547
1629.0758424122428,8.02547
1758.7908973530684,8.02547
1380.0274734909785,8.02547
1569.891968508079,8.02547
1459.0198756206466,8.02547
1578.335871052403,8.02547
1352.951044876875,8.02547
1373.7230224301436,8.02547
1422.4125176833516,8.02547
1507.8964045668085,8.02547
1435.8918733461644,8.02547
1565.905434391342,8.02547
1602.6894618257913,8.02547
1559.9577541245355,8.02547
1661.8787639660868,8.02547
1541.5826629455344,8.02547
1378.3103289659832,8.02547
1636.337651353834,8.02547
1439.4843764394002,8.02547
1591.041849968557,8.02547
1657.3734216555106,8.02547
1545.66880107304,8.02547
1350.384118683535,8.02547
1408.178783349021,8.02547
1632.2744466885135,8.02547
1483.0877314357183,8.02547
1507.9573534942165,8.02547
1575.882441616361,8.02547
1569.6322862080324,8.02547
1527.8799812385462,8.02547
1479.1331628779535,8.02547
1468.7331554267644,8.02547
1585.7898825291343,8.02547
1555.3569531067794,8.02547
1474.269999938221,8.02547
1608.211231299314,8.02547
1487.0965884870216,8.02547
1414.8337825665608,8.02547
1424.1029301096655,8.02547
1402.1259163690233,8.02547
1472.7589983396313,8.02547
1623.3724278336192,8.02547
1419.4904818969492,8.02547
1518.8475761018103,8.02547
1434.3310654372588,8.02547
1473.9690958728563,8.02547
1348.9958788014749,8.02547
1477.9461770843463,8.02547
1480.6294620195038,8.02547
1554.0287944035695,8.02547
1522.3280913255371,8.02547
1380.1607875047955,8.02547
1608.4198244043544,8.02547
1521.0303040221995,8.02547
1519.8393517177487,8.02547
1499.0817646614862,8.02547
1448.224255277778,8.02547
1521.7802339748725,8.02547
1547.5588435928582,8.02547
1325.3104308654445,8.02547
1446.1239162653903,8.02547
1474.505302959641,8.02547
1525.6170605694278,8.02547
1619.3311005927126,8.02547
1422.8259185403217,8.02547
1450.203815318216,8.02547
1448.746588935345,8.02547
1419.8472409895458,8.02547
1465.2813504887738,8.02547
1577.080221998797,8.02547
1394.6164504635653,8.02547
1542.7814395152902,8.02547
1329.8097769981664,8.02547
1443.8662003557795,8.02547
1467.0510699782014,8.02547
1667.4859672914065,8.02547
1472.5197695247311,8.02547
1279.8756526549082,8.02547
1300.111109313875,8.02547
1503.402958634668,8.02547
1561.3770855789908,8.02547
1537.5455857627253,8.02547
1516.757010580099,8.02547
1616.2259597505667,8.02547
1446.0408779262868,8.02547
1589.4910556026825,8.02547
1336.7985114973583,8.02547
1409.5052167061933,8.02547
1319.2958605068184,8.02547
1472.5154699330208,8.02547
1495.3738782733658,8.02547
1511.410149222652,8.02547
1506.1883352887135,8.02547
1407.2446669188273,8.02547
1480.9759155586785,8.02547
1350.2553331394251,8.02547
1636.3228975132251,8.02547
1469.6373927102,8.02547
1451.111388095631,8.02547
1658.8940328444082,8.02547
1375.775346645077,8.02547
1387.4412885968031,8.02547
1390.3779675131434,8.02547
1493.212861830052,8.02547
1543.1631629637598,8.02547
1573.9675468117834,8.02547
1757.1995317494968,8.02547
1275.0567545799236,8.02547
1560.8735589124417,8.02547
1444.2869427427768,8.02547
1441.3584851111227,8.02547
1438.0227871746122,8.02547
1409.1230329192026,8.02547
1668.452483460345,8.02547
1584.2297327013903,8.02547
1502.3195978557376,8.02547
1635.1015752487,8.02547
1348.7471034701125,8.02547
1366.9294868669074,8.02547
1282.2032267805312,8.02547
1430.0585459876713,8.02547
1516.1698526704754,8.02547
1510.2858577932334,8.02547
1514.934191105988,8.02547
1358.8943168933918,8.02547
1580.3154742614022,8.02547
1523.9627518239,8.02547
1573.3054281465998,8.02547
1310.7237822409948,8.02547
1531.149085879779,8.02547
1381.2234760082474,8.02547
1460.2676747448638,8.02547
1553.4364898636384,8.02547
1509.1093606255913,8.02547
1414.8460020220682,8.02547
1500.6273156184418,8.02547
1346.8464684756357,8.02547
1615.0267395898295,8.02547
1479.471598050375,8.02547
1611.8549944255326,8.02547
1447.3468312903956,8.02547
1447.6424011593417,8.02547
1423.5813213362153,8.02547
1587.6173931693074,8.02547
1429.0568842671523,8.02547
1564.4595432415176,8.02547
1461.754760233071,8.02547
1302.4036700108381,8.02547
1442.9685932213533,8.02547
1382.0891785637152,8.02547
1503.3902723682338,8.02547
1380.959226432551,8.02547
1592.5975100714618,8.02547
1490.8924139646972,8.02547
1482.240400524126,8.02547
1565.5892137787582,8.02547
1596.3906934075862,8.02547
1497.9901248230349,8.02547
1422.8799700450709,8.02547
1322.6030383887871,8.02547
1431.395024296482,8.02547
1438.2787753352038,8.02547
1510.7057452992296,8.02547
1465.4853118861972,8.02547
1568.7932972051428,8.02547
1438.701672872931,8.02547
1494.2958833147059,8.02547
1618.3987443196888,8.02547
1534.1825213954967,8.02547
1493.9962458311436,8.02547
1439.8055558064823,8.02547
1436.6768603285022,8.02547
1414.9386747048052,8.02547
1445.89931342171,8.02547
1575.5665838744314,8.02547
1477.8111728707731,8.02547
1365.022693061877,8.02547
1676.8169293059784,8.02547
1531.9965191145163,8.02547
1359.3056599486831,8.02547
1455.8151072759176,8.02547
1511.0886382828419,8.02547
1670.4592093297376,8.02547
1389.188754174113,8.02547
1597.6040719355947,8.02547
1639.9486426972344,8.02547
1437.134569492543,8.02547
1472.2486381139765,8.02547
1396.369075262623,8.02547
1479.6538858919696,8.02547
1496.341002565707,8.02547
1565.964999808237,8.02547
1609.0183471020446,8.02547
1425.1903935378352,8.02547
1303.2674935774005,8.02547
1497.8755220723758,8.02547
1529.3537529968642,8.02547
1524.941768768504,8.02547
1467.3326752490957,8.02547
1512.4752099663935,8.02547
1651.5444808352247,8.02547
1538.173416896251,8.02547
1462.6631574996916,8.02547
1449.9802182904004,8.02547
1483.014764232227,8.02547
1663.673996183064,8.02547
1481.6699290473803,8.02547
1498.0205655479292,8.02547
1451.7686429063697,8.02547
1609.8983357441964,8.02547
1695.9837254744675,8.02547
1545.0613049431388,8.02547
1508.2772903785426,8.02547
1503.6782833174234,8.02547
1261.5693211214254,8.02547
1574.5150864284817,8.02547
1513.4166415995844,8.02547
1542.8342050660724,8.02547
1428.8537805916294,8.02547
1461.5543121022909,8.02547
1458.8975063496828,8.02547
1602.162298407304,8.02547
1462.1240163396906,8.02547
1708.2660322109798,8.02547
1543.0862419015039,8.02547
1372.4317340004268,8.02547
1487.1453706748043,8.02547
1434.8324877843584,8.02547
1280.5617530179975,8.02547
1659.947094011379,8.02547
1570.3142542220005,8.02547
1553.3207317899312,8.02547
1516.5403660299705,8.02547
1361.7982431307562,8.02547
1451.6382860444564,8.02547
1584.1780774784013,8.02547
1394.8779970217497,8.02547
1246.8230683749186,8.02547
1477.2893992219074,8.02547
1485.8242445972462,8.02547
1513.556341641471,8.02547
1572.8518643514535,8.02547
1563.7605812231209,8.02547
1525.8769805243921,8.02547
1619.5531388086708,8.02547
1348.1030219186684,8.02547
1550.458181447739,8.02547
1562.6538363336942,8.02547
1376.043771391976,8.02547
1349.712939131761,8.02547
1425.4057873524398,8.02547
1433.8458557484707,8.02547
1575.341946350243,8.02547
1438.5461216308904,8.02547
1414.3651481718796,8.02547
1438.836626330544,8.02547
1611.8632334154213,8.02547
1501.3043374376953,8.02547
1482.0748974643088,8.02547
1488.9994501298947,8.02547
1629.2060334326522,8.02547
1425.0828273396758,8.02547
1631.5508290940104,8.02547
1521.0496298921503,8.02547
1483.9580618024652,8.02547
1750.090049793428,8.02547
1394.4360510201404,8.02547
1464.6314240432994,8.02547
1376.7568760836,8.02547
1595.246197053617,8.02547
1668.9188933651678,8.02547
1666.992278140464,8.02547
1622.3948753146005,8.02547
1480.2379532204034,8.02547
1463.4759022510154,8.02547
1332.8830227505935,8.02547
1703.5873535181793,8.02547
1546.8978078148468,8.02547
1450.8043095130517,8.02547
1632.8056888986966,8.02547
1402.723548324,8.02547
1540.6622034222673,8.02547
1482.7370865709165,8.02547
1563.8677139880301,8.02547
1493.642646081388,8.02547
1354.9072108888777,8.02547
1507.5576372670039,8.02547
1604.8864141875363,8.02547
1497.0783594146014,8.02547
1577.5115121589085,8.02547
1395.4470514325947,8.02547
1497.3739206730147,8.02547
1437.5489544911422,8.02547
1574.698084010471,8.02547
1503.1491562261995,8.02547
1569.0073676336613,8.02547
1608.7710426157867,8.02547
1569.1618575121388,8.02547
1527.3118434293644,8.02547
1400.1787741488595,8.02547
1499.72138893331,8.02547
1446.6909597984168,8.02547
1465.5936043295774,8.02547
1462.546584924975,8.02547
1402.0074425217756,8.02547
1304.266141086601,8.02547
1433.1856951672232,8.02547
1519.3379451924159,8.02547
1365.182295457251,8.02547
1501.5682236471625,8.02547
1690.0268424310964,8.02547
1602.305655525224,8.02547
1664.354150912053,8.02547
1539.1127876932726,8.02547
1616.7509822986447,8.02547
1427.6035269532213,8.02547
1435.5659732978015,8.02547
1226.0859793862528,8.02547
1618.6145474042298,8.02547
1654.0323979819887,8.02547
1444.682275465273,8.02547
1474.6048293602764,8.02547
1424.6137886309039,8.02547
1538.2653551477492,8.02547
1612.493254530324,8.02547
1325.722802611896,8.02547
1540.9438530642253,8.02547
1472.3328228280855,8.02547
1511.339439196669,8.02547
1545.8994001674291,8.02547
1481.179756122718,8.02547
1489.641314659422,8.02547
1478.6124832445362,8.02547
1597.0316201788282,8.02547
1541.8759960127497,8.02547
1522.0583537737361,8.02547
1372.9048278907717,8.02547
1462.1420256786846,8.02547
1589.8669160339175,8.02547
1503.7696573123924,8.02547
1565.9531469589137,8.02547
1676.6511800327635,8.02547
1603.8606069208818,8.02547
1509.3158337699742,8.02547
1448.9010829804272,8.02547
1244.6450403944102,8.02547
1483.1615077527147,8.02547
1467.398750418315,8.02547
1539.0366194395376,8.02547
1484.6094773025313,8.02547
1467.9614940563206,8.02547
1322.060106949278,8.02547
1406.0032170849934,8.02547
1547.6651040800557,8.02547
1671.5907631132695,8.02547
1490.2474616254376,8.02547
1532.7811073574123,8.02547
1595.2478156952805,8.02547
1418.910606379975,8.02547
1536.6814043285442,8.02547
1425.9509893667841,8.02547
1586.4824438491012,8.02547
1515.1403047951733,8.02547
1529.845181398144,8.02547
1421.740140258141,8.02547
1570.7032359610785,8.02547
1708.4712921231016,8.02547
1399.2088304571794,8.02547
1466.0240992352476,8.02547
1523.1607474168093,8.02547
1578.6406211995816,8.02547
1444.0453714710532,8.02547
1216.696970985726,8.02547
1635.9189494164025,8.02547
1576.0506119584143,8.02547
1325.7052469513335,8.02547
1439.2431208220444,8.02547
1656.8182429527326,8.02547
1644.7796418457865,8.02547
1593.8640022678944,8.02547
1482.3887566040137,8.02547
1508.298741881251,8.02547
1486.9074194873874,8.02547
1612.8239783268837,8.02547
1412.415759350489,8.02547
1419.4200345115796,8.02547
1601.0274586836015,8.02547
1495.5638544488438,8.02547
1637.8467355453809,8.02547
1432.8487793019453,8.02547
1494.5221639661174,8.02547
1407.7587015156046,8.02547
1500.7362681423567,8.02547
1352.1453063001202,8.02547
1451.2366579045038,8.02547
1356.3746135071883,8.02547
1569.3923233191258,8.02547
1571.6589339759653,8.02547
1326.9737269515656,8.02547
1633.3885745500572,8.02547
1749.7415126419853,8.02547
1504.6006386736342,8.02547
1435.8885739775355,8.02547
1782.4330591003045,8.02547
1368.103150169749,8.02547
1502.01064668691,8.02547
1517.9622272631923,8.02547
1634.5147620452415,8.02547
1535.9738975126788,8.02547
1450.136610421155,8.02547
1404.8815629612045,8.02547
1465.8178179753863,8.02547
1399.3072639054856,8.02547
1504.7825319784683,8.02547
1443.5803820139513,8.02547
1350.5962206710249,8.02547
1625.5145788374903,8.02547
1450.232747657096,8.02547
1373.1863195024687,8.02547
1483.1740865512459,8.02547
1506.837156596766,8.02547
1325.3533274420965,8.02547
1533.1647667125762,8.02547
1395.2842431309737,8.02547
1671.1028809190789,8.02547
1552.3960512076735,8.02547
1460.0100009890684,8.02547
1425.483222968265,8.02547
1489.5032292436376,8.02547
1561.279074158329,8.02547
1497.4505871414801,8.02547
1478.2841192863143,8.02547
1505.8370290817895,8.02547
1439.6141068763045,8.02547
1465.6794073156962,8.02547
1291.4207561094995,8.02547
1597.3726230852367,8.02547
1529.879778032176,8.02547
1422.654415596657,8.02547
1689.873498135524,8.02547
1508.7016480392388,8.02547
1396.3856428024803,8.02547
1585.673742147046,8.02547
1539.8048216509262,8.02547
1539.457998548422,8.02547
1457.424439534841,8.02547
1545.0495723778035,8.02547
1473.8241709778906,8.02547
1555.5941451645842,8.02547
1309.5055545989362,8.02547
1456.6126537020812,8.02547
1672.2155097808195,8.02547
1423.2932544599698,8.02547
1439.6161702506813,8.02547
1455.2038661550025,8.02547
1378.5193864111357,8.02547
1279.1719223771747,8.02547
1476.9413601476388,8.02547
1513.5859424081657,8.02547
1494.7494931461347,8.02547
1485.5121438052113,8.02547
1504.3040870850389,8.02547
1602.2841471550764,8.02547
1480.9553814070782,8.02547
1442.591742291273,8.02547
1471.8874515111913,8.02547
1557.9346759756775,8.02547
1641.202687854325,8.02547
1437.185626083082,8.02547
1509.8933787028884,8.02547
1533.835744193596,8.02547
1400.7421993271178,8.02547
1502.0417167212918,8.02547
1353.4326142657906,8.02547
1323.0949696260602,8.02547
1536.6746407892258,8.02547
1461.6125258669217,8.02547
1520.228040762122,8.02547
1498.210502299165,8.02547
1402.3599951336203,8.02547
1495.4745698035663,8.02547
1376.6898694985146,8.02547
1639.09723580014,8.02547
1364.4029655140037,8.02547
1480.4214729031419,8.02547
1395.772841195275,8.02547
1557.0421173360796,8.02547
1466.8568628718497,8.02547
1448.133328037879,8.02547
1585.3201545051554,8.02547
1502.943059167755,8.02547
1551.6644445935967,8.02547
1401.8674063482536,8.02547
1359.5183056072492,8.02547
1510.7207962040134,8.02547
1468.1153644505268,8.02547
1562.6434672453945,8.02547
1492.009154733745,8.02547
1520.507533923463,8.02547
1337.6617470058757,8.02547
1688.8436939614257,8.02547
1483.5758014967969,8.02547
1569.7586970339198,8.02547
1416.3908329780375,8.02547
1530.800990221734,8.02547
1369.7155236475255,8.02547
1545.206783825967,8.02547
1464.4025915614168,8.02547
1502.9190503935567,8.02547
1569.7974030130097,8.02547
1376.745968877972,8.02547
1431.5508269387203,8.02547
1545.7324281086765,8.02547
1709.8221474546747,8.02547
1486.191766533852,8.02547
1559.1136117923932,8.02547
1489.302853014152,8.02547
1694.22455947563,8.02547
1325.2778333034744,8.02547
1509.462104466936,8.02547
1337.4455966437938,8.02547
1249.3428429463283,8.02547
1529.7462053117818,8.02547
1513.949779614746,8.02547
1471.5163062257798,8.02547
1489.3805909960247,8.02547
1809.8299434071257,8.02547
1474.1824861968566,8.02547
1551.0124361250075,8.02547
1435.0635180386118,8.02547
1529.5232575040602,8.02547
1476.1766324944383,8.02547
1458.948151727027,8.02547
1681.8898532200324,8.02547
1617.7184963184338,8.02547
1513.6746647399232,8.02547
1269.5788064056032,8.02547
1463.899077674743,8.02547
1770.3027564405083,8.02547
1476.9338333360292,8.02547
1610.3217572053659,8.02547
1644.1942401952601,8.02547
1521.8963915855975,8.02547
1415.8178368131848,8.02547
1256.4687668217111,8.02547
1568.4163208608954,8.02547
1418.524399717645,8.02547
1517.6150451887693,8.02547
1375.0179660410636,8.02547
1473.4762459529798,8.02547
1503.3719054901053,8.02547
1526.8593581044297,8.02547
1388.5177812647585,8.02547
1619.6910948761351,8.02547
1440.3105215268029,8.02547
1332.5530539546755,8.02547
1489.0976580036536,8.02547
1503.437530902646,8.02547
1516.058943317176,8.02547
1636.213240368508,8.02547
1476.355116326414,8.02547
1488.0380375631228,8.02547
1389.6815618766907,8.02547
1582.0553502887897,8.02547
1518.4309064078104,8.02547
1457.9972272705838,8.02547
1309.5325306534537,8.02547
1644.4412195055088,8.02547
1377.2320035543944,8.02547
1440.8721990630295,8.02547
1535.8344511076002,8.02547
1380.3442071383313,8.02547
1350.6490221746856,8.02547
1287.6052417299336,8.02547
1572.0996952905637,8.02547
1445.4813755273678,8.02547
1792.727009247333,8.02547
1400.5644934369127,8.02547
1407.8548976571078,8.02547
1443.4607029714598,8.02547
1524.313465513849,8.02547
1452.9796661214689,8.02547
1561.2332214002513,8.02547
1402.1411610011346,8.02547
1361.840828153642,8.02547
1320.1785260590893,8.02547
1277.6425832062803,8.02547
1448.1930980524944,8.02547
1469.9019687606778,8.02547
1436.8562972516816,8.02547
1624.3405797187163,8.02547
1622.8030209608135,8.02547
1466.5197012555498,8.02547
1320.6078886808036,8.02547
1443.3294891944947,8.02547
1440.0178606082939,8.02547
1434.2865037721942,8.02547
1430.2281096101756,8.02547
1434.6537104275194,8.02547
1461.3458384102241,8.02547
1436.4458901184444,8.02547
1520.8322508625592,8.02547
1536.036871590486,8.02547
1408.935491281751,8.02547
1627.1065326007033,8.02547
1401.9937698159385,8.02547
1338.2199386184664,8.02547
1538.0778071365053,8.02547
1418.259186558566,8.02547
1532.1291470757387,8.02547
1259.633139889947,8.02547
1639.2455941483067,8.02547
1567.2293408040402,8.02547
1349.9523450836998,8.02547
1352.1222876153715,8.02547
1667.2265904097528,8.02547
1426.2620096502042,8.02547
1416.5815151267377,8.02547
1273.3947905850716,8.02547
1464.9221794398445,8.02547
1477.2280385164247,8.02547
1571.5493096769485,8.02547
1360.0921571815525,8.02547
1347.9713207759391,8.02547
1545.0962634776477,8.02547
1600.6730071227064,8.02547
1342.8847648882117,8.02547
1608.1514086299742,8.02547
1503.754184148682,8.02547
1609.1805339074645,8.02547
1492.9779638482382,8.02547
1247.772208251205,8.02547
1484.8032617683962,8.02547
1606.014381867127,8.02547
1410.6253980916285,8.02547
1461.2035031092548,8.02547
1482.3866496449023,8.02547
1210.0486120131518,8.02547
1667.1347575437476,8.02547
1409.8624320102826,8.02547
1550.57354324728,8.02547
1491.3298863851792,8.02547
1625.761905635936,8.02547
1540.605612242808,8.02547
1476.5075728479026,8.02547
1410.648490748072,8.02547
1579.785070138214,8.02547
1312.6558696045383,8.02547
1564.5890420275891,8.02547
1390.0955248445127,8.02547
1625.228366195664,8.02547
1516.1299542662696,8.02547
1564.4123767850108,8.02547
1508.1988813824719,8.02547
1324.7622904859004,8.02547
1413.9270836604662,8.02547
1567.2389337611382,8.02547
1516.6655817359845,8.02547
1618.098990530567,8.02547
1540.327456303717,8.02547
1403.329810929734,8.02547
1420.3935862279366,8.02547
1510.2917390523237,8.02547
1268.5955933999894,8.02547
1667.3441885622985,8.02547
1544.1746736377556,8.02547
1622.7034597048873,8.02547
1341.939605919083,8.02547
1624.4565160355255,8.02547
1723.1498911027747,8.02547
1367.9121644622683,8.02547
1577.1401794903766,8.02547
1500.1109944687294,8.02547
1345.5566151751755,8.02547
1549.288397185187,8.02547
1583.3603204837348,8.02547
1439.8873447331152,8.02547
1616.5916520255223,8.02547
1333.3236593210802,8.02547
1350.5243853550355,8.02547
1513.6597395588753,8.02547
1502.538527797227,8.02547
1428.3426511575894,8.02547
1580.9594435971885,8.02547
1553.089431421595,8.02547
1585.8139070934017,8.02547
1487.6863564647733,8.02547
1560.2580267978342,8.02547
1455.4349696970005,8.02547
1705.3818690086596,8.02547
1418.7454229878015,8.02547
1710.5297429458312,8.02547
1503.4887947089408,8.02547
1362.4489110431257,8.02547
1636.8079350488601,8.02547
1512.590138839496,8.02547
1585.1124098380237,8.02547
1622.3855918542592,8.02547
1533.7955554145026,8.02547
1440.7759155187186,8.02547
1597.571337766925,8.02547
1500.0755507454596,8.02547
1568.585781860842,8.02547
1284.626942620854,8.02547
1544.698171700985,8.02547
1436.141417485497,8.02547
1665.3309637178531,8.02547
1562.3087347889095,8.02547
1523.9857745849297,8.02547
1548.6309993350221,8.02547
1400.1559147123282,8.02547
1662.3256690528053,8.02547
1699.1370418416905,8.02547
1539.2913510548217,8.02547
1659.0403568573638,8.02547
1443.0851801327467,8.02547
1420.288643377502,8.02547
1504.0924748728924,8.02547
1543.49410383679,8.02547
1460.601331875688,8.02547
1553.7768190368483,8.02547
1530.6389482073414,8.02547
1400.1693224708945,8.02547
1551.8793017451721,8.02547
1586.352824252152,8.02547
1517.146931759039,8.02547
1615.2648103261693,8.02547
1378.259620650305,8.02547
1546.795042213185,8.02547
1382.9719293603225,8.02547
1388.5918641766912,8.02547
1436.906916626221,8.02547
1405.7939816425755,8.02547
1445.2004181258862,8.02547
1478.5849689288812,8.02547
1583.7154486331385,8.02547
1467.8840961294297,8.02547
1341.4374293230408,8.02547
1614.006784649516,8.02547
1416.290986638496,8.02547
1494.127957289537,8.02547
1544.653650694071,8.02547
1519.9610418402783,8.02547
1609.4179547521476,8.02547
1547.9003143392758,8.02547
1413.8690420302892,8.02547
1717.856217399166,8.02547
1519.4333463338232,8.02547
1485.2659773378493,8.02547
1596.392542305557,8.02547
1524.9450945930073,8.02547
1539.9228192939327,8.02547
1749.2183998600688,8.02547
1472.4878571744953,8.02547
1468.2239105982603,8.02547
1511.6578512012463,8.02547
1607.151593558104,8.02547
1349.3465969809602,8.02547
1303.4444108523494,8.02547
1441.2884729379853,8.02547
1336.6077040940713,8.02547
1457.5168652474363,8.02547
1550.249969612929,8.02547
1410.9251136447735,8.02547
1357.3173423218657,8.02547
1506.9337161715348,8.02547
1586.254348461517,8.02547
1330.5026561483387,8.02547
1582.0232398305984,8.02547
1581.7306203738326,8.02547
1595.4085102156628,8.02547
1621.8480214871686,8.02547
1720.2013924659616,8.02547
1464.3907951380945,8.02547
1510.957158007786,8.02547
1458.3561566751976,8.02547
1500.1976844755811,8.02547
1653.2873355636311,8.02547
1365.4985516069332,8.02547
1413.8950327834425,8.02547
1637.718093650456,8.02547
1602.003650690209,8.02547
1463.6868353182922,8.02547
1585.440200112072,8.02547
1534.1215842492034,8.02547
1650.0274609000987,8.02547
1507.4509593826772,8.02547
1602.5632113872582,8.02547
1764.201191049262,8.02547
1559.8099155047466,8.02547
1504.9328165794843,8.02547
1572.244698522098,8.02547
1463.4719141796115,8.02547
1738.7967705524732,8.02547
1518.0071037695982,8.02547
1472.7066679774487,8.02547
1416.4310994979965,8.02547
1609.7220191606439,8.02547
1586.7187412827739,8.02547
1450.2645628585906,8.02547
1557.6451345122423,8.02547
1349.1444031787144,8.02547
1518.4970575073157,8.02547
1545.2756352076694,8.02547
1670.7329809559224,8.02547
1422.918119727131,8.02547
1372.1647371197676,8.02547
1410.4572039074958,8.02547
1366.343149968508,8.02547
1633.6657357758984,8.02547
1654.8639295024036,8.02547
1532.021657794883,8.02547
1622.1294945685147,8.02547
1513.3958380580236,8.02547
1490.4888352299233,8.02547
1466.6962380946238,8.02547
1468.9609008622435,8.02547
1345.2198443690968,8.02547
1526.425476360734,8.02547
1495.9666089785956,8.02547
1574.5360724077875,8.02547
1509.3523496438609,8.02547
1483.7296298430908,8.02547
1412.880696999237,8.02547
1507.2153236821762,8.02547
1573.8237230816162,8.02547
1385.666100891614,8.02547
1508.747375368074,8.02547
1523.3042951529485,8.02547
1428.1935216381735,8.02547
1441.2143695092,8.02547
1523.0610848766214,8.02547
1386.6578981707378,8.02547
1534.9923715249392,8.02547
1410.46456263408,8.02547
1606.2853693033217,8.02547
1733.78277453883,8.02547
1413.924319829818,8.02547
1553.4207862374674,8.02547
1427.325809511798,8.02547
1604.0954173797788,8.02547
1373.4741590914784,8.02547
1548.0586758427712,8.02547
1412.7011033110648,8.02547
1479.301541090163,8.02547
1396.8974724852692,8.02547
1582.2350470895753,8.02547
1416.3019645560412,8.02547
1555.1964259331828,8.02547
1465.5901971737667,8.02547
1488.5527628201137,8.02547
1514.7755907400128,8.02547
1423.8175328341151,8.02547
1521.0367113540888,8.02547
1653.0334564354412,8.02547
1422.1905214167286,8.02547
1617.1810143273844,8.02547
1649.8097633487785,8.02547
1418.3845010971957,8.02547
1354.4945394909448,8.02547
1530.1960900171764,8.02547
1445.2592477233127,8.02547
1686.8603219163003,8.02547
1503.4807540499833,8.02547
1419.7800591964822,8.02547
1385.2840488988288,8.02547
1608.990495909083,8.02547
1442.8816025915814,8.02547
1504.3828799460427,8.02547
1595.580274511248,8.02547
1451.574164806917,8.02547
1495.4071171259839,8.02547
1498.343159017748,8.02547
1568.3324511516091,8.02547
1559.0744335510326,8.02547
1477.9886268745172,8.02547
1506.3649061496517,8.02547
1462.8220988476512,8.02547
1352.2387593080555,8.02547
1525.760085739813,8.02547
1689.2191760833068,8.02547
1411.6280859308938,8.02547
1422.6970290397296,8.02547
1412.9272228356258,8.02547
1572.4591778723122,8.02547
1544.848545419644,8.02547
1484.1462307583542,8.02547
1408.1980938361035,8.02547
1509.2376791639924,8.02547
1343.5377872664196,8.02547
1514.3426566857493,8.02547
1587.1524386087933,8.02547
1374.8800863366323,8.02547
1346.7481723170335,8.02547
1657.9437891694859,8.02547
1438.8240360495415,8.02547
1613.5947845943822,8.02547
1484.6002334802167,8.02547
1483.8045183058673,8.02547
1543.8412699496646,8.02547
1411.600114325356,8.02547
1513.2497143495646,8.02547
1461.8510585175907,8.02547
1367.9506556594968,8.02547
1533.74820747264,8.02547
1473.6692193122085,8.02547
1484.2975171555292,8.02547
1378.9839056585843,8.02547
1659.1400367762803,8.02547
1587.6714186386116,8.02547
1596.4155884171978,8.02547
1469.4555297558318,8.02547
1327.081711049658,8.02547
1695.291738248951,8.02547
1493.8902491994131,8.02547
1425.1200203979947,8.02547
1541.6801574483113,8.02547
1616.7120788003297,8.02547
1497.6949443914534,8.02547
1627.8575167939375,8.02547
1608.2999938516868,8.02547
1392.3618812597942,8.02547
1432.6209894340523,8.02547
1595.7537163279767,8.02547
1228.7387436189563,8.02547
1485.054430683501,8.02547
1356.9168798375329,8.02547
1452.3446198566476,8.02547
1470.1179910970795,8.02547
1464.1755622092492,8.02547
1444.7738747887392,8.02547
1390.2856350371185,8.02547
1729.1911266818686,8.02547
1686.746200416135,8.02547
1383.7934179743718,8.02547
1658.2116751303568,8.02547
1460.0534509527147,8.02547
1512.918747333171,8.02547
1493.6726040103083,8.02547
1434.0251358746034,8.02547
1598.3852343606147,8.02547
1512.5886530576659,8.02547
1452.3448576780759,8.02547
1369.5410556199527,8.02547
1410.640498628088,8.02547
1335.8619884397904,8.02547
1501.222354841517,8.02547
1380.3334407715604,8.02547
1473.4439487481459,8.02547
1637.0101853610372,8.02547
1619.9299572921586,8.02547
1496.7723105897383,8.02547
1491.291527385685,8.02547
1687.9874549421008,8.02547
1552.075612035871,8.02547
1467.2193540123476,8.02547
1357.3981882879548,8.02547
1539.3873218164742,8.02547
1582.9323772582861,8.02547
1436.8348475486357,8.02547
1529.1202755138033,8.02547
1463.642670508497,8.02547
1481.5967600800998,8.02547
1251.2177942437668,8.02547
1477.8218596283864,8.02547
1596.9369302408054,8.02547
1436.8597444433442,8.02547
1505.2526368215317,8.02547
1424.404929330808,8.02547
1536.0441676292774,8.02547
1478.3476802463827,8.02547
1406.0758459317992,8.02547
1633.2551467665128,8.02547
1592.8932013532215,8.02547
1439.5093236071825,8.02547
1549.7788309417776,8.02547
1553.741200282038,8.02547
1564.2301235011175,8.02547
1330.5744104004923,8.02547
1600.6606541032627,8.02547
1443.0301037074269,8.02547
1464.2172066558733,8.02547
1763.78817522602,8.02547
1530.1873380721013,8.02547
1461.3677524552825,8.02547
1279.4705627244093,8.02547
1638.9764133946355,8.02547
1365.4790329191396,8.02547
1399.6561096500498,8.02547
1466.8647700912152,8.02547
1641.6411791700293,8.02547
1577.323998666576,8.02547
1484.216249015974,8.02547
1530.8292063638821,8.02547
1439.9614307128895,8.02547
1513.965368956535,8.02547
1507.3336744778137,8.02547
1596.8769895681353,8.02547
1596.717812243895,8.02547
1549.3977382205644,8.02547
1463.7652442453898,8.02547
1574.1822294390126,8.02547
1490.8031533796952,8.02547
1391.8085631286867,8.02547
1459.6712208089061,8.02547
1508.4526983784324,8.02547
1591.0215783664746,8.02547
1481.6471827842847,8.02547
1379.0801288760395,8.02547
1505.6741683296818,8.02547
1511.3456040056553,8.02547
1518.5837628902752,8.02547
1591.987151595443,8.02547
1601.8923240089898,8.02547
1440.5789127618334,8.02547
1438.3856541951056,8.02547
1395.9801289044526,8.02547
1569.8815670280476,8.02547
1644.8820108337716,8.02547
1468.4918072091077,8.02547
1475.8569435275008,8.02547
1646.6782556898977,8.02547
1550.5557853215007,8.02547
1543.6235704801054,8.02547
1380.9083494026272,8.02547
1567.8728069279418,8.02547
1407.0863659490242,8.02547
1386.5979814065042,8.02547
1465.3228423233288,8.02547
1441.420727655131,8.02547
1477.8400305614962,8.02547
1355.901836547508,8.02547
1595.8816306467672,8.02547
1612.768629451643,8.02547
1305.2657525859186,8.02547
1597.845780566655,8.02547
1418.9471370178373,8.02547
1585.6975536982786,8.02547
1493.1553507333585,8.02547
1502.8775564081,8.02547
1481.4902350578782,8.02547
1621.2129204233486,8.02547
1376.0411987474972,8.02547
1560.784033873501,8.02547
1610.133016488955,8.02547
1571.634008054041,8.02547
1732.4698914323417,8.02547
1447.10532372753,8.02547
1595.730482259353,8.02547
1489.390936465858,8.02547
1623.340607635267,8.02547
1499.231100427863,8.02547
1461.212421813753,8.02547
1630.607220387163,8.02547
1450.843806098107,8.02547
1358.7274241099444,8.02547
1448.3153116826172,8.02547
1561.9032946588532,8.02547
1639.2038751587093,8.02547
1511.1129375296512,8.02547
1631.8197067234025,8.02547
1364.1825078522406,8.02547
1455.6736535182097,8.02547
1471.14248828459,8.02547
1488.544057252748,8.02547
1508.4094388250196,8.02547
1569.0910957392193,8.02547
1455.519316182951,8.02547
1513.9028686953125,8.02547
1495.487710967595,8.02547
1407.411009610885,8.02547
1488.6333310918565,8.02547
1485.6340470102882,8.02547
1483.4919434996955,8.02547
1503.175945658145,8.02547
1507.5673540613386,8.02547
1456.770482089267,8.02547
1627.2714733971266,8.02547
1383.0519370796983,8.02547
1427.9029891530104,8.02547
1777.9963624223556,8.02547
1396.200864501077,8.02547
1364.6245325290242,8.02547
1573.4476745001218,8.02547
1292.2880146226125,8.02547
1476.4726090027561,8.02547
1714.5824925076488,8.02547
1345.50640778466,8.02547
1301.8035514261287,8.02547
1350.08187980423,8.02547
1589.8359568346987,8.02547
1612.4776719985812,8.02547
1448.741120302149,8.02547
1568.321240400107,8.02547
1639.025532751199,8.02547
1678.7346414429826,8.02547
1475.3664718820153,8.02547
1269.8528282330012,8.02547
1417.9121077590314,8.02547
1457.3195805064743,8.02547
1474.106120342161,8.02547
1481.214059899128,8.02547
1611.8894597930669,8.02547
1627.4428426687582,8.02547
1482.8326346075216,8.02547
1609.8484876051818,8.02547
1535.766136663109,8.02547
1506.450597286257,8.02547
1590.6544157109963,8.02547
1507.2252048237915,8.02547
1705.7811177097763,8.02547
1356.1588833205442,8.02547
1448.4829100907982,8.02547
1487.348110304605,8.02547
1543.945269045799,8.02547
1626.796048710309,8.02547
1497.5601432763842,8.02547
1357.7770350493793,8.02547
1584.2513896455005,8.02547
1575.4958766141965,8.02547
1305.8141340620593,8.02547
1499.6195866329201,8.02547
1340.9858169319702,8.02547
1433.5348902497938,8.02547
1409.71910730372,8.02547
1580.9264698241986,8.02547
1511.6830174172185,8.02547
1371.4408999243972,8.02547
1588.0065962957342,8.02547
1356.6194176071585,8.02547
1533.0113790470944,8.02547
1418.5989330708444,8.02547
1463.432291746948,8.02547
1550.4270748038384,8.02547
1552.144939905953,8.02547
1633.696907355596,8.02547
1491.7746300328547,8.02547
1530.645086296334,8.02547
1456.2262677595675,8.02547
1518.1989882622797,8.02547
1543.9486048008512,8.02547
1490.1690152545625,8.02547
1319.6249515907505,8.02547
1533.1470896330895,8.02547
1536.4561477355458,8.02547
1431.982652365205,8.02547
1371.5612963927485,8.02547
1647.5879150503965,8.02547
1549.1445510894403,8.02547
1477.091896907829,8.02547
1386.2967116852512,8.02547
1417.8185171578655,8.02547
1630.2590396786231,8.02547
1513.7661940868047,8.02547
1444.9412932999294,8.02547
1550.9689231224656,8.02547
1418.5601812553675,8.02547
1650.0843030280378,8.02547
1635.2800534896726,8.02547
1453.3425928797224,8.02547
1437.1329752969139,8.02547
1238.186680130772,8.02547
1351.8419228448631,8.02547
1366.0530225042244,8.02547
1513.5190340987385,8.02547
1467.376629555864,8.02547
1365.466451258476,8.02547
1471.8835957535443,8.02547
1550.533714764735,8.02547
1552.7839349915587,8.02547
1310.0329719141118,8.02547
1487.1736519516169,8.02547
1361.665922302839,8.02547
1590.1728697140275,8.02547
1578.4146416353499,8.02547
1410.197277367554,8.02547
1423.39547975996,8.02547
1453.8732949501693,8.02547
1274.7206605268661,8.02547
1533.5968173440576,8.02547
1472.7155453659868,8.02547
1597.017508256786,8.02547
1390.1590782037447,8.02547
1438.087705175007,8.02547
1349.3474741960886,8.02547
1399.5709436505747,8.02547
1381.8018003931782,8.02547
1599.5973678846447,8.02547
1430.1738151248608,8.02547
1512.4175684744614,8.02547
1461.9236596138196,8.02547
1373.0534733987188,8.02547
1483.1699576828357,8.02547
1559.9103331863594,8.02547
1379.2240607456647,8.02547
1580.9112790731378,8.02547
1415.0279078522303,8.02547
1451.701607392716,8.02547
1553.0683123010049,8.02547
1433.6563842780513,8.02547
1503.7574859335866,8.02547
1468.5309171211907,8.02547
1512.936800670382,8.02547
1261.9260894476502,8.02547
1317.0318184791918,8.02547
1561.5967006046837,8.02547
1603.718140564905,8.02547
1408.9513296468479,8.02547
1475.5971647828865,8.02547
1529.47192529023,8.02547
1569.3217601658705,8.02547
1297.2322728329152,8.02547
1411.3959753021622,8.02547
1466.7420620150126,8.02547
1570.3140197236048,8.02547
1749.8430483721495,8.02547
1477.1994273190282,8.02547
1359.302253789601,8.02547
1540.2268077201297,8.02547
1632.099578954071,8.02547
1510.80141209795,8.02547
1409.3351454845706,8.02547
1595.799394148002,8.02547
1566.3545618498435,8.02547
1397.3919155804376,8.02547
1538.1425617534342,8.02547
1599.7265567658874,8.02547
1618.1890042558894,8.02547
1493.3551024690544,8.02547
1464.192055382068,8.02547
1622.7273822081263,8.02547
1378.9839497019116,8.02547
1543.8579290921004,8.02547
1362.997337263557,8.02547
1606.5376272259603,8.02547
1474.195448438884,8.02547
1626.858323564747,8.02547
1549.1412756355528,8.02547
1377.677976993807,8.02547
1642.4627732077242,8.02547
1655.124526642773,8.02547
1588.2286492599217,8.02547
1423.841213496378,8.02547
1469.3986045642591,8.02547
1514.5427217405759,8.02547
1429.6289600668567,8.02547
1669.2346572463205,8.02547
1514.4326471726038,8.02547
1229.6651952892644,8.02547
1533.935581275622,8.02547
1465.1842603182686,8.02547
1492.5073443881552,8.02547
1463.13806342143,8.02547
1580.7046416606688,8.02547
1611.9687778553382,8.02547
1528.3053162258655,8.02547
1466.068881286184,8.02547
1495.866279519083,8.02547
1501.9599616577627,8.02547
1419.7569960135163,8.02547
1557.8928648571234,8.02547
1546.0042323860466,8.02547
1654.0441239776674,8.02547
1625.5349780288475,8.02547
1431.4325082409869,8.02547
1582.0298374508964,8.02547
1404.9046616905528,8.02547
1569.593210094085,8.02547
1448.3385801239892,8.02547
1397.6746776624416,8.02547
1528.0045342697404,8.02547
1232.543287184586,8.02547
1324.902442559477,8.02547
1482.2508116225717,8.02547
1508.2441766634843,8.02547
1463.0681229841812,8.02547
1342.0563701282401,8.02547
1418.2108157861494,8.02547
1539.1209327237393,8.02547
1558.1781770628363,8.02547
1498.3776882404059,8.02547
1615.683378103699,8.02547
1539.7397023459234,8.02547
1425.2544346041789,8.02547
1471.9497946588383,8.02547
1359.7133842792146,8.02547
1489.1861009608583,8.02547
1611.210061922134,8.02547
1568.5290084710969,8.02547
1640.200932591912,8.02547
1469.7114756201006,8.02547
1634.6099794514257,8.02547
1480.669577355203,8.02547
1647.1585082569893,8.02547
1497.8143252557877,8.02547
1570.7231373804277,8.02547
1647.5112364309855,8.02547
1480.6572371418795,8.02547
1521.8388987544174,8.02547
1628.8863425206303,8.02547
1486.6996836069936,8.02547
1367.910771749384,8.02547
1714.300705458491,8.02547
1453.0235535662864,8.02547
1515.8756050937543,8.02547
1615.6006669451126,8.02547
1439.1506096268797,8.02547
1399.213208677787,8.02547
1525.3737296774834,8.02547
1320.692360208761,8.02547
1471.209392313208,8.02547
1524.5038664315407,8.02547
1473.0048103174836,8.02547
1345.6549056814254,8.02547
1659.4177956204012,8.02547
1510.3538153949175,8.02547
1643.1152117761742,8.02547
1473.9963749819556,8.02547
1411.9988018309236,8.02547
1526.918092025516,8.02547
1478.4212873671781,8.02547
1382.2238542008643,8.02547
1646.9784258787495,8.02547
1437.7729777106003,8.02547
1315.9733615204432,8.02547
1632.8166053957334,8.02547
1449.5701984187376,8.02547
1439.2176107384375,8.02547
1323.4612412970025,8.02547
1674.0941486596992,8.02547
1371.0519412790313,8.02547
1505.844948070565,8.02547
1591.262032254044,8.02547
1542.1716933003097,8.02547
1494.0345688007808,8.02547
1329.8334141712585,8.02547
1419.0275164232717,8.02547
1518.7800338042523,8.02547
1421.2825930013005,8.02547
1520.3359459998767,8.02547
1568.1743408815141,8.02547
1596.2502885800102,8.02547
1377.3820642187316,8.02547
1719.6646054978955,8.02547
1576.747934455413,8.02547
1499.8285846330937,8.02547
1608.953658307664,8.02547
1736.5407771999974,8.02547
1356.127989894313,8.02547
1477.4737357508645,8.02547
1262.156834012667,8.02547
1519.2651532648024,8.02547
1536.5394241925142,8.02547
1496.083788455724,8.02547
1434.546642900169,8.02547
1295.0485483811674,8.02547
1537.353368341177,8.02547
1645.5434483915326,8.02547
1440.898154426657,8.02547
1544.0059929023146,8.02547
1343.185568657995,8.02547
1545.7213063692514,8.02547
1460.6617702255344,8.02547
1423.7582049397085,8.02547
1423.9636358783869,8.02547
1460.638841796699,8.02547
1538.2433315692535,8.02547
1368.7836798804483,8.02547
1460.2884668432148,8.02547
1495.8528222000853,8.02547
1390.096077546814,8.02547
1679.6665201675016,8.02547
1414.6504519938658,8.02547
1433.056308636651,8.02547
1402.1692050177503,8.02547
1679.8480087138119,8.02547
1555.2905228599482,8.02547
1406.3407993756357,8.02547
1610.6231558859968,8.02547
1520.0698694288878,8.02547
1525.7253421111502,8.02547
1465.5522791247547,8.02547
1425.0584013043026,8.02547
1533.7766099054602,8.02547
1445.491277000441,8.02547
1681.6755629575105,8.02547
1373.0708894756897,8.02547
1653.6156772854945,8.02547
1488.86811512022,8.02547
1529.9085734021105,8.02547
1583.3157766629436,8.02547
1436.9750704995563,8.02547
1586.4248384698637,8.02547
1229.2456144618823,8.02547
1428.001046677806,8.02547
1407.5937192658935,8.02547
1374.649398762824,8.02547
1478.5045161921048,8.02547
1538.5749968181694,8.02547
1570.2659998499305,8.02547
1524.0876757200408,8.02547
1433.4306535106452,8.02547
1536.9016437825167,8.02547
1512.428569485085,8.02547
1593.6056167936017,8.02547
1577.6936702931516,8.02547
1503.0476413920628,8.02547
1410.2746993838743,8.02547
1434.7049844167918,8.02547
1445.0210640361968,8.02547
1468.4733666083744,8.02547
1526.8050427589753,8.02547
1571.5174390128059,8.02547
1494.8881306984622,8.02547
1501.6124787900471,8.02547
1514.3306305000003,8.02547
1448.409468686766,8.02547
1407.4607742357043,8.02547
1324.456210268929,8.02547
1430.4850641923128,8.02547
1547.3145453267787,8.02547
1429.7088561960431,8.02547
1476.219296257406,8.02547
1546.6431287412317,8.02547
1552.068949642267,8.02547
1392.046714783396,8.02547
1599.7059356453642,8.02547
1612.7350089355486,8.02547
1387.015014278144,8.02547
1417.6163130358846,8.02547
1619.1090683146192,8.02547
1485.31464787447,8.02547
1278.022205254815,8.02547
1360.0318495267313,8.02547
1475.063037482752,8.02547
1383.6957349715399,8.02547
1458.657622936356,8.02547
1503.2396213683578,8.02547
1646.2254604034729,8.02547
1470.9546083772211,8.02547
1607.254179957276,8.02547
1642.876016203677,8.02547
1643.4309669352076,8.02547
1528.475459338557,8.02547
1303.6710852161025,8.02547
1546.0824865403865,8.02547
1604.8399887813541,8.02547
1491.8932894564582,8.02547
1674.4583870075248,8.02547
1585.9833561467458,8.02547
1556.8273377152784,8.02547
1608.6380711205838,8.02547
1533.3369851260877,8.02547
1250.7189500604647,8.02547
1450.0861048529634,8.02547
1619.7168027247853,8.02547
1419.2408659901703,8.02547
1477.652749476306,8.02547
1395.5163686096928,8.02547
1678.3922595201768,8.02547
1668.1492457418015,8.02547
1411.613110485927,8.02547
1514.7298000389085,8.02547
1431.9505952235952,8.02547
1561.4944639031378,8.02547
1550.968307724233,8.02547
1581.1705571613265,8.02547
1533.1918447707887,8.02547
1793.5406206388468,8.02547
1397.207623498926,8.02547
1328.9396645563486,8.02547
1460.690979929854,8.02547
1343.2011734439732,8.02547
1350.7537729994008,8.02547
1399.8685345802032,8.02547
1407.7811094568372,8.02547
1404.538189804994,8.02547
1551.8218950445412,8.02547
1449.3810938914664,8.02547
1482.048542512752,8.02547
1589.4232774500936,8.02547
1423.3677475218574,8.02547
1473.5454101295277,8.02547
1536.5759986092914,8.02547
1305.843219937978,8.02547
1261.5094491049417,8.02547
1534.6117328797723,8.02547
1549.2014280566898,8.02547
1706.422013485241,8.02547
1515.809487586681,8.02547
1581.9739717258094,8.02547
1480.4527356414026,8.02547
1529.7227221585085,8.02547
1666.7256841749534,8.02547
1287.6007181874365,8.02547
1541.361625757168,8.02547
1713.5586730077366,8.02547
1528.2034219209343,8.02547
1665.0572963232848,8.02547
1437.0787850470558,8.02547
1496.7952505836286,8.02547
1503.3524702388588,8.02547
1278.2408920641228,8.02547
1383.18221721498,8.02547
1390.3124920616015,8.02547
1582.2066078032528,8.02547
1587.2153105684056,8.02547
1532.4036442706533,8.02547
1582.4102896855707,8.02547
1483.5850587278226,8.02547
1620.1931669539542,8.02547
1500.8788442632072,8.02547
1505.7864047426756,8.02547
1473.440736673759,8.02547
1568.4450477636428,8.02547
1457.8801183387086,8.02547
1597.6431377198069,8.02547
1386.7850859283994,8.02547
1390.1083745271806,8.02547
1568.7426755126505,8.02547
1491.1455785416988,8.02547
1454.6108583846872,8.02547
1589.005773247546,8.02547
1439.2738585913914,8.02547
1479.979874569963,8.02547
1639.9227950071158,8.02547
1653.914234581065,8.02547
1657.2398210270328,8.02547
1471.787422306609,8.02547
1623.070290498447,8.02547
1405.1047172231322,8.02547
1409.3097125277939,8.02547
1264.9544147375639,8.02547
1667.286820189853,8.02547
1413.602015092392,8.02547
1487.346742025294,8.02547
1408.9675658071717,8.02547
1569.516524833014,8.02547
1462.436633928266,8.02547
1369.5183109567051,8.02547
1544.166256418606,8.02547
1356.626997518977,8.02547
1416.259427468451,8.02547
1289.311088537392,8.02547
1357.6041887802394,8.02547
1517.8529169720478,8.02547
1303.5463961897076,8.02547
1351.8854275378285,8.02547
1499.7631083867193,8.02547
1445.6393103906948,8.02547
1699.203663595931,8.02547
1683.3896546024375,8.02547
1413.2077537248847,8.02547
1555.713761840348,8.02547
1574.9282556879452,8.02547
1440.2521141975596,8.02547
1350.4458463501796,8.02547
1498.7701550691943,8.02547
1482.7154325185888,8.02547
1456.423550302938,8.02547
1544.2316868164485,8.02547
1424.9270392994401,8.02547
1384.8002452420858,8.02547
1510.9082970349832,8.02547
1538.5970092568875,8.02547
1382.3355056099947,8.02547
1592.809061099108,8.02547
1322.9518862223922,8.02547
1442.1886541284357,8.02547
1474.1991463802392,8.02547
1436.377628734807,8.02547
1443.4939526448807,8.02547
1687.1074482308113,8.02547
1414.9115910961102,8.02547
1744.1221722471914,8.02547
1543.7126779731052,8.02547
1509.2055137311993,8.02547
1547.6240353387666,8.02547
1752.9927749251951,8.02547
1400.6406996068552,8.02547
1387.958208106361,8.02547
1424.513380342808,8.02547
1503.214314696456,8.02547
1327.4228875187428,8.02547
1502.2339239318608,8.02547
1669.3547133413672,8.02547
1515.1407390624777,8.02547
1470.7314541024723,8.02547
1438.1839551316373,8.02547
1589.8511704551565,8.02547
1417.4167226761951,8.02547
1684.6395920599248,8.02547
1693.3359747714358,8.02547
1525.6750798661787,8.02547
1498.8484911923356,8.02547
1603.065980824156,8.02547
1609.4798502227325,8.02547
1419.4008268940584,8.02547
1447.34448668633,8.02547
1367.7652565316705,8.02547
1540.9064938334056,8.02547
1566.662788345689,8.02547
1365.0074362138728,8.02547
1454.480109518384,8.02547
1365.274608241865,8.02547
1410.1200189756162,8.02547
1555.10170602263,8.02547
1426.651793332172,8.02547
1469.91740439677,8.02547
1337.2688272052685,8.02547
1518.6990209724663,8.02547
1495.572668015535,8.02547
1427.1040749966837,8.02547
1481.0985702317525,8.02547
1518.0294880503445,8.02547
1418.5131851090655,8.02547
1352.373745599822,8.02547
1680.5574432686815,8.02547
1436.6727295289727,8.02547
1490.323989681311,8.02547
1601.0839735020313,8.02547
1852.9055187570484,8.02547
1375.5513550111134,8.02547
1544.982721372651,8.02547
1429.2447714705893,8.02547
1446.120969542329,8.02547
1427.978797899321,8.02547
1387.4345032199415,8.02547
1495.870863821534,8.02547
1352.5497312951763,8.02547
1594.680756651187,8.02547
1505.5002936033375,8.02547
1542.243497290144,8.02547
1453.3811388053778,8.02547
1463.2796065788252,8.02547
1528.7563905167328,8.02547
1383.5949367594174,8.02547
1464.2009565586663,8.02547
1414.0386486121547,8.02547
1410.9431189408986,8.02547
1289.016175937436,8.02547
1633.932658948,8.02547
1431.3461246846232,8.02547
1616.337605516355,8.02547
1606.8792321394292,8.02547
1371.4000293483507,8.02547
1391.1588764327155,8.02547
1756.0502959355683,8.02547
1675.0925941927144,8.02547
1496.8481486671897,8.02547
1525.737310641735,8.02547
1436.9153597052812,8.02547
1543.235271420034,8.02547
1428.2818099277529,8.02547
1296.7646235701616,8.02547
1367.844421348895,8.02547
1502.1092747850587,8.02547
1386.8932764497413,8.02547
1493.2722535086466,8.02547
1392.5338960567137,8.02547
1421.7646077498007,8.02547
1585.316530641319,8.02547
1524.7480547640105,8.02547
1499.0335578686652,8.02547
1587.8963973070652,8.02547
1548.0608593347347,8.02547
1644.6563291251368,8.02547
1454.014073768486,8.02547
1457.0365021472492,8.02547
1369.8890733608655,8.02547
1457.101928262758,8.02547
1596.4769894302447,8.02547
1629.9987372262135,8.02547
1596.0305168086668,8.02547
1320.5808133450564,8.02547
1608.3145212660734,8.02547
1316.148137672793,8.02547
1589.8117324122347,8.02547
1463.2215473428944,8.02547
1570.2533313933855,8.02547
1366.7551652105435,8.02547
1617.1167632706147,8.02547
1353.502525389511,8.02547
1433.1545089146823,8.02547
1400.1905372230965,8.02547
1324.57151471775,8.02547
1509.4527567588468,8.02547
1680.6089117836962,8.02547
1766.6905222320008,8.02547
1509.715578708625,8.02547
1611.6681275067522,8.02547
1523.2094637928537,8.02547
1549.8883194768214,8.02547
1465.7851348872762,8.02547
1519.5076925422602,8.02547
1553.7478704606428,8.02547
1442.1540271123667,8.02547
1492.2505700107013,8.02547
1494.1569881002513,8.02547
1582.6403317330526,8.02547
1393.396782837232,8.02547
1494.8457791392348,8.02547
1691.2005469052697,8.02547
1616.4060152585937,8.02547
1634.9179048888705,8.02547
1502.4431840178033,8.02547
1532.0997563686024,8.02547
1600.2236166702926,8.02547
1656.0255529530932,8.02547
1304.8397087117114,8.02547
1368.4558692950154,8.02547
1630.9444101402648,8.02547
1472.3110644231197,8.02547
1432.8279210741923,8.02547
1374.5839013004397,8.02547
1444.498329845589,8.02547
1359.7630716576175,8.02547
1709.1094272732478,8.02547
1497.7563948019426,8.02547
1494.2049458237282,8.02547
1558.807667516783,8.02547
1596.2345169266569,8.02547
1594.588815655464,8.02547
1607.3621943907572,8.02547
1436.9154449209143,8.02547
1470.2133195043139,8.02547
1576.9031655442275,8.02547
1447.261093836038,8.02547
1499.4893367972775,8.02547
1539.8763764424814,8.02547
1578.5185082310377,8.02547
1322.23190376298,8.02547
1571.4745649888946,8.02547
1476.6275942148275,8.02547
1570.745771086438,8.02547
1577.6931692354829,8.02547
1660.7915061119156,8.02547
1635.3453647621204,8.02547
1634.6571662610295,8.02547
1644.3670319166238,8.02547
1529.1378984815947,8.02547
1503.218508703684,8.02547
1587.2817083178334,8.02547
1573.2080951433022,8.02547
1469.093376326174,8.02547
1540.4823408808268,8.02547
1496.4903533215406,8.02547
1414.6067091539944,8.02547
1629.046074137635,8.02547
1505.5199242530089,8.02547
1704.870825769885,8.02547
1337.4507729800166,8.02547
1444.3221227156635,8.02547
1503.2638836690871,8.02547
1613.7381097628913,8.02547
1539.9469372602184,8.02547
1531.047275418075,8.02547
1387.2736207445853,8.02547
1384.305860277053,8.02547
1532.2504660289906,8.02547
1363.589400618164,8.02547
1446.812224971067,8.02547
1550.0917329085858,8.02547
1401.7675727723224,8.02547
1660.5355962361807,8.02547
1622.393634423789,8.02547
1342.8580001661699,8.02547
1406.7628756818012,8.02547
1271.422275550505,8.02547
1421.7408637451867,8.02547
1576.63884765724,8.02547
1458.6105057725142,8.02547
1546.0797243615968,8.02547
1347.7665681718256,8.02547
1579.7975254581906,8.02547
1444.489077207165,8.02547
1501.2169682282906,8.02547
1490.7125498606947,8.02547
1372.8451479107716,8.02547
1384.6915668260217,8.02547
1596.7794469003427,8.02547
1539.8992157501696,8.02547
1605.0049041553427,8.02547
1532.4658235502518,8.02547
1514.2990634809216,8.02547
1327.3989381333233,8.02547
1472.963330323883,8.02547
1497.2615679596256,8.02547
1695.3107198272573,8.02547
1568.6956632098677,8.02547
1653.6061181709529,8.02547
1559.7537705894729,8.02547
1428.8696773050522,8.02547
1511.712421614985,8.02547
1523.6223646264234,8.02547
1406.0844430229317,8.02547
1461.5612623407078,8.02547
1479.4233006322827,8.02547
1660.561983256512,8.02547
1291.925947460902,8.02547
1620.5818420716043,8.02547
1406.3204765040616,8.02547
1362.7920812730385,8.02547
1617.9942130038464,8.02547
1573.189806923438,8.02547
1625.451870238119,8.02547
1580.0701947545576,8.02547
1705.9845001737401,8.02547
1555.8723836944484,8.02547
1484.352262387684,8.02547
1534.2926377321342,8.02547
1624.3469128345964,8.02547
1422.0624674739884,8.02547
1434.811141746862,8.02547
1469.1039985402092,8.02547
1289.5417201234668,8.02547
1513.8078408417548,8.02547
1311.3871296048974,8.02547
1505.305931293262,8.02547
1586.528975613525,8.02547
1452.3123539356163,8.02547
1667.7115870186872,8.02547
1353.949910058151,8.02547
1619.1260681631832,8.02547
1567.513705640692,8.02547
1328.396675168931,8.02547
1771.0794299040533,8.02547
1493.6254714496033,8.02547
1412.2515977844369,8.02547
1359.2912805215983,8.02547
1477.9981972340327,8.02547
1487.259312761004,8.02547
1510.2645528539665,8.02547
1470.220384377604,8.02547
1563.3225310115095,8.02547
1461.2370167336753,8.02547
1306.503588275953,8.02547
1485.0638504350359,8.02547
1263.2522346626722,8.02547
1535.377063089139,8.02547
1402.0699769717364,8.02547
1516.33603549158,8.02547
1631.4074981524604,8.02547
1405.1251304732,8.02547
1606.1256258512117,8.02547
1456.6610433313847,8.02547
1675.3194802065586,8.02547
1463.4847386801787,8.02547
1415.9507014493308,8.02547
1568.723845039529,8.02547
1456.4210270376363,8.02547
1415.8550485870992,8.02547
1452.216014929621,8.02547
1495.5393467816998,8.02547
1634.2180131244854,8.02547
1306.5912254540424,8.02547
1502.308065895042,8.02547
1562.4903594654043,8.02547
1519.3448574991796,8.02547
1630.9865169433533,8.02547
1492.5654670241477,8.02547
1481.5448557814054,8.02547
1559.2329547013344,8.02547
1509.931381495135,8.02547
1460.959126171953,8.02547
1551.614403958638,8.02547
1434.7471706783356,8.02547
1438.8822847980673,8.02547
1447.2005978234386,8.02547
1635.3069160166408,8.02547
1177.8983644014286,8.02547
1539.5598834762943,8.02547
1503.4271814200222,8.02547
1331.912954076188,8.02547
1530.9726779136001,8.02547
1547.5751991831532,8.02547
1558.96392313574,8.02547
1234.817193695505,8.02547
1636.6389411854439,8.02547
1426.2263295315158,8.02547
1568.6567746753176,8.02547
1574.1073780682286,8.02547
1412.3302914380706,8.02547
1566.045995235155,8.02547
1461.4506759087642,8.02547
1292.8622820661842,8.02547
1616.774192552778,8.02547
1422.495503698376,8.02547
1414.5506537261945,8.02547
1459.6934131963278,8.02547
1527.2236725327389,8.02547
1494.2729589177898,8.02547
1554.806692470717,8.02547
1366.051063347134,8.02547
1425.7613629569266,8.02547
1488.4002927678466,8.02547
1689.7887292658706,8.02547
1488.6187461586242,8.02547
1608.522226366163,8.02547
1503.8555168784317,8.02547
1451.6341362562432,8.02547
1475.327557588556,8.02547
1483.158028797112,8.02547
1560.3645738960738,8.02547
1637.4611267576554,8.02547
1535.968084768632,8.02547
1618.7077678741755,8.02547
1403.5210262370315,8.02547
1458.536949118597,8.02547
1427.5697465792334,8.02547
1531.4444590874853,8.02547
1464.1041614820585,8.02547
1572.9772937034195,8.02547
1406.899828836756,8.02547
1504.3030973321281,8.02547
1568.6857911012257,8.02547
1293.469722495939,8.02547
1712.1631307330204,8.02547
1471.6848115120124,8.02547
1297.4960086323827,8.02547
1515.8093898576785,8.02547
1503.344346797315,8.02547
1491.8105620427507,8.02547
1599.1191112926667,8.02547
1574.7444971427055,8.02547
1529.7876191023845,8.02547
1545.0155633946647,8.02547
1489.5641550561913,8.02547
1677.5490849240048,8.02547
1352.0803981642234,8.02547
1513.9651674215897,8.02547
1506.502463118878,8.02547
1581.3280406064594,8.02547
1415.61461225751,8.02547
1325.6327397603463,8.02547
1515.6823016098192,8.02547
1528.1230492218604,8.02547
1648.9599409447649,8.02547
1372.9637953674915,8.02547
1615.469376671672,8.02547
1736.7414364027122,8.02547
1462.2235112477522,8.02547
1370.9057780506776,8.02547
1459.3025633626628,8.02547
1501.4004967371382,8.02547
1556.3787875006915,8.02547
1440.8605270161952,8.02547
1655.5198534147341,8.02547
1388.5467684991938,8.02547
1326.07948478272,8.02547
1610.6710424287317,8.02547
1272.53789687938,8.02547
1479.5870231127283,8.02547
1811.7681129208047,8.02547
1498.795644704007,8.02547
1387.923234930375,8.02547
1494.2602536213205,8.02547
1494.9199211380467,8.02547
1516.0649940353117,8.02547
1566.226298215962,8.02547
1396.088883163226,8.02547
1668.7548055236794,8.02547
1524.5114284372619,8.02547
1572.6794046401803,8.02547
1437.1850600244356,8.02547
1628.6382136995533,8.02547
1474.2947591186935,8.02547
1527.755251349353,8.02547
1406.689392281289,8.02547
1400.3068373597873,8.02547
1568.8205306452883,8.02547
1455.6393169792614,8.02547
1414.6176912495623,8.02547
1435.681665797297,8.02547
1569.8953071717422,8.02547
1437.096213879639,8.02547
1488.2345068397835,8.02547
1501.5027750287097,8.02547
1308.26511139897,8.02547
1352.8873594626482,8.02547
1533.6277889247563,8.02547
1426.2970638847303,8.02547
1605.6724911280419,8.02547
1596.6807104250545,8.02547
1571.9168666355438,8.02547
1681.9771787312598,8.02547
1491.6910672256818,8.02547
1564.8881925903838,8.02547
1441.559902340397,8.02547
1745.2369912868724,8.02547
1698.363365243602,8.02547
1501.188043451779,8.02547
1538.6586229905192,8.02547
1635.9297599364807,8.02547
1485.2860495185894,8.02547
1434.3375929200295,8.02547
1587.3989751006882,8.02547
1507.843924608367,8.02547
1518.299444964526,8.02547
1416.5728656932035,8.02547
1328.2327851636603,8.02547
1523.61424098791,8.02547
1590.49620414942,8.02547
1477.4193250923959,8.02547
1643.6429519558867,8.02547
1429.6083674584456,8.02547
1394.529554503408,8.02547
1493.2769692803868,8.02547
1491.740742464871,8.02547
1576.9968731335223,8.02547
1422.5037175936016,8.02547
1636.8094236814898,8.02547
1696.6916962508253,8.02547
1496.0855973031657,8.02547
1624.971042018432,8.02547
1394.350292937474,8.02547
1607.5221541181916,8.02547
1604.7276408559462,8.02547
1586.3437280189878,8.02547
1498.4436911129706,8.02547
1204.575105875797,8.02547
1435.8272856347871,8.02547
1437.4083982315399,8.02547
1402.1745061939523,8.02547
1512.2243004547067,8.02547
1458.1036554478765,8.02547
1417.5387990234979,8.02547
1394.119985175218,8.02547
1428.448701451477,8.02547
1612.1499211849928,8.02547
1433.8974945372506,8.02547
1448.5061293566728,8.02547
1454.3302384976753,8.02547
1533.8993513809419,8.02547
1545.6249488528533,8.02547
1195.5343460756837,8.02547
1602.1635213827608,8.02547
1643.6368034243753,8.02547
1394.981346263833,8.02547
1402.7701755265166,8.02547
1454.974661222173,8.02547
1424.3995980543395,8.02547
1522.3926873946607,8.02547
1305.3474713641135,8.02547
1388.207239196326,8.02547
1653.9197200174908,8.02547
1407.1780032651982,8.02547
1624.3428278102924,8.02547
1535.5338195590136,8.02547
1319.073228541174,8.02547
1563.5329195216207,8.02547
1488.2332697807146,8.02547
1454.453294375026,8.02547
1524.4957093172004,8.02547
1547.4633485566792,8.02547
1570.759182197462,8.02547
1617.8252847548001,8.02547
1540.8135912778357,8.02547
1362.4365911213638,8.02547
1452.6354542348809,8.02547
1794.3048335268622,8.02547
1572.4491060381727,8.02547
1736.9287300811498,8.02547
1639.5434082199185,8.02547
1524.1802071555749,8.02547
1530.1407069781117,8.02547
1496.3419960123153,8.02547
1326.2195384153501,8.02547
1501.8047252468225,8.02547
1621.0674552542198,8.02547
1440.0360005178795,8.02547
1541.195299906181,8.02547
1585.1591045893197,8.02547
1409.0319560687524,8.02547
1454.8697135656334,8.02547
1398.2088509522841,8.02547
1417.7834393310593,8.02547
1371.239471634694,8.02547
1409.9551538621972,8.02547
1641.945568079784,8.02547
1408.4522970909707,8.02547
1512.645921906069,8.02547
1449.7131246329045,8.02547
1617.886593703694,8.02547
1631.1162296603616,8.02547
1586.4069982138947,8.02547
1530.6134553102756,8.02547
1476.8940463159101,8.02547
1380.812529580875,8.02547
1694.3528881122197,8.02547
1424.0326982247448,8.02547
1566.364634703284,8.02547
1605.9565572623396,8.02547
1444.471950309467,8.02547
1603.8012527315962,8.02547
1576.4213203338854,8.02547
1672.7963835381765,8.02547
1453.0653533573288,8.02547
1371.4135982720286,8.02547
1449.4510244555488,8.02547
1520.8853542534332,8.02547
1505.8212727085056,8.02547
1460.656210372545,8.02547
1309.0802541022758,8.02547
1547.0482996129106,8.02547
1697.23444790822,8.02547
1546.4251238123004,8.02547
1560.9135519053514,8.02547
1557.2445306155103,8.02547
1539.70466698824,8.02547
1593.1665966868095,8.02547
1539.5373681185665,8.02547
1468.7322830346725,8.02547
1420.4011089991245,8.02547
1475.1026344719326,8.02547
1531.4129496450666,8.02547
1468.3917038877028,8.02547
1531.433868313143,8.02547
1543.9150133700418,8.02547
1583.3179431270182,8.02547
1628.279496883898,8.02547
1507.8007418478858,8.02547
1369.222343485234,8.02547
1465.489590318081,8.02547
1504.40625674066,8.02547
1316.423124382291,8.02547
1638.8664520102482,8.02547
1514.2377912510467,8.02547
1538.1352834580284,8.02547
1636.5526462526266,8.02547
1436.9857169857653,8.02547
1557.404193088403,8.02547
1489.0135876898064,8.02547
1481.591313298408,8.02547
1422.780761219562,8.02547
1666.5603213686527,8.02547
1462.4499959924428,8.02547
1569.9464246895702,8.02547
1312.4992612528063,8.02547
1617.9988529689786,8.02547
1605.221115595706,8.02547
1509.7434110297304,8.02547
1477.3057533862075,8.02547
1540.0000005613567,8.02547
1728.879066088029,8.02547
1323.6763301096514,8.02547
1578.2027387574128,8.02547
1408.8382697846098,8.02547
1498.0081603700269,8.02547
1475.2119880921337,8.02547
1457.1681742202245,8.02547
1498.953487094727,8.02547
1386.582885472221,8.02547
1602.9180436127967,8.02547
1320.58564888014,8.02547
1553.9764512828342,8.02547
1467.346414746543,8.02547
1382.9075106192547,8.02547
1520.2383370598695,8.02547
1344.3048913293521,8.02547
1503.9713821719636,8.02547
1357.7123092188444,8.02547
1546.1272084317832,8.02547
1407.5642666369624,8.02547
1454.900598297069,8.02547
1529.3949387943162,8.02547
1422.7457888157765,8.02547
1494.2036000331698,8.02547
1348.6169498755146,8.02547
1563.0875603596155,8.02547
1676.491380555077,8.02547
1779.2208867909962,8.02547
1509.116814666644,8.02547
1578.8204140797186,8.02547
1321.937432709251,8.02547
1650.2734326305588,8.02547
1577.6228504724106,8.02547
1451.6066555048767,8.02547
1623.7180800289009,8.02547
1474.5523923354658,8.02547
1454.1974816985444,8.02547
1547.5334925427492,8.02547
1393.6645500169682,8.02547
1602.1624764399949,8.02547
1394.4010188073157,8.02547
1394.9945210176813,8.02547
1409.0310211591666,8.02547
1575.9500037516123,8.02547
1438.3224638480292,8.02547
1365.200421563283,8.02547
1439.4320000064201,8.02547
1496.7957629319512,8.02547
1381.9027516335614,8.02547
1384.8318890965656,8.02547
1711.1296334099584,8.02547
1413.9434596186113,8.02547
1467.6957631226994,8.02547
1463.2762999200713,8.02547
1457.8643192229558,8.02547
1562.1346739969101,8.02547
1594.814295047205,8.02547
1469.4045568468407,8.02547
1376.3521713407652,8.02547
1627.4440227848904,8.02547
1490.4658908803317,8.02547
1673.0321814857168,8.02547
1275.4414102434837,8.02547
1519.540322128332,8.02547
1691.8606333876207,8.02547
1464.6735864561842,8.02547
1477.4506576665365,8.02547
1529.5511691590339,8.02547
1444.1204181115043,8.02547
1468.7928067947266,8.02547
1466.2184905808597,8.02547
1437.2579265573627,8.02547
1622.885655020056,8.02547
1546.1078032296434,8.02547
1525.0628232103302,8.02547
1580.8571006890118,8.02547
1473.5644166796533,8.02547
1422.57961816471,8.02547
1439.7375695385442,8.02547
1500.1783041104609,8.02547
1394.0788291627098,8.02547
1449.9738983413324,8.02547
1448.3883358128564,8.02547
1712.4556229829013,8.02547
1222.6185060066084,8.02547
1482.0380278594366,8.02547
1672.569379281477,8.02547
1512.1844464132455,8.02547
1575.3417473421093,8.02547
1509.9826315099767,8.02547
1433.266661878352,8.02547
1275.8084065491087,8.02547
1520.5455687036304,8.02547
1422.4393395397608,8.02547
1419.9664593834696,8.02547
1450.1012744020888,8.02547
1674.4861406623493,8.02547
1740.4837542253972,8.02547
1521.72079375284,8.02547
1453.5232776088271,8.02547
1382.277358254879,8.02547
1546.8540161546068,8.02547
1678.2905600065144,8.02547
1475.2659612974844,8.02547
1262.1003959246775,8.02547
1567.0049671815523,8.02547
1598.539971145005,8.02547
1341.4154359614154,8.02547
1517.6484183662953,8.02547
1545.12260161361,8.02547
1492.6892697991061,8.02547
1420.9229080914647,8.02547
1601.5937223563556,8.02547
1459.6620254031318,8.02547
1351.4813837300069,8.02547
1295.052551433032,8.02547
1626.084951999931,8.02547
1561.6663976471118,8.02547
1508.7973547129168,8.02547
1455.9725363149196,8.02547
1447.1001585796873,8.02547
1392.4263351558388,8.02547
1456.8544355440115,8.02547
1287.9912784879825,8.02547
1426.3936346531486,8.02547
1468.9062483648906,8.02547
1560.9880047190418,8.02547
1496.0073536626637,8.02547
1579.492311387556,8.02547
1634.913510511343,8.02547
1605.81700938241,8.02547
1547.0509847378557,8.02547
1501.1862679180783,8.02547
1401.9211991586442,8.02547
1573.9944051379316,8.02547
1667.9747382221528,8.02547
1534.2106039650419,8.02547
1691.7259148426124,8.02547
1347.4428291938916,8.02547
1384.5836615220458,8.02547
1585.5201507748263,8.02547
1526.4290210153251,8.02547
1631.3782176571808,8.02547
1498.452835927326,8.02547
1413.2024577471668,8.02547
1478.6406757794957,8.02547
1346.7316029076267,8.02547
1387.1409326902965,8.02547
1597.244399791801,8.02547
1587.278741446961,8.02547
1536.3004284806077,8.02547
1327.8922479039531,8.02547
1464.159642448711,8.02547
1377.500011133995,8.02547
1617.6533253787766,8.02547
1441.62778664374,8.02547
1391.425228921845,8.02547
1502.9796165121425,8.02547
1435.9845543165388,8.02547
1648.3743910203707,8.02547
1426.5189102465808,8.02547
1360.077174077537,8.02547
1284.7086484242484,8.02547
1496.9213497586584,8.02547
1443.8069886142073,8.02547
1357.1095393488274,8.02547
1618.9226461255785,8.02547
1566.7245147429242,8.02547
1497.178212106277,8.02547
1636.4326244170866,8.02547
1566.2536033398612,8.02547
1417.7144098481567,8.02547
1396.0779836009233,8.02547
1581.7981544453862,8.02547
1539.636695646735,8.02547
1516.9747767970662,8.02547
1415.3502197131093,8.02547
1560.7947567005754,8.02547
1424.4501116866052,8.02547
1489.8013345406323,8.02547
1644.694414638698,8.02547
1433.9165764189854,8.02547
1342.7010742927139,8.02547
1394.745280812989,8.02547
1599.4298826687623,8.02547
1525.4731137380209,8.02547
1487.1122621311247,8.02547
1449.090619468843,8.02547
1548.535990755319,8.02547
1415.0895149009777,8.02547
1530.5665568642596,8.02547
1426.8745431187044,8.02547
1410.2340614724947,8.02547
1436.2512565174989,8.02547
1462.4592553516038,8.02547
1495.1170164066298,8.02547
1523.5455795111113,8.02547
1131.1634708571555,8.02547
1419.2349442253235,8.02547
1460.843002264396,8.02547
1650.506203860833,8.02547
1391.9997391617867,8.02547
1516.2796618099912,8.02547
1649.5030309735837,8.02547
1368.7031470052727,8.02547
1539.3975225864403,8.02547
1419.772816606548,8.02547
1449.5366257710766,8.02547
1419.6889166046685,8.02547
1426.8142691584114,8.02547
1772.1912147906492,8.02547
1584.4455872071667,8.02547
1610.173786178621,8.02547
1549.1993486836495,8.02547
1339.3743211598041,8.02547
1539.4957970323308,8.02547
1607.2929614507348,8.02547
1414.660052596089,8.02547
1596.5326667161125,8.02547
1570.433620985408,8.02547
1685.204004481367,8.02547
1458.2216987486381,8.02547
1390.2389017724274,8.02547
1463.8371890627454,8.02547
1643.5570993163624,8.02547
1317.1594119158037,8.02547
1293.1624284568968,8.02547
1508.9395278931613,8.02547
1455.7410707225845,8.02547
1500.7727893175684,8.02547
1594.5311771235865,8.02547
1444.7430653881147,8.02547
1312.699416906938,8.02547
1704.4481557199945,8.02547
1400.2771712561223,8.02547
1394.0962877987902,8.02547
1610.3720013722595,8.02547
1461.5510878958482,8.02547
1493.6610147965189,8.02547
1548.2790124060318,8.02547
1608.3583103109995,8.02547
1466.6539306818229,8.02547
1651.99520059143,8.02547
1286.4200151265195,8.02547
1575.9787236953077,8.02547
1416.0472441982342,8.02547
1637.2271316607992,8.02547
1514.2044478830546,8.02547
1432.7094667990598,8.02547
1566.2841093021632,8.02547
1589.3188347207251,8.02547
1564.189412285864,8.02547
1397.030376036694,8.02547
1451.5982876377916,8.02547
1499.5927162878565,8.02547
1495.874034734994,8.02547
1574.974547543835,8.02547
1298.5098767493391,8.02547
1533.4327054553503,8.02547
1471.001864556336,8.02547
1416.1499383616049,8.02547
1425.75132222304,8.02547
1478.5462335482036,8.02547
1139.8914895540483,8.02547
1429.871042920845,8.02547
1412.4185175353707,8.02547
1553.2783209322624,8.02547
1419.447331748948,8.02547
1478.488619982951,8.02547
1654.2276627661302,8.02547
1599.4351519815423,8.02547
1590.2271399943452,8.02547
1450.012756958915,8.02547
1554.3032279289653,8.02547
1476.6102199546406,8.02547
1480.3906789323062,8.02547
1540.968534374655,8.02547
1440.3006411579067,8.02547
1649.3003104443203,8.02547
1483.9869860402064,8.02547
1561.8360566259664,8.02547
1645.5600479257298,8.02547
1603.1653774575175,8.02547
1359.1080897309475,8.02547
1544.4895895009884,8.02547
1585.0719394460648,8.02547
1589.1863022160749,8.02547
1388.6705165885369,8.02547
1434.2964762982676,8.02547
1599.4558235741622,8.02547
1423.8239629317354,8.02547
1470.0303943335687,8.02547
1657.587580950197,8.02547
1495.220074961521,8.02547
1427.3225862166157,8.02547
1412.2382643137096,8.02547
1533.2719329585188,8.02547
1366.685199152279,8.02547
1475.266403610358,8.02547
1533.323053499002,8.02547
1629.9149820547668,8.02547
1566.7548080369995,8.02547
1428.593488201782,8.02547
1617.841931756372,8.02547
1470.0484962452522,8.02547
1376.4296977950592,8.02547
1482.7958640734528,8.02547
1643.8169201145702,8.02547
1516.5240050064924,8.02547
1501.2521864329785,8.02547
1663.7211644702852,8.02547
1356.8645152945573,8.02547
1371.4400885947227,8.02547
1338.4153529033167,8.02547
1537.2648186480055,8.02547
1516.6493127115125,8.02547
1654.2736367279776,8.02547
1524.347507713677,8.02547
1459.5842840520697,8.02547
1500.1794872878106,8.02547
1511.770741846096,8.02547
1332.8238726671834,8.02547
1771.0331644334892,8.02547
1551.9871018101912,8.02547
1521.0008308022589,8.02547
1561.5163984278581,8.02547
1570.9410980586606,8.02547
1485.9446514497567,8.02547
1436.87588637593,8.02547
1559.9450686321704,8.02547
1538.5710840531453,8.02547
1419.0109900910593,8.02547
1641.9035611367265,8.02547
1529.3352036322983,8.02547
1572.981936226763,8.02547
1639.192088767992,8.02547
1502.1888821164835,8.02547
1531.6952006984116,8.02547
1581.0027238506116,8.02547
1427.5138916199949,8.02547
1505.4051662846,8.02547
1512.5548586651148,8.02547
1404.3941448316605,8.02547
1731.7636788673879,8.02547
1359.2706556507596,8.02547
1370.1896096312842,8.02547
1631.4226575703578,8.02547
1571.3266250796541,8.02547
1397.4035182519222,8.02547
1560.7289015101692,8.02547
1646.785044499731,8.02547
1496.9736942403015,8.02547
1759.8822900074583,8.02547
1327.5938189131964,8.02547
1569.3823453859102,8.02547
1616.6528336221004,8.02547
1589.1343901605246,8.02547
1479.564427335435,8.02547
1470.955851798885,8.02547
1544.4145171087257,8.02547
1581.575448665207,8.02547
1560.2473436282364,8.02547
1604.005789079339,8.02547
1398.1130042933264,8.02547
1477.2229020876366,8.02547
1405.9984067876246,8.02547
1461.3887223913857,8.02547
1601.5220891814306,8.02547
1510.7983920725228,8.02547
1760.685916314977,8.02547
1519.3406367189716,8.02547
1505.9691880579737,8.02547
1510.6182919440216,8.02547
1436.2191307140065,8.02547
1494.2163387622406,8.02547
1612.7788027111646,8.02547
1511.3970668127772,8.02547
1420.654027011653,8.02547
1407.4915379521365,8.02547
1454.9798108334157,8.02547
1507.386343441088,8.02547
1619.358653547626,8.02547
1365.9511358633563,8.02547
1468.0173722111244,8.02547
1514.431001943508,8.02547
1316.6294232370565,8.02547
1416.6401717033593,8.02547
1432.0111460263813,8.02547
1420.4029626149502,8.02547
1519.1889545021647,8.02547
1483.9440390498203,8.02547
1444.4713897398963,8.02547
1542.7962626552635,8.02547
1672.307471764625,8.02547
1663.9256516741752,8.02547
1307.7228227937665,8.02547
1557.707218383514,8.02547
1482.1976709936162,8.02547
1515.5155342865357,8.02547
1460.1716966457452,8.02547
1511.7588629887202,8.02547
1515.1407396072018,8.02547
1442.1048242651077,8.02547
1410.363245217482,8.02547
1455.1304317380516,8.02547
1523.4259264456766,8.02547
1559.8996341684265,8.02547
1585.3348977340147,8.02547
1450.5809976933087,8.02547
1528.3844567302738,8.02547
1596.2502591953298,8.02547
1616.559489514413,8.02547
1494.1167145868478,8.02547
1477.9068275060388,8.02547
1519.1124233836392,8.02547
1385.0292527102595,8.02547
1480.6390488964491,8.02547
1574.458639847313,8.02547
1564.1947129443702,8.02547
1472.973239563611,8.02547
1521.7718201087166,8.02547
1417.5349659709314,8.02547
1570.3492148225025,8.02547
1492.2178563863527,8.02547
1472.4048548303863,8.02547
1463.8276163906614,8.02547
1493.7106133100142,8.02547
1455.212235506804,8.02547
1565.8143036002564,8.02547
1460.471645198382,8.02547
1659.296409602738,8.02547
1646.521050348138,8.02547
1410.8456510145495,8.02547
1506.970426942928,8.02547
1434.9343378663805,8.02547
1467.3352436811388,8.02547
1700.2427467644798,8.02547
1469.2428582884202,8.02547
1536.022603707743,8.02547
1554.1321294008278,8.02547
1399.937062751676,8.02547
1414.4904525590796,8.02547
1379.397762859188,8.02547
1411.4029266102223,8.02547
1214.996989068282,8.02547
1554.458240079363,8.02547
1705.419384125607,8.02547
1514.7820739036526,8.02547
1358.3731140659393,8.02547
1435.7223617100053,8.02547
1454.1123154975003,8.02547
1398.2415222786624,8.02547
1586.0182638395156,8.02547
1581.0260044375334,8.02547
1384.454820618234,8.02547
1572.5081044447509,8.02547
1652.6812663577266,8.02547
1690.255820522956,8.02547
1786.5212023085962,8.02547
1409.8007350556802,8.02547
1782.4220426395204,8.02547
1464.5793611491213,8.02547
1440.7534544619486,8.02547
1532.7072374877846,8.02547
1441.7938665906988,8.02547
1539.9044140646527,8.02547
1367.9922812262698,8.02547
1476.1247397936565,8.02547
1628.558223436168,8.02547
1494.2938708568845,8.02547
1514.1595786739883,8.02547
1547.5258604717312,8.02547
1617.066162931766,8.02547
1334.4775287810567,8.02547
1558.4524051837434,8.02547
1473.1860860758236,8.02547
1516.6637895311837,8.02547
1605.9950169762376,8.02547
1380.5813348588156,8.02547
1398.735555855691,8.02547
1306.4570040286194,8.02547
1445.0841058236224,8.02547
1633.0432344378817,8.02547
1487.9412811526531,8.02547
1365.9875104345215,8.02547
1451.4321255424952,8.02547
1351.2138296509377,8.02547
1387.4813898268837,8.02547
1538.8818910263712,8.02547
1382.612667369397,8.02547
1611.26343052033,8.02547
1492.8879709169664,8.02547
1508.5594703944525,8.02547
1472.1627032392105,8.02547
1577.2847838543723,8.02547
1578.315988777701,8.02547
1533.5054351912172,8.02547
1556.4789105907648,8.02547
1478.7910330079574,8.02547
1554.2203006909049,8.02547
1466.2122224526192,8.02547
1500.22316221624,8.02547
1472.5356250633702,8.02547
1454.2781460680803,8.02547
1431.088820227821,8.02547
1546.7690103858886,8.02547
1631.0605912813462,8.02547
1617.110197166956,8.02547
1374.3434664054564,8.02547
1628.9203051406873,8.02547
1468.184149838207,8.02547
1560.0733015145593,8.02547
1409.3784667952789,8.02547
1514.1979913874006,8.02547
1531.3723182896906,8.02547
1351.5395208080347,8.02547
1560.826716634419,8.02547
1634.5935007838316,8.02547
1482.5352054318373,8.02547
1636.0168130828013,8.02547
1481.0306506547593,8.02547
1584.9584531046617,8.02547
1278.1430034048901,8.02547
1741.8777779313464,8.02547
1649.5458245242958,8.02547
1471.537449574632,8.02547
1302.7910973356181,8.02547
1528.8028368305488,8.02547
1355.6074452926243,8.02547
1544.4853537557487,8.02547
1541.1565719164282,8.02547
1405.8596830997976,8.02547
1612.0967023614378,8.02547
1580.5574702806173,8.02547
1597.5823337288564,8.02547
1500.8857703668896,8.02547
1358.4475933086294,8.02547
1597.7872272211137,8.02547
1472.962860086421,8.02547
1361.021985680733,8.02547
1635.2039365974326,8.02547
1709.940752050251,8.02547
1495.8751871020797,8.02547
1715.9121154603292,8.02547
1509.1314728611349,8.02547
1461.9544095833648,8.02547
1436.9541545814523,8.02547
1663.7082407992743,8.02547
1421.9856118612229,8.02547
1573.5269309974988,8.02547
1444.0836164940793,8.02547
1453.9693237425636,8.02547
1603.0249693969567,8.02547
1461.9963153710646,8.02547
1459.5204620579707,8.02547
1613.2804697174806,8.02547
1659.7397293221622,8.02547
1564.4689803284234,8.02547
1434.523022437605,8.02547
1448.939150070242,8.02547
1507.9915263740038,8.02547
1532.0930061925658,8.02547
1401.2134089860228,8.02547
1572.3037939579863,8.02547
1508.5513329639598,8.02547
1328.429168136187,8.02547
1407.1073517539269,8.02547
1449.5871326348336,8.02547
1492.7142311158946,8.02547
1688.9278795503997,8.02547
1523.8171306139627,8.02547
1415.9228110101376,8.02547
1522.0630804307164,8.02547
1464.7912252546118,8.02547
1532.4758239533542,8.02547
1558.0567687035614,8.02547
1620.9230647223937,8.02547
1497.5713504329974,8.02547
1663.8960527599834,8.02547
1590.802266253619,8.02547
1429.2560455187813,8.02547
1720.9855665748464,8.02547
1532.6994513270097,8.02547
1416.4875496027764,8.02547
1665.291305123042,8.02547
1707.7777585198444,8.02547
1496.697473628044,8.02547
1449.6349739624404,8.02547
1482.7625042546338,8.02547
1571.4731727517699,8.02547
1627.7856655030514,8.02547
1557.0487330863573,8.02547
1510.172320847177,8.02547
1649.8011770304427,8.02547
1468.7163526948477,8.02547
1603.0919338366907,8.02547
1471.193720164872,8.02547
1543.1022958010892,8.02547
1488.6437435209548,8.02547
1494.4147817347189,8.02547
1462.261348253779,8.02547
1634.4854031180694,8.02547
1426.7073961891465,8.02547
1425.9767747451292,8.02547
1712.099356584511,8.02547
1597.7847564654332,8.02547
1261.4886301306965,8.02547
1443.4741260789597,8.02547
1318.8010662437946,8.02547
1404.9309306584744,8.02547
1186.148533376596,8.02547
1486.3010422306058,8.02547
1385.8058180838689,8.02547
1505.990525679644,8.02547
1337.4878741117475,8.02547
1508.291185317204,8.02547
1458.5083721879673,8.02547
1650.1952965188595,8.02547
1641.1356861745626,8.02547
1578.5345603010283,8.02547
1467.3386219338788,8.02547
1698.5380395260293,8.02547
1344.6964722160178,8.02547
1359.6441370436337,8.02547
1491.6216900110935,8.02547
1725.403810892112,8.02547
1479.7661093129911,8.02547
1481.6754756790717,8.02547
1355.808964388819,8.02547
1594.5929585270378,8.02547
1595.3176254329353,8.02547
1578.907520139991,8.02547
1437.0779327152638,8.02547
1429.3293231626994,8.02547
1370.687774959503,8.02547
1508.3872501760934,8.02547
1391.95926707215,8.02547
1382.258349475071,8.02547
1457.6309283089324,8.02547
1451.0843824815784,8.02547
1446.2021471178045,8.02547
1546.644459684026,8.02547
1507.9047802150278,8.02547
1471.1843969488882,8.02547
1518.3012928311482,8.02547
1400.8472958895368,8.02547
1510.5278623909678,8.02547
1515.0602492844635,8.02547
1349.695314064252,8.02547
1599.5693754370361,8.02547
1411.8566294773004,8.02547
1509.0309799206434,8.02547
1616.441174053527,8.02547
1592.567675771387,8.02547
1503.4333388568834,8.02547
1463.7500997117932,8.02547
1594.7511908575568,8.02547
1567.469497780862,8.02547
1438.163497995587,8.02547
1420.510635299831,8.02547
1292.7644818304002,8.02547
1515.4031841683588,8.02547
1491.73022549816,8.02547
1613.6191374642542,8.02547
1535.9055093480367,8.02547
1633.422919417269,8.02547
1430.263577208383,8.02547
1613.815033096762,8.02547
1447.1083620895345,8.02547
1577.7596061792271,8.02547
1354.1241607469306,8.02547
1523.5135299366189,8.02547
1301.531205855409,8.02547
1473.2862514058245,8.02547
1544.0353993877914,8.02547
1447.9031448768903,8.02547
1394.9562371244033,8.02547
1584.6118469295934,8.02547
1489.6537210153076,8.02547
1451.042935296933,8.02547
1504.1895921154276,8.02547
1763.6669141945588,8.02547
1615.3502849781544,8.02547
1616.257366818784,8.02547
1543.5546318992365,8.02547
1516.6485272577147,8.02547
1260.3917711669583,8.02547
1432.1019653536869,8.02547
1451.9425586797524,8.02547
1312.5107935952467,8.02547
1384.2584209784566,8.02547
1301.9163529077366,8.02547
1496.1676164302628,8.02547
1581.8765970848817,8.02547
1610.677451862433,8.02547
1541.4784462079242,8.02547
1403.6603658801432,8.02547
1306.7934841480042,8.02547
1324.3131300598498,8.02547
1373.1017422745501,8.02547
1411.1140301964326,8.02547
1484.0251502008414,8.02547
1398.5835781873031,8.02547
1533.8975893668262,8.02547
1476.7726497200526,8.02547
1501.0545711741026,8.02547
1614.0250552671205,8.02547
1381.976826579963,8.02547
1541.8704578292368,8.02547
1498.6026771523927,8.02547
1466.6513719030304,8.02547
1588.525632086596,8.02547
1587.9014154557008,8.02547
1405.3509204011573,8.02547
1481.7839416142076,8.02547
1528.1211682584064,8.02547
1472.6993251977415,8.02547
1558.5021332287797,8.02547
1528.1192017910275,8.02547
1683.2561240356013,8.02547
1346.9720864070212,8.02547
1487.7564010252602,8.02547
1409.149748848781,8.02547
1560.4107455439043,8.02547
1338.2828109954455,8.02547
1534.6312710224886,8.02547
1436.9951568651659,8.02547
1426.5838133878985,8.02547
1355.3501796459313,8.02547
1453.4924053798993,8.02547
1608.4500530290925,8.02547
1497.481131647052,8.02547
1562.7680417874474,8.02547
1666.4641821966275,8.02547
1526.3755584822575,8.02547
1444.1200427937658,8.02547
1546.7252215182789,8.02547
1445.570385368571,8.02547
1449.5577316702831,8.02547
1348.0107200381015,8.02547
1592.6257491084393,8.02547
1461.3997424350562,8.02547
1518.2098245815862,8.02547
1396.403807139336,8.02547
1543.5947629715472,8.02547
1423.8058761864916,8.02547
1485.8291278298175,8.02547
1587.7826031239126,8.02547
1579.0759312232528,8.02547
1497.796992748306,8.02547
1323.186896729328,8.02547
1799.2810570060642,8.02547
1674.5858970273136,8.02547
1572.26748248883,8.02547
1424.6796218409029,8.02547
1488.6407838298035,8.02547
1445.6579570223482,8.02547
1626.3855939096388,8.02547
1526.2502890851833,8.02547
1421.5836141640168,8.02547
1452.924490087522,8.02547
1612.1188142569904,8.02547
1660.009784682048,8.02547
1652.8331563486245,8.02547
1575.7032065053977,8.02547
1474.7375131197364,8.02547
1175.848617467088,8.02547
1529.7160023808221,8.02547
1499.8171241155899,8.02547
1513.9982096321353,8.02547
1505.3897347033205,8.02547
1367.3737838050843,8.02547
1555.7408556851185,8.02547
1563.221631403185,8.02547
1568.233878205966,8.02547
1594.6577003573386,8.02547
1560.4051644921624,8.02547
1458.997058846109,8.02547
1492.9163152083909,8.02547
1509.1124867253377,8.02547
1510.769944910662,8.02547
1599.821765597173,8.02547
1564.3668753022491,8.02547
1707.7343439569954,8.02547
1720.6468979884671,8.02547
1507.9649582613924,8.02547
1116.3344451540631,8.02547
1623.6832466127266,8.02547
1445.9623661012945,8.02547
1419.8516078168993,8.02547
1460.1554725010633,8.02547
1455.3356953185394,8.02547
1561.2269810105392,8.02547
1344.0564220873775,8.02547
1392.22792542084,8.02547
1534.3158554197416,8.02547
1562.2944030413307,8.02547
1564.1541644936012,8.02547
1421.29637210667,8.02547
1402.173435073376,8.02547
1449.3365166212081,8.02547
1523.9872752284725,8.02547
1648.5477369272548,8.02547
1295.256281422925,8.02547
1477.9271243041633,8.02547
1366.7321558974795,8.02547
1334.775732264651,8.02547
1596.6956645344817,8.02547
1554.462457449934,8.02547
1544.9433515947262,8.02547
1592.1025839730994,8.02547
1452.0281103233865,8.02547
1456.7362483666473,8.02547
1718.5730616722574,8.02547
1475.3428945740425,8.02547
1573.5132113054092,8.02547
1500.6381540963314,8.02547
1315.1741469921585,8.02547
1295.537099619873,8.02547
1442.1015780060095,8.02547
1605.6101251669988,8.02547
1578.8291656636004,8.02547
1591.4077164224034,8.02547
1401.2953821063684,8.02547
1661.5872490122313,8.02547
1403.5106699813616,8.02547
1521.2824398669968,8.02547
1498.9647710092263,8.02547
1482.6126179685414,8.02547
1633.8592138295608,8.02547
1429.488947983404,8.02547
1365.0394744288071,8.02547
1501.999548620642,8.02547
1460.0173265713474,8.02547
1837.7382919082647,8.02547
1567.6507476439974,8.02547
1459.0659424781375,8.02547
1394.3888430812913,8.02547
1311.9711589431215,8.02547
1397.4780914262567,8.02547
1511.4941771759131,8.02547
1642.732865159477,8.02547
1612.1689142387918,8.02547
1522.909483164638,8.02547
1467.6832334297515,8.02547
1526.8812356412154,8.02547
1448.1362002515425,8.02547
1671.8363995763875,8.02547
1481.080981872492,8.02547
1491.3662141753273,8.02547
1278.4177574979333,8.02547
1480.4565153477236,8.02547
1583.6484137964942,8.02547
1393.2277422961454,8.02547
1424.9279665507188,8.02547
1579.2711017733664,8.02547
1352.3342776481948,8.02547
1605.7801007541918,8.02547
1446.7856109826898,8.02547
1461.1431779508798,8.02547
1387.6121594874405,8.02547
1537.8046260427884,8.02547
1745.987198502938,8.02547
1578.1497239460632,8.02547
1413.5714738059464,8.02547
1613.5620585491477,8.02547
1468.3320454065752,8.02547
1637.4484981427559,8.02547
1580.6676402164362,8.02547
1205.6858434528267,8.02547
1399.5920367044973,8.02547
1594.438522283539,8.02547
1515.1657272145017,8.02547
1397.624405229215,8.02547
1436.6410484506187,8.02547
1309.376337991062,8.02547
1491.1626712473603,8.02547
1721.0689726015764,8.02547
1580.4933390732326,8.02547
1719.0417001188423,8.02547
1588.2397089789981,8.02547
1602.747934335269,8.02547
1697.4078687745023,8.02547
1537.7263259342226,8.02547
1481.277267849312,8.02547
1603.2657516622012,8.02547
1645.3840237121885,8.02547
1452.003535728779,8.02547
1427.843091765997,8.02547
1513.885603243088,8.02547
1583.1498866931663,8.02547
1579.809104866156,8.02547
1357.58323998124,8.02547
1691.1606067063321,8.02547
1435.883507060315,8.02547
1473.493500311142,8.02547
1409.7345640012181,8.02547
1769.8328835937086,8.02547
1524.2070670287967,8.02547
1414.9024919318435,8.02547
1586.3923549962446,8.02547
1576.9135779310034,8.02547
1481.2272976420115,8.02547
1584.0606712783383,8.02547
1417.4708039169136,8.02547
1450.7081725050748,8.02547
1298.9783345433937,8.02547
1367.6048915780436,8.02547
1680.7630805670685,8.02547
1664.1428627722314,8.02547
1506.5788648648963,8.02547
1666.2931447189837,8.02547
1483.9925513391695,8.02547
1475.6589697432091,8.02547
1505.6510648465555,8.02547
1487.5078404676435,8.02547
1478.480367643982,8.02547
1614.3398107149553,8.02547
1515.0135653956204,8.02547
1571.2481764433805,8.02547
1603.1380525277332,8.02547
1538.8185795654733,8.02547
1402.9728674091762,8.02547
1364.7134111035962,8.02547
1514.8780634807306,8.02547
1482.8743695175065,8.02547
1508.739142892012,8.02547
1498.3945960751414,8.02547
1758.3573660166567,8.02547
1366.9773744358663,8.02547
1301.0053730178875,8.02547
1533.2376833519609,8.02547
1462.3577445411804,8.02547
1531.6067869729952,8.02547
1558.3883022284,8.02547
1628.4104695178899,8.02547
1349.2774179616063,8.02547
1444.3282102142837,8.02547
1542.8761258880763,8.02547
1577.0463595687227,8.02547
1719.3449550288385,8.02547
1595.5703971113867,8.02547
1494.3211404113722,8.02547
1410.9564247057338,8.02547
1443.5710147280981,8.02547
1440.7297177042894,8.02547
1565.523362851376,8.02547
1525.699744558583,8.02547
1367.6350429157822,8.02547
1456.4098530909566,8.02547
1587.754755345142,8.02547
1535.166235497406,8.02547
1556.864461601277,8.02547
1538.2921710057262,8.02547
1662.643073460886,8.02547
1523.604306382437,8.02547
1461.3977202129302,8.02547
1408.4244958866439,8.02547
1524.9609458209711,8.02547
1255.9295985224917,8.02547
1481.5710998167287,8.02547
1479.4160140078657,8.02547
1363.552914638272,8.02547
1407.1734161344004,8.02547
1580.965753014824,8.02547
1523.0711749074962,8.02547
1510.1788333707327,8.02547
1530.6347533932023,8.02547
1509.2627587948923,8.02547
1624.2862562858315,8.02547
1512.3429181703648,8.02547
1354.1786886181249,8.02547
1663.0129964874411,8.02547
1537.0340267328845,8.02547
1441.0746269204933,8.02547
1374.6598281704983,8.02547
1539.5914220958045,8.02547
1488.2827995025625,8.02547
1657.4146786032409,8.02547
1465.4092719333173,8.02547
1416.2619210317532,8.02547
1589.5796218235928,8.02547
1592.5281892716832,8.02547
1516.8651367610196,8.02547
1567.6357047674908,8.02547
1496.2312879257763,8.02547
1523.3865101009246,8.02547
1616.4990882563923,8.02547
1562.5318334021504,8.02547
1483.0725561667375,8.02547
1635.236254592615,8.02547
1263.5144627208488,8.02547
1705.2073311421934,8.02547
1329.4040905109264,8.02547
1437.2907175227704,8.02547
1495.908246480493,8.02547
1485.351932927184,8.02547
1600.6411040026555,8.02547
1394.2163381389767,8.02547
1526.0766817483063,8.02547
1442.1787901780247,8.02547
1529.5140979337416,8.02547
1493.5227740202124,8.02547
1509.2935652682977,8.02547
1445.0075167535654,8.02547
1448.9936049903918,8.02547
1528.7272514027427,8.02547
1594.3715505756045,8.02547
1440.1720665802152,8.02547
1413.1232455427091,8.02547
1561.3460165671836,8.02547
1496.749610694231,8.02547
1583.0498133985952,8.02547
1409.4202786628853,8.02547
1322.056107457657,8.02547
1446.6995918173666,8.02547
1423.3647390734984,8.02547
1492.12115999197,8.02547
1436.315478572961,8.02547
1574.1016951336449,8.02547
1471.1849737577484,8.02547
1515.0474498773901,8.02547
1515.7634558440943,8.02547
1519.4955092412188,8.02547
1497.5870889545026,8.02547
1551.0600690410313,8.02547
1420.4344866174192,8.02547
1639.9417926653882,8.02547
1476.3462616631464,8.02547
1368.8450862101317,8.02547
1518.8073356991772,8.02547
1414.8819517552515,8.02547
1566.5334534508875,8.02547
1720.9605576042377,8.02547
1421.342790844215,8.02547
1533.2372333223984,8.02547
1324.4494411295373,8.02547
1545.3905229441348,8.02547
1411.428620020031,8.02547
1437.5165381565519,8.02547
1389.8713510160171,8.02547
1573.2151226054737,8.02547
1600.7304357473263,8.02547
1502.3385214658508,8.02547
1413.557329466428,8.02547
1658.9523036103863,8.02547
1424.9589872245344,8.02547
1283.796770007256,8.02547
1545.8389009957068,8.02547
1389.5225326358484,8.02547
1598.8608793499175,8.02547
1461.8862303326582,8.02547
1560.3713240544196,8.02547
1640.1500346552157,8.02547
1379.1141135379278,8.02547
1443.4062869107595,8.02547
1492.4328927342935,8.02547
1653.7551319034344,8.02547
1434.1617282059556,8.02547
1440.5496304050994,8.02547
1547.8140575555808,8.02547
1442.277127428943,8.02547
1515.2525882897617,8.02547
1344.8462579031873,8.02547
1721.4329942556597,8.02547
1365.2290769690596,8.02547
1467.8247296009793,8.02547
1496.7518964157905,8.02547
1691.2688134356795,8.02547
1367.515421906726,8.02547
1698.3704135478752,8.02547
1575.7176821102023,8.02547
1541.7095324423246,8.02547
1401.5366312982044,8.02547
1557.1141242038075,8.02547
1427.65133775802,8.02547
1626.6661253198413,8.02547
1402.8937970892266,8.02547
1488.6841505543916,8.02547
1444.472691198683,8.02547
1401.2477037573005,8.02547
1574.1319816907915,8.02547
1553.5458747409634,8.02547
1620.9010198900996,8.02547
1322.0124891791834,8.02547
1606.4170702341044,8.02547
1750.5448905356893,8.02547
1454.8358910823054,8.02547
1689.514861210897,8.02547
1473.6838727940174,8.02547
1362.7590262438694,8.02547
1469.4367557593205,8.02547
1604.8203967675277,8.02547
1416.1823517668468,8.02547
1439.9661340993514,8.02547
1559.3539432293192,8.02547
1500.3060116738573,8.02547
1558.462295248674,8.02547
1523.7829540758337,8.02547
1547.9625319551574,8.02547
1456.769881419046,8.02547
1523.1730942030392,8.02547
1407.2626994304067,8.02547
1628.843362250339,8.02547
1436.5725283182687,8.02547
1612.884748754939,8.02547
1476.6393039017134,8.02547
1520.1999010757322,8.02547
1450.50354491093,8.02547
1398.4004568831972,8.02547
1325.5239612394698,8.02547
1394.467584140754,8.02547
1467.6091146784079,8.02547
1521.1879178828883,8.02547
1601.0379313283263,8.02547
1455.4242540203152,8.02547
1411.8039235732826,8.02547
1355.7285213997288,8.02547
1548.0063617904104,8.02547
1638.3194515329344,8.02547
1626.633026795629,8.02547
1570.9932748147237,8.02547
1563.85433172676,8.02547
1669.762377970934,8.02547
1533.208146141681,8.02547
1564.6129676024173,8.02547
1467.9216138148001,8.02547
1363.7956629145242,8.02547
1431.6151099500423,8.02547
1499.0840961465344,8.02547
1506.0785372501302,8.02547
1692.6285854855394,8.02547
1508.1277167591068,8.02547
1617.8843444025645,8.02547
1456.4922758423684,8.02547
1468.8324114234765,8.02547
1367.099236277655,8.02547
1425.7671987123429,8.02547
1552.6981391363754,8.02547
1500.7560180394132,8.02547
1594.2938619897234,8.02547
1518.125394834505,8.02547
1464.7546268362257,8.02547
1714.829686378696,8.02547
1490.6096431286953,8.02547
1616.3000969705304,8.02547
1459.8790793455323,8.02547
1570.9599479383567,8.02547
1592.8015659151688,8.02547
1520.849197057558,8.02547
1264.5517077303398,8.02547
1501.8252460856113,8.02547
1623.0460047759975,8.02547
1552.748083302773,8.02547
1544.5838875229247,8.02547
1327.774306604248,8.02547
1427.954492932494,8.02547
1541.1357631151438,8.02547
1541.0383276786893,8.02547
1621.4666780132902,8.02547
1485.5133244853905,8.02547
1540.5824086673815,8.02547
1501.6374241931294,8.02547
1401.3057263498442,8.02547
1274.4208668905253,8.02547
1543.1009692130076,8.02547
1517.3947208412812,8.02547
1438.182495789983,8.02547
1338.0826943484135,8.02547
1562.9739514408739,8.02547
1473.407992580445,8.02547
1555.6874722368145,8.02547
1686.4048530411758,8.02547
1285.8569119680296,8.02547
1430.0399191297636,8.02547
1479.0624386688087,8.02547
1645.4826174146651,8.02547
1336.3596980793516,8.02547
1693.5861025680604,8.02547
1513.585590156629,8.02547
1490.3999338266142,8.02547
1480.1940236781093,8.02547
1456.373696781997,8.02547
1604.8116759269155,8.02547
1393.147924591756,8.02547
1534.5414181643853,8.02547
1461.5818334293024,8.02547
1423.7866551485902,8.02547
1758.5975175683895,8.02547
1541.905073475346,8.02547
1561.3265544661144,8.02547
1613.7776780668662,8.02547
1357.8650054681452,8.02547
1675.2291909122032,8.02547
1249.1042821504925,8.02547
1423.123358996148,8.02547
1454.09683268211,8.02547
1558.1723364970505,8.02547
1521.8718266141489,8.02547
1483.3185259301606,8.02547
1498.8002655372277,8.02547
1402.197697647743,8.02547
1350.2767605515826,8.02547
1572.651162233606,8.02547
1569.3706112536186,8.02547
1658.4494375157058,8.02547
1420.9982903184791,8.02547
1569.2815210300923,8.02547
1471.6293271635268,8.02547
1619.0474985193482,8.02547
1602.1962776678142,8.02547
1521.1209399224456,8.02547
1466.0469843334013,8.02547
1596.0932178608261,8.02547
1564.6904523256567,8.02547
1431.5559597913818,8.02547
1367.220132652057,8.02547
1471.1467099318204,8.02547
1651.5413815348209,8.02547
1614.648715873304,8.02547
1388.7672530329419,8.02547
1383.224258410008,8.02547
1627.4683849679486,8.02547
1386.4364095242172,8.02547
1550.929532364201,8.02547
1438.3928784663676,8.02547
1661.7044924521683,8.02547
1422.957520086212,8.02547
1614.3361530205827,8.02547
1518.4858654060365,8.02547
1525.2194854234288,8.02547
1302.96914186486,8.02547
1279.7086646794282,8.02547
1477.9434059732687,8.02547
1524.6906063416611,8.02547
1387.4802172262278,8.02547
1391.1306589523658,8.02547
1556.1472629826133,8.02547
1556.285448045713,8.02547
1486.2258939612072,8.02547
1578.0201721186074,8.02547
1382.5797704279853,8.02547
1464.406508291303,8.02547
1664.7877605783674,8.02547
1506.8322129939818,8.02547
1512.6312514587,8.02547
1730.594658596774,8.02547
1360.065783415123,8.02547
1579.643036664211,8.02547
1666.39862798081,8.02547
1467.5142073501454,8.02547
1585.9630786854846,8.02547
1401.7980502789096,8.02547
1431.326760443265,8.02547
1538.4966416047635,8.02547
1579.856667311059,8.02547
1612.0936512406247,8.02547
1656.9628586939493,8.02547
1493.2553441444818,8.02547
1619.3611755172587,8.02547
1465.7695156550851,8.02547
1590.2091311588267,8.02547
1520.7488797852182,8.02547
1544.5677907081924,8.02547
1542.3507874022037,8.02547
1339.5294990202187,8.02547
1387.5878141139226,8.02547
1510.2541439817523,8.02547
1331.2720920358831,8.02547
1583.1211103199755,8.02547
1587.1555966288142,8.02547
1532.717055287779,8.02547
1387.8865987242077,8.02547
1638.0138938868515,8.02547
1703.7210639718357,8.02547
1514.7076827445974,8.02547
1551.0535378451236,8.02547
1520.1738654796045,8.02547
1553.03691889988,8.02547
1488.0441243373605,8.02547
1496.5435760156197,8.02547
1590.5717600497364,8.02547
1734.562416189644,8.02547
1359.992876559826,8.02547
1489.6187515597032,8.02547
1381.9539514767919,8.02547
1659.2024898576083,8.02547
1441.2262030680101,8.02547
1355.6799206214205,8.02547
1563.8186998848573,8.02547
1674.4311114743111,8.02547
1566.3597868560762,8.02547
1520.4797877281917,8.02547
1540.9140922775994,8.02547
1641.4840662825554,8.02547
1412.580072998585,8.02547
1488.8152895913688,8.02547
1454.7309851490468,8.02547
1383.213469270829,8.02547
1467.1624740583197,8.02547
1610.772109598245,8.02547
1556.6602148392726,8.02547
1564.43105001082,8.02547
1514.6475611653318,8.02547
1552.332378272859,8.02547
1419.9409657651895,8.02547
1469.049011407277,8.02547
1519.2004236968676,8.02547
1527.751585888189,8.02547
1532.0187854921874,8.02547
1486.1664717983622,8.02547
1462.257659886967,8.02547
1815.7771283044299,8.02547
1590.67872729324,8.02547
1541.3147475952621,8.02547
1476.6791501793607,8.02547
1454.8781173056122,8.02547
1486.9199406273044,8.02547
1529.2828843586683,8.02547
1311.9564455936918,8.02547
1343.0610404625315,8.02547
1436.3117611061043,8.02547
1520.7139436778568,8.02547
1476.072685284815,8.02547
1647.8121226099483,8.02547
1351.7603213004231,8.02547
1424.865453039663,8.02547
1652.0091740991102,8.02547
1513.1119324675146,8.02547
1588.484258280116,8.02547
1705.1246943269464,8.02547
1430.6195582098178,8.02547
1490.0685662207968,8.02547
1472.757309906913,8.02547
1304.5406995516723,8.02547
1468.9603196244032,8.02547
1588.1062187380664,8.02547
1554.0589541812242,8.02547
1561.908316938801,8.02547
1462.44910193605,8.02547
1434.3902763994358,8.02547
1626.925567189862,8.02547
1450.268285364233,8.02547
1529.4082038793215,8.02547
1516.3334680677538,8.02547
1646.1717016257119,8.02547
1597.141235767236,8.02547
1370.474137933288,8.02547
1381.244683322496,8.02547
1557.8909818069135,8.02547
1493.5662352620834,8.02547
1454.4828216046235,8.02547
1601.562788399447,8.02547
1518.7459382088912,8.02547
1505.2457386889444,8.02547
1577.982864075505,8.02547
1462.4891005056436,8.02547
1656.8518985472554,8.02547
1421.1952376766992,8.02547
1565.6929066342088,8.02547
1643.3832838659846,8.02547
1362.27045107279,8.02547
1465.6664824147551,8.02547
1614.2207392885557,8.02547
1615.7244547731025,8.02547
1482.850439961176,8.02547
1426.532890632314,8.02547
1595.5935822330762,8.02547
1618.3549102581605,8.02547
1383.5336651487605,8.02547
1379.608635103362,8.02547
1522.5256681983599,8.02547
1562.9360633428892,8.02547
1470.0930914769945,8.02547
1567.929381998235,8.02547
1428.9863393162618,8.02547
1288.5306400926265,8.02547
1457.6098927667404,8.02547
1506.32321465131,8.02547
1472.4160040103543,8.02547
1384.1396736340514,8.02547
1318.4351024121183,8.02547
1448.5911195632102,8.02547
1589.7655771649743,8.02547
1625.6197439413681,8.02547
1618.7713384138456,8.02547
1418.4090464851447,8.02547
1384.6293676369637,8.02547
1549.6634614979896,8.02547
1563.5100011597926,8.02547
1540.0169605200497,8.02547
1298.5936725762238,8.02547
1413.3115415116533,8.02547
1497.031120971402,8.02547
1548.7218194630427,8.02547
1576.7307362602487,8.02547
1514.425352228204,8.02547
1533.0783806538236,8.02547
1508.4865458361105,8.02547
1568.5619374218484,8.02547
1531.286565149091,8.02547
1506.5737660047287,8.02547
1473.1631200862619,8.02547
1508.1291425042482,8.02547
1548.4591378839275,8.02547
1526.747538889806,8.02547
1538.0826418345255,8.02547
1634.2721861351185,8.02547
1526.5163922746588,8.02547
1435.1001479526842,8.02547
1588.3606785994168,8.02547
1363.3801662331082,8.02547
1391.8586619260714,8.02547
1533.5847264720069,8.02547
1551.6396667786578,8.02547
1375.4948776496005,8.02547
1461.718251901325,8.02547
1439.3916167780342,8.02547
1451.3323677118403,8.02547
1594.3597776272945,8.02547
1570.6505463547253,8.02547
1498.0877820146293,8.02547
1445.4038072885073,8.02547
1365.035032977986,8.02547
1642.018493878195,8.02547
1559.211390028492,8.02547
1429.333089592686,8.02547
1571.959949762489,8.02547
1492.9776379425375,8.02547
1471.2890495137658,8.02547
1543.5211528289603,8.02547
1425.8501750087275,8.02547
1465.624348048989,8.02547
1512.1461064199545,8.02547
1450.0548807114787,8.02547
1566.9085210267524,8.02547
1686.9066503678262,8.02547
1424.5701867392856,8.02547
1333.4874703695955,8.02547
1299.8259832523738,8.02547
1484.9531858505018,8.02547
1433.6835409873818,8.02547
1520.786050106708,8.02547
1513.2597672026102,8.02547
1339.6783153385904,8.02547
1318.5116170518595,8.02547
1529.5933240346096,8.02547
1513.5428834719958,8.02547
1457.4182001633449,8.02547
1334.2856414867695,8.02547
1547.1391262764992,8.02547
1627.1899545423944,8.02547
1527.7982440218923,8.02547
1415.2526109434934,8.02547
1504.4552165571151,8.02547
1363.3885919066315,8.02547
1605.7960713838793,8.02547
1508.184433452954,8.02547
1323.184308824677,8.02547
1469.9325639556318,8.02547
1546.330151023423,8.02547
1466.6952379024478,8.02547
1472.4104278559826,8.02547
1377.5597792952728,8.02547
1556.6540987081655,8.02547
1435.1530799980862,8.02547
1284.3554622994968,8.02547
1462.8742629329606,8.02547
1598.1149715570352,8.02547
1461.3070553400053,8.02547
1673.7984985123521,8.02547
1542.8967948548518,8.02547
1533.8758162280367,8.02547
1487.1601734082392,8.02547
1493.171379223571,8.02547
1473.6576364880495,8.02547
1469.7730607917474,8.02547
1553.086716206715,8.02547
1406.4168770209435,8.02547
1392.410617127574,8.02547
1387.6804949124623,8.02547
1704.5654547677154,8.02547
1553.034290167058,8.02547
1530.4492201680146,8.02547
1394.248532970657,8.02547
1562.3342300674828,8.02547
1488.342865354667,8.02547
1521.416894113175,8.02547
1402.3379684136444,8.02547
1516.0268857417577,8.02547
1457.6166461793516,8.02547
1423.4388842969813,8.02547
1573.4106335807248,8.02547
1346.2292191469996,8.02547
1556.477626431415,8.02547
1568.4486133552996,8.02547
1412.035632444876,8.02547
1417.9671538867533,8.02547
1477.6974318733598,8.02547
1528.203621046222,8.02547
1484.7145008185776,8.02547
1543.356246019188,8.02547
1676.29796525374,8.02547
1449.2283230850287,8.02547
1328.482002929658,8.02547
1582.5923583030653,8.02547
1668.331457592753,8.02547
1539.2768363051125,8.02547
1391.2251324646331,8.02547
1487.61076367648,8.02547
1388.1476515788368,8.02547
1564.2855493962948,8.02547
1364.8709597301565,8.02547
1469.98712131718,8.02547
1399.5662173706094,8.02547
1512.6824685134961,8.02547
1463.3658322862243,8.02547
1517.6762103250264,8.02547
1502.2350554966365,8.02547
1401.334097227589,8.02547
1562.6877063529023,8.02547
1495.1234348156884,8.02547
1401.14709921341,8.02547
1724.0926556205793,8.02547
1547.6430166717125,8.02547
1484.6739446600695,8.02547
1641.5204526701823,8.02547
1684.1815609386608,8.02547
1485.4650577686116,8.02547
1534.739748643476,8.02547
1401.199718199706,8.02547
1485.280724923199,8.02547
1480.093744624013,8.02547
1518.4827033621655,8.02547
1533.276047863701,8.02547
1555.982844882806,8.02547
1523.7642656299959,8.02547
1378.9257373370835,8.02547
1406.1532894258914,8.02547
1445.3592380536327,8.02547
1471.7759408076772,8.02547
1605.0774290472114,8.02547
1383.7061013147088,8.02547
1464.25849518293,8.02547
1595.300949821405,8.02547
1470.0122525503389,8.02547
1546.0415649842823,8.02547
1486.0457957072097,8.02547
1525.6783257324723,8.02547
1477.1527456190458,8.02547
1566.7065472728355,8.02547
1345.4943592593565,8.02547
1463.6687991611454,8.02547
1529.657267669431,8.02547
1553.3695248006193,8.02547
1649.2952622753828,8.02547
1460.8975333134424,8.02547
1647.9481761860873,8.02547
1434.097617334033,8.02547
1632.8646411544644,8.02547
1581.7467126698373,8.02547
1408.6541420367778,8.02547
1530.7039237251822,8.02547
1494.876416446781,8.02547
1562.5584593675,8.02547
1477.672841156669,8.02547
1469.2753774338269,8.02547
1636.909458276285,8.02547
1490.1279105544327,8.02547
1582.6422324191767,8.02547
1477.46485149558,8.02547
1666.6663259227523,8.02547
1432.1665370664507,8.02547
1438.5856468752816,8.02547
1652.4517181115903,8.02547
1455.5053609104748,8.02547
1660.1074306164392,8.02547
1589.1840579594814,8.02547
1484.5350293439167,8.02547
1318.6706527982842,8.02547
1498.0681695728165,8.02547
1510.1630053533424,8.02547
1616.7217733304374,8.02547
1658.844717624011,8.02547
1431.5012820856252,8.02547
1580.1181763988184,8.02547
1576.540215601335,8.02547
1607.3412702410444,8.02547
1549.8689912135544,8.02547
1305.750230903823,8.02547
1484.457756747224,8.02547
1384.4292425083086,8.02547
1479.7394227081927,8.02547
1598.0004236133893,8.02547
1530.5150835874972,8.02547
1614.8090866397433,8.02547
1534.1753920713538,8.02547
1370.1674060331097,8.02547
1247.9152993427265,8.02547
1514.880876167959,8.02547
1478.6073533648835,8.02547
1402.3054260618119,8.02547
1329.9372750348623,8.02547
1426.525678652729,8.02547
1480.5508515135225,8.02547
1566.587782370639,8.02547
1518.863108156798,8.02547
1660.8067247172728,8.02547
1396.4395943954605,8.02547
1588.1058892057433,8.02547
1504.7298743128729,8.02547
1569.4669124118584,8.02547
1456.3485136734457,8.02547
1607.168037389059,8.02547
1529.5224758345244,8.02547
1432.055501508225,8.02547
1498.7975971086812,8.02547
1476.04441410629,8.02547
1548.9178350637794,8.02547
1382.022325062549,8.02547
1497.0648297884306,8.02547
1539.5307252649332,8.02547
1503.3023307193034,8.02547
1634.6941244388995,8.02547
1577.4022774071052,8.02547
1499.2519203259253,8.02547
1521.6689097497674,8.02547
1529.5665551482,8.02547
1540.3299604166823,8.02547
1317.4342004335392,8.02547
1469.8473704230653,8.02547
1351.5560931806574,8.02547
1627.8280947459486,8.02547
1493.9150479997072,8.02547
1480.6659050320377,8.02547
1589.6797332033236,8.02547
1542.2324797449874,8.02547
1387.1365485620793,8.02547
1492.909463747263,8.02547
1466.4833026773615,8.02547
1325.5467111393946,8.02547
1430.9723766762795,8.02547
1481.6459677983535,8.02547
1488.5049068508158,8.02547
1351.7768576322692,8.02547
1615.1665583047475,8.02547
1489.789694110856,8.02547
1503.7553076660563,8.02547
1540.0641638339837,8.02547
1421.192374609633,8.02547
1545.6355973132697,8.02547
1463.2925353981816,8.02547
1410.341445935281,8.02547
1557.34474933554,8.02547
1649.1673858801807,8.02547
1572.4829373485832,8.02547
1592.2977565140432,8.02547
1447.93693934377,8.02547
1340.2380270831543,8.02547
1649.0137522099842,8.02547
1705.4514889404759,8.02547
1654.2806773769682,8.02547
1466.421406102025,8.02547
1384.5365661271155,8.02547
1393.4317302180434,8.02547
1331.626743238595,8.02547
1489.2621381589954,8.02547
1660.5677958082454,8.02547
1485.8337368127757,8.02547
1530.2322900348274,8.02547
1637.559696430421,8.02547
1459.59046881676,8.02547
1703.5531456719596,8.02547
1699.2094407497452,8.02547
1486.8888661319518,8.02547
1442.2465735980786,8.02547
1569.7238046390312,8.02547
1465.2475057481142,8.02547
1384.3444782932663,8.02547
1628.123865352298,8.02547
1621.644738727708,8.02547
1515.5511603763562,8.02547
1373.7135246271823,8.02547
1377.0473748782615,8.02547
1510.7229288419153,8.02547
1450.0128965494969,8.02547
1465.8907067858393,8.02547
1602.1963155060002,8.02547
1573.3179317422557,8.02547
1637.8142680497613,8.02547
1400.9376776622742,8.02547
1465.6808431313289,8.02547
1575.8981695460113,8.02547
1544.8078341012892,8.02547
1653.2380382587621,8.02547
1542.053670590407,8.02547
1684.8109104105552,8.02547
1554.001780172314,8.02547
1606.216744758866,8.02547
1467.6485053215542,8.02547
1501.4287211883989,8.02547
1591.0944403839476,8.02547
1661.2978170593055,8.02547
1572.9236949310753,8.02547
1491.682822806538,8.02547
1637.7335029528342,8.02547
1280.802134372012,8.02547
1357.7765498493127,8.02547
1568.1634223668389,8.02547
1501.4108356253125,8.02547
1560.5513651124165,8.02547
1506.4407522431943,8.02547
1557.0945694603872,8.02547
1418.5597179006809,8.02547
1557.048608607969,8.02547
1599.4414528207585,8.02547
1622.0550603931233,8.02547
1701.35542946487,8.02547
1524.4098443502387,8.02547
1527.391108684718,8.02547
1347.6827535826153,8.02547
1446.8588598861575,8.02547
1480.6917925993387,8.02547
1605.0319552276355,8.02547
1438.899887591037,8.02547
1579.6340019748832,8.02547
1499.837828303662,8.02547
1482.2831884885238,8.02547
1524.8893969133258,8.02547
1460.8843627747158,8.02547
1457.0962751907334,8.02547
1329.5214094209887,8.02547
1475.204579267211,8.02547
1452.0031853851274,8.02547
1448.401901065092,8.02547
1541.6873062590041,8.02547
1565.863195279051,8.02547
1523.2194504642328,8.02547
1599.5415190449476,8.02547
1557.5561925830366,8.02547
1470.4943810194359,8.02547
1453.7143714285621,8.02547
1531.2822236766847,8.02547
1557.37671099019,8.02547
1639.7844307031498,8.02547
1619.1173044940097,8.02547
1445.852699349283,8.02547
1489.7993719872738,8.02547
1567.101780491777,8.02547
1606.7997778058973,8.02547
1593.8969468704793,8.02547
1493.6122167168653,8.02547
1374.5977347571484,8.02547
1400.1063623754408,8.02547
1527.2633514319414,8.02547
1534.2225579424346,8.02547
1390.1320626565614,8.02547
1504.456961088927,8.02547
1563.1224356971784,8.02547
1384.8773342492855,8.02547
1610.4997201804415,8.02547
1462.2468851440176,8.02547
1625.761311257665,8.02547
1446.65475542241,8.02547
1397.3374517115822,8.02547
1454.1863010158281,8.02547
1490.485187692268,8.02547
1461.1520093228519,8.02547
1478.3998578426886,8.02547
1533.396514967619,8.02547
1482.88206302036,8.02547
1493.3887606047992,8.02547
1329.0773600797404,8.02547
1539.1698016010473,8.02547
1491.0796702308332,8.02547
1661.029298048287,8.02547
1406.0434832746041,8.02547
1319.1704671500486,8.02547
1561.806849393004,8.02547
1534.6527018313,8.02547
1399.1566979468855,8.02547
1347.0251044995907,8.02547
1653.739673068429,8.02547
1641.4110390606781,8.02547
1251.254324129387,8.02547
1454.17769707435,8.02547
1666.4192054783898,8.02547
1452.3937442222134,8.02547
1450.9387765973347,8.02547
1471.724067237063,8.02547
1387.9103026231842,8.02547
1329.5224255771955,8.02547
1605.2547310734749,8.02547
1315.7063093752324,8.02547
1524.7271452108755,8.02547
1588.657949275765,8.02547
1354.8773701098842,8.02547
1407.5731597404929,8.02547
1621.317918839159,8.02547
1553.289172022704,8.02547
1438.2714293121112,8.02547
1620.2249003361171,8.02547
1620.6535723454303,8.02547
1526.9052693015708,8.02547
1409.9839772126338,8.02547
1458.6551296528205,8.02547
1528.638674395539,8.02547
1481.140517085251,8.02547
1593.895717823485,8.02547
1347.0225919890663,8.02547
1350.5736470933762,8.02547
1518.0871111482431,8.02547
1450.8455586193095,8.02547
1437.2951385302258,8.02547
1323.1943280825603,8.02547
1501.954584479818,8.02547
1494.7244891999235,8.02547
1565.3478981951741,8.02547
1506.8906133120972,8.02547
1486.7395921759503,8.02547
1617.7000636790337,8.02547
1368.753269655145,8.02547
1553.6389218847576,8.02547
1332.8852835204652,8.02547
1416.1638119999193,8.02547
1378.7342867376685,8.02547
1578.1942535451917,8.02547
1493.4589766404606,8.02547
1498.6496755407022,8.02547
1389.3267012270549,8.02547
1470.0306504067112,8.02547
1423.6534696690887,8.02547
1538.3455014854217,8.02547
1400.8908864668385,8.02547
1632.9794365205075,8.02547
1332.4419550375906,8.02547
1419.348016754344,8.02547
1667.7200509966096,8.02547
1456.4861252037965,8.02547
1368.5121335595588,8.02547
1521.907156253767,8.02547
1452.4607757785457,8.02547
1416.4129744381694,8.02547
1390.4129189201283,8.02547
1776.8373605625943,8.02547
1474.8448099815864,8.02547
1307.4432639667123,8.02547
1649.3709759005535,8.02547
1561.107090511057,8.02547
1423.3533568980213,8.02547
1406.6880911313858,8.02547
1567.347279615823,8.02547
1475.3081672510546,8.02547
1307.40221815549,8.02547
1678.7239964604669,8.02547
1456.6009537784043,8.02547
1649.5571736482427,8.02547
1627.8434957965715,8.02547
1399.8990455517187,8.02547
1603.3189864363148,8.02547
1434.8557450136318,8.02547
1313.3299413196057,8.02547
1457.5401833977858,8.02547
1539.7637501776278,8.02547
1453.7263352003663,8.02547
1469.29516590749,8.02547
1614.3566044928614,8.02547
1510.6493980290093,8.02547
1415.6701688715048,8.02547
1570.2030323667327,8.02547
1519.7675566954244,8.02547
1247.8395198537958,8.02547
1542.8352913771448,8.02547
1539.1828707716102,8.02547
1502.012112958086,8.02547
1589.1700581069574,8.02547
1432.7606415673497,8.02547
1533.6499788820902,8.02547
1343.3040628832648,8.02547
1540.7090383398831,8.02547
1695.3059695539896,8.02547
1400.514364753246,8.02547
1424.0197868012224,8.02547
1428.9984557108448,8.02547
1512.9998225801596,8.02547
1393.696372714628,8.02547
1542.124737869098,8.02547
1584.6839945469164,8.02547
1553.4347213453784,8.02547
1323.1584574361927,8.02547
1599.5167665158606,8.02547
1593.7367414253679,8.02547
1583.0161372346304,8.02547
1537.2842248655825,8.02547
1522.0189314205134,8.02547
1603.2389398126397,8.02547
1692.3513487603454,8.02547
1404.695953663515,8.02547
1607.8125395794773,8.02547
1491.3782901992547,8.02547
1487.03269479714,8.02547
1346.3469309617963,8.02547
1471.5210590484605,8.02547
1400.2735042031584,8.02547
1453.6145570494054,8.02547
1390.181361622185,8.02547
1455.1091612686994,8.02547
1459.3889642976596,8.02547
1509.67549184388,8.02547
1338.525013770867,8.02547
1355.4481852254676,8.02547
1536.1914270730526,8.02547
1420.2561882929901,8.02547
1607.452979022993,8.02547
1522.5269722015046,8.02547
1560.6762150206407,8.02547
1641.0692320420894,8.02547
1469.0289188193428,8.02547
1442.5513294583725,8.02547
1587.1702585598814,8.02547
1550.9513563929686,8.02547
1481.26696901787,8.02547
1639.1457966955943,8.02547
1478.775569016007,8.02547
1503.277363755578,8.02547
1502.1222650834259,8.02547
1406.5406105101529,8.02547
1507.7585389486392,8.02547
1639.6760177398492,8.02547
1544.4968315376175,8.02547
1503.1063426398932,8.02547
1483.823271883433,8.02547
1533.086702840635,8.02547
1574.9766628489185,8.02547
1560.9238830889753,8.02547
1466.813513817802,8.02547
1532.4781594110113,8.02547
1547.9939741148278,8.02547
1399.2805012473023,8.02547
1516.8230541183693,8.02547
1283.8696113697638,8.02547
1548.2533709821184,8.02547
1566.0343054562682,8.02547
1574.754612578646,8.02547
1460.4953147830433,8.02547
1530.9046835024035,8.02547
1642.3953845541166,8.02547
1641.3769648291259,8.02547
1497.082730077344,8.02547
1513.931963072956,8.02547
1611.0911144734432,8.02547
1349.9197984737825,8.02547
1467.6924257322976,8.02547
1633.5570455536756,8.02547
1597.5200541684767,8.02547
1536.9263777649905,8.02547
1349.416759466938,8.02547
1495.0089766958838,8.02547
1441.0084603750067,8.02547
1533.1038902817213,8.02547
1419.065331520512,8.02547
1397.4276605025393,8.02547
1293.513472231636,8.02547
1622.18046849767,8.02547
1460.0229488556943,8.02547
1515.7145783702535,8.02547
1499.7761883525818,8.02547
1393.2566067039502,8.02547
1374.0935088551807,8.02547
1399.4684874002764,8.02547
1427.6831561170607,8.02547
1536.6606247013806,8.02547
1420.428233647939,8.02547
1674.6490631594622,8.02547
1602.715103589315,8.02547
1580.8359549665709,8.02547
1488.034109752685,8.02547
1651.4280735720483,8.02547
1478.1994368878875,8.02547
1496.8738585845754,8.02547
1516.9974539749269,8.02547
1570.1823040543345,8.02547
1563.6908079002985,8.02547
1452.4874721555398,8.02547
1446.7006280574046,8.02547
1563.9902957152085,8.02547
1571.5236583891233,8.02547
1460.6648875177127,8.02547
1341.2811930321545,8.02547
1479.2683903991756,8.02547
1562.3525798825858,8.02547
1680.541684641978,8.02547
1380.2042037659337,8.02547
1457.3428747169426,8.02547
1461.0596438474624,8.02547
1635.5805339431502,8.02547
1496.5058499541367,8.02547
1409.2673440627734,8.02547
1555.869528292182,8.02547
1459.5361479959054,8.02547
1377.5612726642046,8.02547
1410.722669272385,8.02547
1673.4041954422619,8.02547
1538.4209221649462,8.02547
1510.7760055452543,8.02547
1475.0106264187955,8.02547
1529.21488421188,8.02547
1528.0235946002495,8.02547
1529.2168828207325,8.02547
1511.4845090277754,8.02547
1586.8798338305548,8.02547
1502.310434600073,8.02547
1402.2061164447362,8.02547
1438.7577109099132,8.02547
1302.098130651029,8.02547
1702.6817116042394,8.02547
1586.2754591952687,8.02547
1416.9929504870763,8.02547
1471.81551506029,8.02547
1436.3123525793567,8.02547
1654.2547211374117,8.02547
1358.012283572907,8.02547
1511.447605881878,8.02547
1489.1472157435153,8.02547
1582.6838630709115,8.02547
1489.5990772275304,8.02547
1324.1791123344565,8.02547
1474.8882165357559,8.02547
1402.7837782056674,8.02547
1507.957954655656,8.02547
1643.4177036520327,8.02547
1326.0574755767723,8.02547
1419.9777264600095,8.02547
1444.7307046216504,8.02547
1461.836890458679,8.02547
1574.0125664105244,8.02547
1482.6455582438612,8.02547
1541.5802725720446,8.02547
1437.4226956268224,8.02547
1522.9924345417937,8.02547
1577.7797630877715,8.02547
1426.7700450262912,8.02547
1578.1358119806514,8.02547
1505.2372768727569,8.02547
1604.5460240482253,8.02547
1479.8580099923026,8.02547
1538.12446551621,8.02547
1495.939376832147,8.02547
1490.3787737959422,8.02547
1525.893042822569,8.02547
1553.6807469224905,8.02547
1375.0435088075994,8.02547
1643.3633608817877,8.02547
1314.03369594502,8.02547
1431.5187890261104,8.02547
1490.5730929235099,8.02547
1541.2355969085947,8.02547
1657.6172527741378,8.02547
1314.1708511774893,8.02547
1449.230587161029,8.02547
1287.3166512200735,8.02547
1503.1621973910248,8.02547
1527.168358450003,8.02547
1659.0795742171254,8.02547
1512.0634760893454,8.02547
1604.402512944238,8.02547
1558.383708153906,8.02547
1456.475180299483,8.02547
1359.103925320796,8.02547
1527.500229829181,8.02547
1350.7897982854636,8.02547
1629.5207072669643,8.02547
1483.7937897963177,8.02547
1619.5177411511418,8.02547
1451.97855658676,8.02547
1526.8850786400992,8.02547
1520.934885733469,8.02547
1495.4955881989076,8.02547
1456.7340486603407,8.02547
1539.245601847052,8.02547
1407.3836736516791,8.02547
1379.056467104094,8.02547
1624.2826893326828,8.02547
1572.7167988892102,8.02547
1506.589160860224,8.02547
1666.5142382543781,8.02547
1473.2234481275154,8.02547
1632.270321998898,8.02547
1517.5574084925822,8.02547
1397.5249249923609,8.02547
1684.804019177085,8.02547
1599.0710846624086,8.02547
1487.8978968990436,8.02547
1572.717125953395,8.02547
1459.6296566002093,8.02547
1582.9149035059543,8.02547
1260.892143471604,8.02547
1398.0198666305407,8.02547
1597.9259744286962,8.02547
1475.034446178108,8.02547
1520.7542294888742,8.02547
1365.3214337884565,8.02547
1684.7866995702102,8.02547
1619.0529643717678,8.02547
1479.931478162467,8.02547
1459.5304143136673,8.02547
1602.9604361419692,8.02547
1698.2470450168928,8.02547
1595.3760255811353,8.02547
1717.1802667396603,8.02547
1407.764867093808,8.02547
1418.061316950121,8.02547
1381.105888194665,8.02547
1544.176064964948,8.02547
1517.560354980437,8.02547
1484.8048876528014,8.02547
1580.9258628123298,8.02547
1623.2328605214664,8.02547
1347.4337590713158,8.02547
1440.3027972098885,8.02547
1582.014359412306,8.02547
1453.2261316141419,8.02547
1420.1793923641847,8.02547
1601.8537427650394,8.02547
1371.0499930276019,8.02547
1469.8420192208896,8.02547
1532.8644025804808,8.02547
1442.618008608988,8.02547
1578.3155656013175,8.02547
1443.112302480263,8.02547
1640.861949344592,8.02547
1487.4253702504227,8.02547
1567.1270136705352,8.02547
1574.6023952982816,8.02547
1437.2459997255928,8.02547
1294.6513451344113,8.02547
1536.0755754663835,8.02547
1507.228834712487,8.02547
1555.5826027575126,8.02547
1477.3472527617162,8.02547
1456.9572301199285,8.02547
1700.84730109817,8.02547
1352.7645938489222,8.02547
1573.3950478364238,8.02547
1442.5398141816609,8.02547
1466.4221382259577,8.02547
1468.2897167426033,8.02547
1419.6565725828743,8.02547
1557.122421023624,8.02547
1639.0643595949957,8.02547
1547.0013661246662,8.02547
1510.3381996212095,8.02547
1401.3559500900753,8.02547
1551.682526582445,8.02547
1715.63496317293,8.02547
1461.9305376204907,8.02547
1462.4016420648134,8.02547
1443.8910869019003,8.02547
1451.058576550558,8.02547
1225.4700446327615,8.02547
1540.5035385855713,8.02547
1415.4447823645387,8.02547
1338.97368812082,8.02547
1575.3189949732548,8.02547
1391.7982214958065,8.02547
1466.1330946116243,8.02547
1646.644239118858,8.02547
1359.0784201975487,8.02547
1346.7401765402237,8.02547
1526.9306189562337,8.02547
1614.9487364010367,8.02547
1342.5658282268037,8.02547
1540.7689736837176,8.02547
1558.0999539961692,8.02547
1294.0839516307678,8.02547
1579.850133790722,8.02547
1587.660587984218,8.02547
1468.8214426743975,8.02547
1625.2346362298008,8.02547
1613.6455574324846,8.02547
1510.3117925717204,8.02547
1454.8554609675066,8.02547
1402.7172107417043,8.02547
1496.2436490633809,8.02547
1556.975891970418,8.02547
1467.5823138959358,8.02547
1280.249899473797,8.02547
1626.871389457657,8.02547
1519.0223221844894,8.02547
1462.0375503323166,8.02547
1585.7158388423288,8.02547
1652.4638596482755,8.02547
1219.8088430512107,8.02547
1543.4263649922073,8.02547
1357.3350789189653,8.02547
1549.911050679894,8.02547
1512.7927202374578,8.02547
1563.572652644055,8.02547
1450.0752385505346,8.02547
1312.6759888180848,8.02547
1454.9631808743331,8.02547
1540.6847635139784,8.02547
1601.5392328675223,8.02547
1382.8168699527475,8.02547
1602.7060426873018,8.02547
1435.212771035348,8.02547
1536.2449881594528,8.02547
1449.0106047134368,8.02547
1518.21706277121,8.02547
1589.1877634570274,8.02547
1377.2985922711464,8.02547
1432.0094103253168,8.02547
1518.4962587342086,8.02547
1740.1583661030352,8.02547
1413.6810287833173,8.02547
1704.013388599692,8.02547
1700.4423303675171,8.02547
1490.2688849298409,8.02547
1470.1847473800099,8.02547
1430.793480133531,8.02547
1493.179746966733,8.02547
1359.3280567440443,8.02547
1492.3760982679403,8.02547
1649.6880273850857,8.02547
1438.8914937523282,8.02547
1475.927569601095,8.02547
1329.8859525732757,8.02547
1537.4062088131043,8.02547
1526.4481684951375,8.02547
1506.370235976577,8.02547
1478.3172949777857,8.02547
1470.7242081227546,8.02547
1550.1900233700671,8.02547
1497.1183398411376,8.02547
1531.4971871555333,8.02547
1521.4982817454547,8.02547
1612.3427287095762,8.02547
1567.6994097375054,8.02547
1519.286184315019,8.02547
1651.842203065218,8.02547
1542.0268529056561,8.02547
1630.496268879042,8.02547
1560.6942608386637,8.02547
1315.8080921068458,8.02547
1630.483476331933,8.02547
1513.517624134267,8.02547
1494.8045229099223,8.02547
1528.1348347489577,8.02547
1465.5016838042932,8.02547
1522.7028860388946,8.02547
1440.8123933656907,8.02547
1627.427225873437,8.02547
1488.641188637895,8.02547
1461.7416157277567,8.02547
1407.5074184280727,8.02547
1526.8775789148642,8.02547
1518.7107100125093,8.02547
1538.8424613677507,8.02547
1397.2748112494871,8.02547
1339.8818801188427,8.02547
1562.559130250656,8.02547
1648.4641861876507,8.02547
1397.3646377610103,8.02547
1658.9441283561698,8.02547
1528.391105873638,8.02547
1499.293709544917,8.02547
1460.2451303454222,8.02547
1361.5481980575003,8.02547
1598.77285159246,8.02547
1422.4393638562397,8.02547
1422.01933242624,8.02547
1599.1926309886956,8.02547
1311.7016553328274,8.02547
1347.6402189331834,8.02547
1498.1865756491918,8.02547
1529.3284429004852,8.02547
1548.4734647968924,8.02547
1469.8201506603748,8.02547
1753.036966864169,8.02547
1477.2107441234166,8.02547
1476.9213847897279,8.02547
1420.3013331186123,8.02547
1512.390681652107,8.02547
1561.4961232046774,8.02547
1620.357805453346,8.02547
1351.0715735559781,8.02547
1475.4004661644299,8.02547
1544.6703610809145,8.02547
1558.7057534594535,8.02547
1500.654865780454,8.02547
1554.2423969532101,8.02547
1419.1036107074199,8.02547
1655.7905432318357,8.02547
1599.262810297943,8.02547
1365.5072212934829,8.02547
1392.4896951883245,8.02547
1395.3078249893094,8.02547
1567.796997089653,8.02547
1371.5272233582532,8.02547
1466.897566579192,8.02547
1545.4704396416773,8.02547
1493.3834065453566,8.02547
1525.8887515712706,8.02547
1393.4197288651242,8.02547
1559.4854373397245,8.02547
1438.6788107524003,8.02547
1467.538032560206,8.02547
1523.7731727905987,8.02547
1510.3078221530848,8.02547
1502.3980019015594,8.02547
1424.9373178023245,8.02547
1470.045058880081,8.02547
1500.2183590837035,8.02547
1362.4914766832915,8.02547
1453.746703368662,8.02547
1538.7679879032846,8.02547
1372.2563396154658,8.02547
1615.658165159424,8.02547
1626.9613262599844,8.02547
1375.4849424039915,8.02547
1635.761963305014,8.02547
1485.6418411287866,8.02547
1541.8514559157054,8.02547
1450.3348947871752,8.02547
1592.304482722676,8.02547
1540.6094018848667,8.02547
1418.5846743402396,8.02547
1383.4798000034712,8.02547
1353.9697564790777,8.02547
1518.7941776432756,8.02547
1557.2471411779736,8.02547
1565.0965678779442,8.02547
1488.2018905392622,8.02547
1384.3003544335636,8.02547
1431.7925201976218,8.02547
1615.2348638961926,8.02547
1451.5371435399918,8.02547
1514.3417630681477,8.02547
1392.4349516425114,8.02547
1533.6583045459035,8.02547
1454.2315438320923,8.02547
1604.6712713775764,8.02547
1577.3557706206814,8.02547
1450.42940534251,8.02547
1487.3335972652337,8.02547
1444.8883759959372,8.02547
1358.056680345499,8.02547
1414.2557570452784,8.02547
1519.821732772082,8.02547
1532.5259498229582,8.02547
1514.854790359264,8.02547
1469.8266946041365,8.02547
1593.3066605720985,8.02547
1506.3541904560936,8.02547
1570.3253828095947,8.02547
1322.6224867797482,8.02547
1107.7599748381658,8.02547
1528.378802783808,8.02547
1357.523434627851,8.02547
1478.7548297286944,8.02547
1469.7902958975394,8.02547
1658.7400602415537,8.02547
1539.9996552943605,8.02547
1516.5859026798673,8.02547
1583.6991154633674,8.02547
1536.849758683904,8.02547
1454.2323007011566,8.02547
1607.147593025456,8.02547
1389.0249872111726,8.02547
1532.3247187533561,8.02547
1345.2430205863689,8.02547
1520.3943857515994,8.02547
1519.2989641772929,8.02547
1667.6454961914662,8.02547
1343.502610655822,8.02547
1439.9112824146187,8.02547
1582.2682426574145,8.02547
1533.5317256397307,8.02547
1518.0305051337502,8.02547
1404.3864297041462,8.02547
1440.918165190857,8.02547
1624.5041008223257,8.02547
1494.8490806246073,8.02547
1537.5359696144474,8.02547
1488.4811671223522,8.02547
1381.6914484750234,8.02547
1593.3810426074997,8.02547
1550.3232384532496,8.02547
1730.563683736719,8.02547
1398.4418620349454,8.02547
1582.257292120048,8.02547
1368.8456033962998,8.02547
1515.7346567673078,8.02547
1597.6506589063165,8.02547
1292.7864883903512,8.02547
1479.5067525758393,8.02547
1443.679026595738,8.02547
1429.8042701704878,8.02547
1538.5212652259354,8.02547
1612.0685706422596,8.02547
1486.6721284770845,8.02547
1520.548642756002,8.02547
1511.4308753059247,8.02547
1500.1803506356414,8.02547
1391.0657362287893,8.02547
1610.8444601722892,8.02547
1529.5195368158836,8.02547
1539.4881490002579,8.02547
1419.3490370974419,8.02547
1454.077960201076,8.02547
1482.3865802289222,8.02547
1346.5875306551147,8.02547
1331.1965674802323,8.02547
1439.9252069361432,8.02547
1552.252076644239,8.02547
1434.686261007006,8.02547
1398.1194802409286,8.02547
1418.531434676233,8.02547
1454.4657576854688,8.02547
1464.6141037179896,8.02547
1716.5521452206556,8.02547
1605.4620628487319,8.02547
1602.4774112281727,8.02547
1616.8580364273382,8.02547
1400.117913066595,8.02547
1377.7635385012761,8.02547
1389.3129708465942,8.02547
1633.4506133337838,8.02547
1445.2808211117508,8.02547
1374.8643817760712,8.02547
1456.9003799780187,8.02547
1476.1394468285373,8.02547
1526.8413273694562,8.02547
1525.0951020712043,8.02547
1417.181943612649,8.02547
1568.565639251371,8.02547
1436.0806466249842,8.02547
1484.3723663294957,8.02547
1568.6774070503354,8.02547
1435.817859605566,8.02547
1443.0648576418862,8.02547
1559.166804969313,8.02547
1414.226682339498,8.02547
1461.520797639593,8.02547
1555.5742178042892,8.02547
1705.4092441435976,8.02547
1560.5404504762746,8.02547
1547.2639762990011,8.02547
1553.080158367273,8.02547
1392.680972593295,8.02547
1511.5596738679908,8.02547
1497.0233511663598,8.02547
1532.1584540372755,8.02547
1511.6508052475872,8.02547
1537.9699677417113,8.02547
1468.85328051008,8.02547
1505.8608917371794,8.02547
1377.2171433943008,8.02547
1468.0092721997087,8.02547
1639.0833548176643,8.02547
1531.8808339628256,8.02547
1497.9078962616923,8.02547
1689.6123276254348,8.02547
1363.916502169892,8.02547
1389.054444455378,8.02547
1671.2711411276273,8.02547
1504.5960936048934,8.02547
1475.7416963710207,8.02547
1380.0795674904357,8.02547
1544.7696266395012,8.02547
1554.4459869527461,8.02547
1390.5505639165103,8.02547
1485.9724414449572,8.02547
1466.4484167966934,8.02547
1525.597714641877,8.02547
1388.0749757779356,8.02547
1625.1947454513156,8.02547
1591.5823781597605,8.02547
1463.6824441267183,8.02547
1478.358128836163,8.02547
1486.3577849722385,8.02547
1422.1691446993495,8.02547
1455.6570581764963,8.02547
1472.972963232539,8.02547
1661.2868370707129,8.02547
1594.6618308330437,8.02547
1593.4654707336624,8.02547
1536.992561300439,8.02547
1388.2672991068766,8.02547
1495.8508895422622,8.02547
1597.048845961338,8.02547
1374.1735370632712,8.02547
1563.6553206873264,8.02547
1732.2609225262765,8.02547
1606.1816645989732,8.02547
1641.4029135561987,8.02547
1521.833875044216,8.02547
1596.793194876499,8.02547
1428.2146785645964,8.02547
1579.5863812341227,8.02547
1565.4388134060764,8.02547
1528.9911174037663,8.02547
1631.6007419718499,8.02547
1446.1215162152612,8.02547
1481.2942483526338,8.02547
1509.5462041358296,8.02547
1397.03890289106,8.02547
1522.6931943800248,8.02547
1328.1069587046154,8.02547
1604.695453442821,8.02547
1504.6637366565965,8.02547
1447.9107096096236,8.02547
1416.5626387704879,8.02547
1476.5420970380812,8.02547
1568.8259710772413,8.02547
1554.7738978737561,8.02547
1429.446205272154,8.02547
1415.3960327372365,8.02547
1565.6898706319648,8.02547
1427.765259538497,8.02547
1505.9909774079504,8.02547
1512.3754642524277,8.02547
1531.2062131726739,8.02547
1585.8270430181872,8.02547
1373.7037063132677,8.02547
1308.8840674739513,8.02547
1443.255271877165,8.02547
1680.1528407832186,8.02547
1702.217410008738,8.02547
1683.1177135565888,8.02547
1480.701863223931,8.02547
1321.788491801517,8.02547
1265.696089834816,8.02547
1438.596183845059,8.02547
1480.192636985064,8.02547
1630.0625401055959,8.02547
1586.7805459542446,8.02547
1522.7405078991621,8.02547
1411.0155229058857,8.02547
1403.922044175511,8.02547
1525.4127687071436,8.02547
1569.7050978839727,8.02547
1539.1881262245583,8.02547
1396.5402040393346,8.02547
1565.0667628792087,8.02547
1542.591096710141,8.02547
1392.9333593809822,8.02547
1421.5679029699745,8.02547
1568.8495974561567,8.02547
1476.549246485411,8.02547
1658.9147301636458,8.02547
1550.1129276064576,8.02547
1451.336881181073,8.02547
1498.9794399609068,8.02547
1506.3383392637718,8.02547
1427.160968675829,8.02547
1408.7411801822373,8.02547
1570.1389893809499,8.02547
1584.5273297042095,8.02547
1560.378146955296,8.02547
1651.5318094323802,8.02547
1445.8226763988398,8.02547
1667.4270766071131,8.02547
1409.9078881445848,8.02547
1398.7314436631507,8.02547
1324.0041117850749,8.02547
1455.4204686173182,8.02547
1449.6277663170547,8.02547
1552.593728025465,8.02547
1524.389094162045,8.02547
1380.7026628980864,8.02547
1460.7273761574183,8.02547
1462.8537978912314,8.02547
1322.4017753038106,8.02547
1401.905327298663,8.02547
1422.9186369385911,8.02547
1643.3625019820947,8.02547
1519.1450715957353,8.02547
1566.2168753947499,8.02547
1350.1364502850788,8.02547
1619.421448301399,8.02547
1630.1102063024093,8.02547
1300.1655032855374,8.02547
1429.4683276084152,8.02547
1549.576557301551,8.02547
1564.4388453538181,8.02547
